device_changed,location_changed,time_since_registration,order_value,orders_last_30min,failed_mpin_count_24hr,login_count_today,label,category
False,False,800,1271.58,2,1,2,normal,
False,False,878,2499.39,2,1,4,normal,
False,False,4,65134.73,0,0,3,anomaly,new_account_large_order
False,False,384,6430.34,3,0,2,normal,
False,False,1221,7542.12,0,0,1,normal,
False,False,347,6089.95,4,0,5,normal,
False,False,578,9761.01,4,0,1,normal,
True,False,965,13895.07,11,1,1,anomaly,unusual_trading_velocity
False,False,1616,23339.63,2,0,2,normal,
False,True,243,13616.1,3,1,4,normal,
False,False,1068,11170.09,4,0,2,normal,
False,False,1546,13341.54,2,1,4,normal,
False,False,509,10101.41,1,0,1,normal,
False,False,500,9604.29,4,1,5,normal,
False,False,1270,34187.19,1,1,1,normal,
False,False,78,29530.56,1,1,1,normal,
False,False,794,35133.66,2,0,4,normal,
False,False,1958,20402.84,0,0,5,normal,
False,False,950,775.21,2,0,1,normal,
False,False,213,18776.64,4,1,1,normal,
False,False,748,26182.49,4,0,5,normal,
False,False,388,19995.97,2,0,1,normal,
True,False,1857,19971.4,1,1,3,normal,
False,False,1812,10498.95,1,1,4,normal,
False,False,1349,8700.84,0,0,4,normal,
False,False,328,29431.7,1,1,3,normal,
False,False,641,15687.32,4,1,4,normal,
False,False,1617,16731.96,1,1,5,normal,
False,False,1634,1589.59,4,1,1,normal,
False,False,453,25708.72,1,1,4,normal,
False,False,906,35151.74,2,1,4,normal,
False,False,90,39185.41,2,1,1,normal,
False,False,622,17345.53,1,0,5,normal,
False,False,259,2380.41,2,1,3,normal,
False,False,1886,36626.21,0,0,3,normal,
False,True,747,18283.15,0,1,2,anomaly,impossible_location_change
False,True,88,7564.0,4,0,1,normal,
False,False,1464,13425.54,2,0,2,normal,
False,False,1791,31346.71,4,1,2,normal,
False,False,395,22982.98,3,1,3,normal,
False,False,529,36636.89,1,0,4,normal,
False,False,51,14748.3,2,0,2,normal,
False,False,1,98506.82,2,0,1,anomaly,new_account_large_order
False,False,901,14506.66,2,1,4,normal,
False,False,210,29366.91,1,0,3,normal,
False,False,984,8797.29,3,0,4,normal,
False,False,1481,37254.81,2,1,4,normal,
False,False,450,16216.91,0,1,1,normal,
False,False,876,8816.03,2,1,4,normal,
False,False,1785,11650.34,1,0,4,normal,
False,False,1014,30665.18,1,1,1,normal,
False,False,1002,8962.35,1,1,2,normal,
False,False,189,25167.46,1,0,2,normal,
False,False,1471,3574.15,1,0,4,normal,
False,False,1428,21282.24,1,0,2,normal,
False,False,284,33001.5,2,1,5,normal,
False,False,1542,30996.54,0,0,1,normal,
False,False,952,17641.84,0,0,1,normal,
False,False,1954,36883.56,2,1,3,normal,
False,False,558,8566.0,0,1,2,normal,
True,False,606,31411.28,3,1,4,normal,
False,False,1438,8177.92,1,1,5,normal,
True,False,779,6734.32,2,1,3,normal,
False,False,1139,1632.86,1,1,1,normal,
False,False,953,30262.69,2,0,4,normal,
False,False,762,17215.97,2,0,3,normal,
False,False,1473,37825.94,1,0,3,normal,
False,False,296,5584.64,1,1,1,normal,
False,False,1124,17071.03,3,1,1,normal,
False,False,1915,24537.02,0,0,1,normal,
False,False,1576,31128.73,1,0,2,normal,
True,False,198,13913.67,1,1,2,normal,
False,False,1199,25377.13,3,0,4,normal,
False,False,1407,10176.56,2,0,3,normal,
False,False,1006,7239.78,0,0,3,normal,
False,False,1411,12849.83,4,0,1,normal,
True,False,811,14546.91,4,1,3,normal,
False,False,625,14008.47,19,1,2,anomaly,unusual_trading_velocity
False,False,1747,24601.05,2,1,5,normal,
False,False,1570,6832.34,3,0,4,normal,
False,False,392,24735.81,1,1,5,normal,
False,False,655,890.11,4,0,5,normal,
False,False,95,25014.24,0,0,5,normal,
False,False,1578,11444.59,3,0,4,normal,
False,False,478,23660.09,1,0,2,normal,
False,False,1050,33652.56,0,0,4,normal,
False,False,168,34987.79,4,1,5,normal,
False,False,1279,30527.27,2,1,1,normal,
False,False,1951,33736.67,2,0,2,normal,
False,False,1354,29341.07,3,0,5,normal,
False,False,50,22016.88,2,0,5,normal,
False,False,263,20004.71,3,0,4,normal,
False,False,1687,21854.04,2,1,3,normal,
False,False,1394,21230.08,0,1,1,normal,
False,False,1209,39513.01,2,1,2,normal,
False,False,1753,37149.75,1,1,1,normal,
False,False,290,5130.81,1,1,1,normal,
False,False,181,36460.37,0,1,1,normal,
False,False,1592,2742.48,1,1,1,normal,
False,False,604,10786.28,2,0,4,normal,
False,False,548,11970.83,0,0,2,normal,
False,False,462,34026.02,2,0,4,normal,
False,False,1766,2656.99,2,0,2,normal,
False,False,221,7088.97,1,1,5,normal,
False,False,476,37740.01,0,0,4,normal,
False,False,168,154106.55,3,7,2,anomaly,failed_mpin_then_large_order
False,False,1095,27670.18,1,1,5,normal,
False,False,1652,19204.99,0,0,4,normal,
False,False,1956,5891.38,3,0,5,normal,
False,False,1781,21233.21,1,0,3,normal,
False,True,344,24967.0,1,0,4,normal,
False,False,1536,17547.81,3,0,4,normal,
False,False,1460,34571.69,3,0,3,normal,
False,False,1721,18985.55,1,1,1,normal,
False,False,1947,39888.41,1,1,2,normal,
False,False,1873,8972.48,3,0,2,normal,
False,False,1059,6696.69,3,0,5,normal,
False,False,1184,7725.76,0,0,2,normal,
False,False,1515,25579.53,2,0,1,normal,
False,False,1570,8909.35,1,1,5,normal,
False,False,952,39660.37,4,0,1,normal,
False,False,481,16191.49,2,1,4,normal,
False,False,965,25531.03,1,1,3,normal,
False,False,219,28195.23,4,0,2,normal,
False,False,1405,29864.42,0,1,3,normal,
False,False,1307,37379.39,4,1,4,normal,
False,False,265,33893.18,3,1,3,normal,
False,False,1165,20388.09,4,1,5,normal,
False,False,1162,29594.86,2,0,5,normal,
False,False,12,5069.21,1,0,1,normal,
False,False,1809,19735.22,0,0,2,normal,
False,False,663,19056.53,2,0,5,normal,
False,False,492,34651.93,1,1,1,normal,
False,False,1888,10553.24,4,0,4,normal,
True,False,101,38799.1,2,1,2,normal,
False,False,1989,20288.08,4,0,4,normal,
False,False,193,4444.83,0,1,1,normal,
False,False,784,38868.23,2,0,4,normal,
False,False,637,11080.42,4,0,4,normal,
False,False,1804,25794.8,3,0,2,normal,
False,False,76,12148.89,2,1,1,normal,
False,False,983,37752.19,1,0,2,normal,
False,False,977,39145.17,2,1,1,normal,
False,False,1803,5841.65,0,1,1,normal,
False,False,268,14799.68,2,1,2,normal,
True,False,881,4832.15,1,0,2,normal,
False,False,1938,21712.16,2,1,1,normal,
False,False,1635,30787.78,2,0,4,normal,
False,False,1049,31489.53,3,0,5,normal,
False,False,323,37418.86,3,1,5,normal,
False,False,1351,16721.2,1,0,2,normal,
False,False,242,3371.31,3,0,4,normal,
False,False,129,10783.01,0,1,3,normal,
False,False,104,5209.42,3,0,2,normal,
False,False,41,25409.56,0,1,3,normal,
False,False,877,3812.57,0,0,2,normal,
False,False,1440,19857.95,2,0,1,normal,
False,False,963,12026.9,1,1,2,normal,
False,False,1717,34002.47,3,1,2,normal,
False,False,783,32004.03,2,1,2,normal,
True,False,869,25841.34,2,1,1,normal,
False,False,989,10092.53,3,1,4,normal,
False,False,1918,6976.38,2,0,4,normal,
False,False,1612,31180.48,0,1,4,normal,
False,False,1123,26038.34,4,1,1,normal,
False,False,598,29598.1,1,1,5,normal,
False,False,1853,12960.3,4,0,1,normal,
False,False,1799,3030.96,0,0,2,normal,
False,False,874,11447.24,0,1,3,normal,
False,False,296,36047.3,3,0,1,normal,
False,False,1731,39049.57,1,1,5,normal,
False,False,547,23425.85,2,0,3,normal,
False,False,1921,28752.99,0,0,2,normal,
False,False,1773,16246.45,0,1,2,normal,
False,False,1819,38592.36,4,0,3,normal,
False,False,1125,3907.29,3,0,2,normal,
False,False,885,35964.0,3,1,2,normal,
False,False,1939,4054.24,1,1,5,normal,
True,False,1078,35576.42,2,0,5,normal,
False,False,92,28344.83,4,0,1,normal,
False,False,104,37161.47,3,1,5,normal,
False,False,1221,23400.59,3,0,3,normal,
False,False,1362,10122.25,4,0,4,normal,
False,False,414,39416.08,4,1,2,normal,
False,False,1233,29701.93,0,1,2,normal,
False,False,1303,17389.33,2,0,2,normal,
False,False,720,18084.52,15,1,2,anomaly,unusual_trading_velocity
False,False,1833,10447.18,0,1,1,normal,
False,False,738,12060.6,3,1,4,normal,
False,False,1811,37270.54,4,0,4,normal,
False,False,1816,7945.74,3,1,3,normal,
False,False,222,25409.68,3,0,5,normal,
False,False,496,14747.68,4,1,4,normal,
False,False,779,37166.41,2,1,2,normal,
False,False,241,16601.46,4,1,5,normal,
False,False,1171,1737.27,4,1,1,normal,
False,False,1167,37974.12,1,1,3,normal,
False,False,1390,4509.62,4,0,3,normal,
False,False,1748,30881.71,2,1,5,normal,
False,False,496,39656.97,0,1,4,normal,
False,False,1193,4230.61,3,0,4,normal,
False,False,117,21938.57,3,0,2,normal,
False,False,530,36609.58,1,0,5,normal,
False,False,762,6359.2,3,0,4,normal,
False,False,155,4587.6,0,0,2,normal,
False,False,1045,30245.85,1,1,4,normal,
False,False,402,24441.38,4,0,5,normal,
False,False,1184,26146.06,1,1,1,normal,
False,False,705,78026.67,1,6,2,anomaly,failed_mpin_then_large_order
True,False,971,10433.32,1,1,3,normal,
False,False,1429,11880.04,2,1,2,normal,
False,False,801,23929.63,3,0,2,normal,
False,False,754,36889.95,0,0,2,normal,
False,False,1428,19511.33,3,0,3,normal,
False,False,713,31206.22,4,0,5,normal,
False,False,953,26819.12,3,1,2,normal,
False,False,505,35039.81,2,0,4,normal,
False,False,1882,31386.54,3,1,3,normal,
False,False,315,34352.44,4,1,5,normal,
False,False,1169,5225.86,1,0,5,normal,
False,False,1388,39658.36,2,1,4,normal,
False,False,1358,8720.69,1,1,3,normal,
False,False,1795,38578.81,1,0,4,normal,
False,False,723,28222.06,4,1,5,normal,
False,False,1131,2283.72,3,0,2,normal,
False,False,1498,12343.25,2,0,2,normal,
False,False,1700,21632.95,0,0,1,normal,
False,False,1563,24085.4,1,1,3,normal,
False,False,1739,30903.48,2,1,3,normal,
False,False,866,22519.56,2,0,1,normal,
False,False,1312,11875.71,4,1,1,normal,
False,False,1307,39966.98,2,1,3,normal,
False,False,1379,2572.44,1,1,5,normal,
False,False,1130,4047.68,2,1,2,normal,
False,False,1573,1618.58,2,1,5,normal,
False,False,1049,19127.82,0,0,1,normal,
False,False,4,101959.89,1,0,1,anomaly,new_account_large_order
False,False,1435,34638.22,0,1,1,normal,
False,False,1947,21145.39,2,0,1,normal,
False,False,1183,30310.87,0,0,4,normal,
False,False,1024,23130.94,0,0,1,normal,
False,False,947,13575.89,0,1,5,normal,
False,False,837,2757.82,1,1,2,normal,
False,False,452,1890.62,2,1,5,normal,
False,False,937,16507.82,1,1,2,normal,
False,False,1589,25163.73,4,0,2,normal,
True,False,827,104086.47,3,0,1,anomaly,account_takeover
True,False,610,28937.75,2,1,5,normal,
False,False,563,9702.66,1,1,1,normal,
False,False,1278,20781.83,3,0,1,normal,
False,False,865,11572.53,3,1,4,normal,
False,False,823,28128.55,4,1,2,normal,
False,False,10,28837.39,4,1,2,normal,
False,False,1179,25389.31,2,0,5,normal,
False,False,1905,35915.98,2,0,1,normal,
False,False,860,24047.95,3,0,3,normal,
False,False,619,2179.99,0,0,1,normal,
False,False,1877,26573.96,0,0,3,normal,
False,False,682,11076.55,0,0,3,normal,
False,False,658,17647.1,1,1,2,normal,
False,False,242,7663.64,4,0,5,normal,
False,False,814,26444.05,2,1,4,normal,
False,False,10,19077.34,3,0,2,normal,
False,False,1981,38240.67,1,1,5,normal,
False,False,1047,8903.18,3,0,1,normal,
False,False,322,32219.27,2,0,2,normal,
False,False,196,11415.9,3,0,4,normal,
False,False,1887,39235.53,3,0,5,normal,
False,False,845,36840.93,4,1,3,normal,
False,False,1321,19483.33,2,0,5,normal,
False,False,1408,38481.76,1,1,1,normal,
False,False,744,31088.23,4,0,3,normal,
False,False,1006,31102.4,3,0,4,normal,
False,False,1751,3965.35,3,0,1,normal,
False,False,626,19612.97,1,0,4,normal,
False,False,693,9925.99,0,1,5,normal,
False,False,1805,21078.78,4,1,2,normal,
True,False,1845,35633.07,1,0,4,normal,
False,False,175,36019.09,1,0,5,normal,
False,False,145,39322.82,1,0,3,normal,
False,False,1778,2904.16,4,0,2,normal,
False,False,1574,4233.09,1,1,3,normal,
False,False,338,4868.98,2,1,2,normal,
False,False,1881,34234.43,1,0,1,normal,
False,False,50,32824.42,4,0,4,normal,
False,False,1425,11986.09,3,0,4,normal,
False,False,1707,11259.09,4,1,1,normal,
False,False,1350,34823.34,1,0,2,normal,
False,False,740,19000.97,3,1,4,normal,
False,False,1206,36492.82,3,1,2,normal,
False,False,647,36434.55,2,1,5,normal,
False,False,64,38386.46,4,0,4,normal,
False,False,1236,8363.46,0,0,5,normal,
False,False,1913,35336.26,4,0,2,normal,
False,False,703,9505.15,0,0,1,normal,
False,False,419,9966.01,4,0,4,normal,
False,False,1544,10716.99,3,0,1,normal,
False,False,1244,3881.2,4,1,5,normal,
False,False,453,3566.16,2,0,3,normal,
False,False,1533,38957.31,4,1,3,normal,
False,False,808,32838.68,1,0,1,normal,
False,False,431,26791.82,0,1,5,normal,
False,False,1742,39029.53,1,0,5,normal,
False,False,1968,12404.52,4,0,3,normal,
False,False,854,9010.18,2,1,3,normal,
False,False,729,8055.63,1,1,3,normal,
False,False,1916,19388.18,1,1,3,normal,
True,False,1437,13377.92,11,0,1,anomaly,unusual_trading_velocity
False,False,1368,20075.23,1,0,3,normal,
False,False,440,29496.03,4,0,1,normal,
False,False,1799,32743.55,1,0,5,normal,
False,False,1326,5743.65,4,0,2,normal,
False,False,1861,3809.89,2,1,5,normal,
False,False,877,39014.16,4,1,4,normal,
False,False,976,14914.28,3,0,5,normal,
False,False,1500,29293.46,0,1,1,normal,
False,False,325,11967.07,0,0,2,normal,
False,False,1650,27050.49,1,0,2,normal,
True,False,267,24323.99,4,1,3,normal,
False,False,1952,23303.33,4,1,4,normal,
False,False,1333,67111.88,0,5,1,anomaly,failed_mpin_then_large_order
False,False,487,12935.43,4,0,1,normal,
False,False,627,15098.96,4,1,2,normal,
False,False,1396,24691.71,1,1,2,normal,
False,False,858,32754.83,2,1,3,normal,
False,False,547,4589.71,0,0,5,normal,
False,False,1597,39916.53,1,1,4,normal,
False,False,1871,20405.9,2,1,2,normal,
False,False,430,25185.53,2,1,2,normal,
False,False,35,22399.73,2,0,1,normal,
True,False,1522,4975.74,1,1,3,normal,
False,False,105,22264.28,0,0,5,normal,
False,False,1656,9957.17,1,1,4,normal,
False,False,1849,13315.9,3,1,5,normal,
False,False,205,8192.18,2,1,3,normal,
False,True,803,21728.53,0,1,3,normal,
False,False,1652,30475.94,2,0,3,normal,
False,False,1922,28659.88,3,0,4,normal,
False,False,957,10148.82,2,1,4,normal,
False,False,41,11720.14,4,0,3,normal,
False,False,833,33660.45,3,0,2,normal,
False,False,1185,21217.39,0,0,2,normal,
False,True,1127,19132.9,2,1,4,anomaly,impossible_location_change
False,True,119,21092.99,0,1,3,anomaly,impossible_location_change
False,False,1311,3387.29,4,1,4,normal,
False,False,214,1262.15,3,1,5,normal,
True,False,679,6358.79,1,1,4,normal,
False,False,14,13424.97,4,1,5,normal,
False,False,965,30029.94,4,1,4,normal,
True,False,534,26930.62,2,0,2,normal,
False,False,1989,30614.71,4,1,2,normal,
False,False,765,5947.03,3,0,3,normal,
False,False,24,27130.92,1,1,4,normal,
False,False,1291,3520.26,0,0,5,normal,
False,False,1958,18010.41,1,0,5,normal,
False,False,384,33706.79,4,1,5,normal,
False,False,726,4919.49,1,1,5,normal,
False,False,1976,14171.0,2,0,2,normal,
False,False,1479,31956.11,1,0,1,normal,
False,False,537,13644.26,0,0,4,normal,
False,False,1046,6972.23,3,0,4,normal,
False,False,42,18553.24,3,0,1,normal,
False,False,1792,24081.17,4,1,2,normal,
False,False,643,11364.94,3,1,5,normal,
False,False,405,33226.76,2,1,1,normal,
False,False,1870,5842.47,1,0,3,normal,
False,False,378,34549.14,1,0,5,normal,
False,False,720,26790.97,3,0,3,normal,
True,True,1152,13583.48,2,0,2,anomaly,impossible_location_change
False,False,1952,32701.84,1,0,1,normal,
False,False,345,33984.58,0,1,5,normal,
True,True,1295,157850.06,2,1,1,anomaly,account_takeover
False,False,887,30786.39,4,1,5,normal,
True,False,46,1907.32,21,1,1,anomaly,unusual_trading_velocity
False,False,277,7797.49,4,1,5,normal,
True,False,1436,787.85,3,1,2,normal,
False,False,755,18750.91,3,0,2,normal,
False,False,1900,16820.12,3,1,2,normal,
False,False,173,5079.47,4,0,1,normal,
False,False,45,13283.41,4,0,3,normal,
False,False,551,23193.19,3,1,1,normal,
False,False,912,23028.37,4,1,3,normal,
False,False,1355,23959.65,2,0,4,normal,
True,False,1887,14400.15,2,1,2,normal,
False,False,1528,22935.46,3,1,4,normal,
False,False,363,23908.91,1,0,5,normal,
False,False,571,12006.72,3,1,5,normal,
False,False,191,30458.56,3,0,4,normal,
False,False,348,39545.8,3,0,3,normal,
False,False,312,14625.13,0,1,5,normal,
False,False,893,6978.56,3,1,2,normal,
False,False,126,28443.09,3,0,4,normal,
False,False,452,7858.03,1,0,5,normal,
False,False,422,36244.55,2,1,2,normal,
False,False,1715,17757.27,1,1,3,normal,
False,False,498,10492.82,3,1,3,normal,
False,False,1047,28479.98,4,1,1,normal,
False,False,1476,17849.68,2,0,2,normal,
False,False,62,31753.17,1,1,3,normal,
False,False,208,19723.7,2,0,5,normal,
False,False,726,3789.7,2,1,3,normal,
False,False,177,32276.34,4,0,3,normal,
False,False,719,21061.95,1,1,5,normal,
False,False,1662,162906.62,3,6,3,anomaly,failed_mpin_then_large_order
False,False,67,24274.96,3,1,1,normal,
False,False,1283,22053.83,2,1,2,normal,
False,False,1673,14599.85,1,1,3,normal,
False,False,1324,23750.74,3,0,1,normal,
False,False,1867,33921.1,0,1,3,normal,
False,False,33,15249.24,4,0,5,normal,
False,False,423,20347.76,3,1,2,normal,
False,False,1265,1928.8,4,1,5,normal,
False,False,1432,16826.17,0,0,2,normal,
False,False,1292,26516.32,0,0,4,normal,
False,False,650,15041.71,3,0,2,normal,
False,False,1034,20321.89,4,0,5,normal,
False,False,1087,21450.99,4,0,3,normal,
False,False,1119,30084.76,3,0,2,normal,
True,False,999,2432.24,10,0,2,anomaly,unusual_trading_velocity
True,False,1863,5043.78,16,0,1,anomaly,unusual_trading_velocity
True,False,1495,27607.58,1,1,3,normal,
False,False,1737,22505.04,2,0,5,normal,
False,False,1637,36357.92,3,0,2,normal,
False,False,217,9330.37,4,0,5,normal,
False,False,273,35803.41,4,1,3,normal,
False,False,95,12816.59,0,0,3,normal,
False,False,807,16214.3,4,0,1,normal,
True,False,1003,11584.88,3,0,3,normal,
False,False,1880,2725.65,0,0,1,normal,
False,True,1991,11407.92,2,1,1,normal,
True,False,727,2165.83,3,1,3,normal,
False,False,1878,35413.24,2,1,2,normal,
False,False,964,30858.38,0,0,1,normal,
False,False,296,30964.31,1,0,3,normal,
False,False,1,63230.64,0,1,1,anomaly,new_account_large_order
False,False,654,16790.83,2,0,3,normal,
False,False,894,6100.93,0,1,1,normal,
False,False,929,17917.57,0,0,1,normal,
False,False,1690,12840.02,1,0,4,normal,
False,False,1837,26424.83,0,0,3,normal,
False,False,947,17588.61,0,0,5,normal,
False,False,678,29293.07,3,0,1,normal,
True,False,957,6156.28,2,0,4,normal,
False,False,1923,22366.47,1,0,2,normal,
False,False,1262,25804.87,1,1,1,normal,
False,False,392,17096.96,4,0,5,normal,
False,False,628,38302.28,0,0,2,normal,
True,False,735,34764.85,1,0,1,normal,
False,False,459,9942.29,3,0,1,normal,
False,False,1215,33044.03,1,0,2,normal,
False,False,1832,30521.69,1,1,3,normal,
False,False,121,20984.31,1,1,2,normal,
False,False,366,25791.51,3,0,2,normal,
False,False,1479,35553.83,3,0,5,normal,
False,False,1142,4934.26,2,1,2,normal,
False,False,1310,27793.86,2,1,4,normal,
False,False,599,11094.09,4,1,5,normal,
False,False,1681,28339.42,3,0,1,normal,
False,False,1522,12819.57,0,0,2,normal,
False,False,161,17593.29,0,1,1,normal,
False,False,1769,33184.19,1,0,1,normal,
False,False,903,15885.64,4,1,5,normal,
True,False,1058,24354.91,2,0,2,normal,
False,False,722,19123.32,2,0,5,normal,
False,False,1743,5741.87,0,0,3,normal,
True,False,1104,146159.19,1,0,1,anomaly,account_takeover
False,False,458,17324.46,4,1,2,normal,
False,False,423,34493.63,4,0,3,normal,
True,False,1108,35585.22,0,1,3,normal,
False,False,1175,16628.37,1,1,5,normal,
False,False,442,946.24,1,1,3,normal,
False,False,1910,13685.21,0,0,1,normal,
False,False,1384,7167.24,4,0,5,normal,
False,False,22,5182.53,2,1,5,normal,
False,False,1330,11899.15,0,1,4,normal,
True,False,1335,36978.88,2,1,4,normal,
False,False,1625,6597.42,1,1,4,normal,
False,False,1856,18419.29,1,0,2,normal,
False,False,887,26391.67,0,0,2,normal,
False,False,1170,4459.19,2,0,1,normal,
True,False,1674,25890.43,3,1,2,normal,
False,False,760,26495.75,0,1,4,normal,
False,False,1129,19922.01,4,0,4,normal,
False,False,772,746.76,0,0,3,normal,
True,False,513,120734.46,2,4,1,anomaly,failed_mpin_then_large_order
False,False,821,10478.43,21,0,3,anomaly,unusual_trading_velocity
False,False,1776,3478.76,0,1,5,normal,
False,False,1207,20051.56,4,1,3,normal,
False,False,441,28625.31,4,1,3,normal,
False,False,1696,884.46,0,1,3,normal,
False,False,422,37290.13,2,1,1,normal,
False,False,1331,20305.14,1,0,2,normal,
False,False,28,27088.49,0,0,1,normal,
False,False,1369,26837.34,0,0,4,normal,
False,False,584,35878.47,4,1,4,normal,
False,False,1089,13448.21,3,1,4,normal,
False,False,333,36137.58,3,0,2,normal,
False,False,1426,21509.72,1,0,1,normal,
False,False,793,30769.2,1,1,4,normal,
False,False,64,22324.73,4,0,5,normal,
True,False,1776,18399.47,0,0,3,normal,
False,False,736,13920.23,0,1,2,normal,
False,False,875,27356.19,3,1,5,normal,
False,False,1244,19503.01,4,0,1,normal,
True,False,1849,36351.7,0,0,5,normal,
False,False,686,22851.34,0,0,2,normal,
False,False,1574,2845.98,1,1,1,normal,
False,False,1182,21275.02,3,0,3,normal,
False,False,4,58515.09,3,1,1,anomaly,new_account_large_order
False,False,367,37087.63,4,1,1,normal,
False,False,344,17883.93,1,0,4,normal,
False,False,539,25480.07,0,0,1,normal,
False,False,348,16286.91,0,1,3,normal,
False,False,1925,3490.71,3,1,4,normal,
False,False,791,8484.89,3,1,3,normal,
False,False,1807,22312.09,0,0,4,normal,
False,False,1349,20118.95,0,1,1,normal,
False,False,1572,11227.3,2,0,2,normal,
False,False,168,34206.35,4,1,5,normal,
False,False,1182,38532.68,2,0,1,normal,
False,False,1844,22827.78,0,0,4,normal,
False,False,640,20052.22,1,0,2,normal,
False,False,1738,38264.96,2,0,3,normal,
False,False,1660,28844.52,2,0,1,normal,
False,False,996,28327.93,3,0,5,normal,
False,False,673,31096.41,3,1,2,normal,
False,False,1149,19275.13,0,1,2,normal,
False,False,892,27082.56,0,1,3,normal,
False,False,1114,1728.95,1,1,4,normal,
False,False,1037,15601.16,0,1,2,normal,
False,False,1689,36453.5,1,1,3,normal,
False,False,1146,14026.04,3,0,3,normal,
False,False,785,35882.54,3,1,2,normal,
False,False,1467,9751.04,4,0,2,normal,
False,False,1730,18655.75,2,0,2,normal,
False,False,853,16739.07,3,1,4,normal,
False,False,1482,23073.77,3,1,1,normal,
False,False,1758,22263.53,4,0,3,normal,
True,False,759,16804.66,3,0,4,normal,
False,False,1769,30967.65,2,1,3,normal,
False,False,1794,2029.62,3,0,2,normal,
True,False,1533,13204.76,2,1,3,normal,
False,False,983,19780.58,4,0,3,normal,
False,False,469,7740.68,4,0,1,normal,
False,False,566,30124.91,3,0,3,normal,
False,False,421,23077.16,3,1,4,normal,
False,False,216,33352.11,3,1,2,normal,
False,False,1532,5842.23,1,0,2,normal,
False,False,1811,6664.37,0,1,3,normal,
False,True,26,26219.75,2,0,2,normal,
False,False,309,29352.65,1,0,2,normal,
False,False,1807,3778.93,2,0,2,normal,
False,False,195,25419.51,1,1,2,normal,
False,False,97,26418.82,3,1,5,normal,
False,False,1857,8670.71,11,0,2,anomaly,unusual_trading_velocity
False,False,168,17279.8,0,0,1,normal,
False,False,446,28270.38,0,0,4,normal,
False,False,797,8690.27,2,1,3,normal,
False,False,1068,25804.56,0,1,2,normal,
False,False,534,28106.19,4,1,1,normal,
False,False,1707,23115.38,0,1,4,normal,
False,False,1574,1424.63,2,1,2,normal,
True,False,1718,1033.78,0,0,4,normal,
False,False,575,26323.31,4,0,1,normal,
False,False,697,23269.29,0,0,1,normal,
False,False,882,15722.63,2,1,2,normal,
False,False,519,6586.79,1,1,4,normal,
False,False,801,31141.73,1,1,1,normal,
False,False,1061,5232.97,1,1,5,normal,
False,False,1978,10013.46,4,0,1,normal,
False,False,96,23594.24,3,1,4,normal,
False,False,862,37838.03,2,1,2,normal,
False,False,384,3218.28,20,1,2,anomaly,unusual_trading_velocity
False,False,1607,1636.74,4,0,1,normal,
False,False,881,29417.53,4,0,4,normal,
True,False,424,12628.13,2,1,2,normal,
False,False,329,17763.21,4,0,5,normal,
False,False,549,31186.95,3,0,5,normal,
False,False,943,9336.52,3,1,4,normal,
False,False,1788,2819.9,2,0,4,normal,
False,False,1517,20697.38,2,1,3,normal,
False,False,276,6103.48,3,1,1,normal,
False,False,746,22762.23,3,1,1,normal,
False,False,278,1864.97,2,0,1,normal,
False,False,74,9993.24,0,0,5,normal,
False,False,214,5492.72,0,1,1,normal,
False,False,1400,38726.33,2,0,5,normal,
False,False,1688,22086.21,4,1,3,normal,
True,True,371,185806.37,3,1,1,anomaly,account_takeover
False,False,1133,5089.52,0,1,5,normal,
False,False,852,7413.4,0,0,1,normal,
False,False,258,39172.31,3,0,5,normal,
False,False,170,1698.84,0,1,5,normal,
False,False,646,1437.29,3,1,4,normal,
True,False,77,8316.34,22,0,3,anomaly,unusual_trading_velocity
False,False,1251,13828.68,2,0,5,normal,
False,False,605,20470.99,1,0,2,normal,
False,False,191,19591.19,1,0,5,normal,
False,False,429,27051.28,3,1,5,normal,
False,False,1921,2179.63,0,1,5,normal,
False,False,1026,39699.87,4,0,2,normal,
False,False,1510,2383.09,4,1,1,normal,
False,False,1663,12529.13,1,0,4,normal,
False,False,1666,23856.25,2,0,2,normal,
False,False,1397,7183.05,4,1,2,normal,
False,False,1010,18139.95,1,1,5,normal,
False,True,1582,20093.28,4,0,3,normal,
False,False,1376,3819.28,1,1,5,normal,
False,False,1100,23500.97,4,1,1,normal,
False,False,1356,38702.94,3,0,5,normal,
False,False,2,80618.04,3,0,3,anomaly,new_account_large_order
False,False,1211,38262.88,2,0,3,normal,
False,False,1625,29109.05,4,1,1,normal,
False,False,1116,20924.51,3,1,5,normal,
False,False,365,1066.59,0,0,4,normal,
False,False,1176,30631.0,4,0,3,normal,
False,False,1282,115955.85,2,7,1,anomaly,failed_mpin_then_large_order
False,False,817,26521.91,0,0,5,normal,
False,False,1953,16475.52,3,1,2,normal,
False,False,1309,13058.43,4,1,4,normal,
False,False,4,59277.91,3,0,2,anomaly,new_account_large_order
False,False,1498,14610.58,1,1,5,normal,
False,False,563,2596.87,0,0,4,normal,
False,False,1613,17268.31,2,0,3,normal,
False,False,540,38885.66,3,0,1,normal,
False,False,1255,22126.57,0,1,2,normal,
False,False,1829,36360.13,1,1,1,normal,
False,False,1043,39621.62,2,0,1,normal,
False,False,949,24579.48,1,0,3,normal,
False,False,1722,20206.44,1,1,1,normal,
False,False,1929,14248.85,4,0,3,normal,
False,False,1989,29218.03,3,0,1,normal,
False,False,932,14857.46,3,1,1,normal,
False,False,1039,37191.51,3,0,4,normal,
False,False,1070,27372.42,3,0,2,normal,
False,False,1777,8151.9,4,0,1,normal,
True,False,53,39437.71,3,1,3,normal,
False,False,224,15652.19,0,1,4,normal,
False,False,650,33031.67,1,1,3,normal,
False,False,141,23538.05,3,1,4,normal,
False,False,1878,16219.56,0,0,2,normal,
False,False,348,23963.31,1,0,2,normal,
False,False,997,2783.44,4,1,1,normal,
False,False,812,35551.89,3,1,3,normal,
False,False,97,136481.16,3,5,1,anomaly,failed_mpin_then_large_order
False,False,385,15557.3,2,1,5,normal,
False,False,657,8637.31,3,1,4,normal,
False,False,1431,9797.73,2,1,3,normal,
True,False,1062,34457.17,2,0,5,normal,
False,False,1356,23587.79,1,1,3,normal,
False,False,927,22500.91,4,1,1,normal,
False,False,1542,23327.33,1,0,2,normal,
False,False,1869,20491.71,4,1,5,normal,
False,False,85,33407.24,1,0,1,normal,
False,False,1920,12953.08,2,1,3,normal,
False,False,1270,27000.36,4,0,4,normal,
False,False,1515,29138.61,4,1,2,normal,
False,False,52,22716.22,4,1,3,normal,
True,False,35,7283.55,3,1,4,normal,
False,False,401,30170.36,2,1,3,normal,
False,False,1235,31605.25,4,0,4,normal,
False,False,1565,14919.49,0,0,5,normal,
False,False,130,28605.62,2,0,3,normal,
False,False,212,4145.86,4,1,5,normal,
False,False,1215,14246.61,2,0,3,normal,
False,False,351,2136.62,2,1,3,normal,
True,False,1538,17016.3,3,0,4,normal,
False,False,541,13682.84,0,0,3,normal,
False,False,859,6893.53,3,0,2,normal,
False,False,727,1726.09,3,1,5,normal,
False,False,230,29747.64,2,1,4,normal,
False,False,1904,18971.44,2,1,4,normal,
False,False,781,31108.55,0,1,2,normal,
True,False,3,64354.28,2,1,1,anomaly,new_account_large_order
False,False,1011,30372.52,2,0,5,normal,
False,False,1914,21960.1,3,1,2,normal,
False,False,1243,19800.23,1,0,1,normal,
False,False,1980,2745.36,1,1,2,normal,
False,True,1479,11287.62,4,1,3,normal,
False,False,1501,32630.41,2,1,1,normal,
False,False,1781,2698.31,4,0,2,normal,
False,False,1810,5280.86,0,0,2,normal,
False,False,1882,25404.75,3,1,5,normal,
False,False,1206,8539.45,4,1,3,normal,
False,False,988,34548.7,4,1,2,normal,
False,False,1301,38804.4,4,0,1,normal,
False,True,925,27794.27,2,1,4,normal,
False,False,1274,34671.07,1,0,5,normal,
False,False,1010,24365.72,0,0,1,normal,
False,False,739,16771.22,0,0,2,normal,
False,False,1400,10018.05,2,1,4,normal,
False,False,31,19702.51,3,1,1,normal,
False,False,478,22890.44,2,0,5,normal,
False,False,1596,21141.62,3,1,3,normal,
False,False,22,16564.65,4,0,2,normal,
False,False,1321,8208.41,4,0,3,normal,
False,False,454,29387.36,1,1,4,normal,
False,False,1721,9293.72,3,1,5,normal,
False,False,262,36600.21,0,0,3,normal,
False,False,1549,14345.68,1,1,4,normal,
False,False,257,1101.4,3,0,3,normal,
False,False,1042,2460.28,1,0,3,normal,
False,False,238,32203.81,0,0,2,normal,
False,False,1106,13580.42,0,0,3,normal,
False,False,54,35699.27,4,0,4,normal,
False,False,313,24447.29,4,0,3,normal,
False,False,627,37150.97,1,0,1,normal,
True,False,93,12966.03,2,1,5,normal,
False,False,134,9393.23,2,1,1,normal,
False,False,1347,10569.63,4,0,1,normal,
False,False,758,5378.36,0,1,1,normal,
False,False,510,27670.72,3,0,3,normal,
False,False,1689,18317.06,1,1,3,normal,
False,False,889,50930.4,3,3,2,anomaly,failed_mpin_then_large_order
False,False,1703,17393.19,4,1,4,normal,
False,False,330,16427.62,4,0,3,normal,
False,False,131,3784.64,1,0,4,normal,
False,False,522,26338.51,2,0,5,normal,
False,False,1993,34862.83,2,0,2,normal,
False,False,1048,2151.12,0,1,1,normal,
False,False,1013,38726.64,1,1,4,normal,
False,False,1337,8148.68,1,0,5,normal,
False,False,1580,13097.82,1,0,5,normal,
False,False,1328,18673.56,3,1,1,normal,
False,False,601,27107.63,2,1,3,normal,
True,False,1137,83952.84,3,0,1,anomaly,account_takeover
False,False,612,28034.34,1,1,4,normal,
False,False,1186,19278.3,1,0,3,normal,
False,False,1882,29435.32,2,0,3,normal,
False,False,908,5362.85,3,0,4,normal,
False,False,635,10172.7,0,0,2,normal,
False,False,1147,21239.13,0,1,5,normal,
False,False,231,8444.55,0,1,3,normal,
False,False,818,22104.08,0,1,4,normal,
False,False,1356,6588.66,3,1,1,normal,
False,False,359,13407.5,3,1,2,normal,
False,False,393,16598.27,0,1,3,normal,
False,False,1657,9270.36,0,0,1,normal,
False,False,1224,31242.7,1,0,1,normal,
False,False,1441,34491.21,0,1,4,normal,
False,False,1907,11877.15,3,0,1,normal,
False,False,509,25464.29,2,1,5,normal,
True,False,1826,50794.59,1,3,1,anomaly,failed_mpin_then_large_order
False,False,990,11312.13,0,0,4,normal,
False,False,0,122384.24,1,1,2,anomaly,new_account_large_order
False,False,394,16580.38,2,1,5,normal,
False,False,653,15320.64,3,0,4,normal,
False,False,351,24086.16,2,0,1,normal,
False,False,502,36677.25,0,0,5,normal,
False,False,855,4997.66,3,0,5,normal,
False,False,1305,38811.47,3,0,4,normal,
False,False,1987,11946.38,4,0,3,normal,
False,True,413,6125.34,3,0,3,normal,
False,False,722,18630.42,1,1,3,normal,
False,False,811,6811.46,4,0,4,normal,
False,False,1835,2598.9,0,1,3,normal,
False,False,316,21060.12,2,1,1,normal,
False,False,974,5335.13,2,0,5,normal,
False,False,1867,14739.61,2,0,4,normal,
False,False,1409,37694.81,1,0,2,normal,
False,False,172,26968.16,3,1,4,normal,
False,False,292,8381.09,0,0,1,normal,
False,False,985,13401.35,4,1,5,normal,
False,False,1655,31230.12,2,1,4,normal,
False,False,954,2674.33,4,0,2,normal,
False,False,292,2579.62,1,1,1,normal,
False,False,1790,13940.7,3,0,2,normal,
False,False,362,4320.25,4,0,1,normal,
False,False,469,32319.47,1,1,4,normal,
False,True,871,26625.31,3,1,1,normal,
False,False,16,3864.41,2,0,1,normal,
False,False,1727,5994.66,1,0,2,normal,
False,False,1249,29972.2,0,1,1,normal,
False,False,492,25067.0,1,0,5,normal,
False,False,309,12363.55,3,0,3,normal,
False,False,1875,5694.64,1,1,4,normal,
False,False,1618,38209.93,3,0,2,normal,
False,False,1178,38854.95,2,0,3,normal,
False,False,377,17007.88,2,0,2,normal,
False,False,763,25212.99,3,1,2,normal,
False,False,649,34631.73,1,1,1,normal,
False,True,436,36531.92,3,0,5,normal,
False,False,257,36946.79,0,0,4,normal,
False,False,1064,34723.23,4,0,2,normal,
False,False,1778,37955.81,2,1,5,normal,
False,False,1294,8138.72,4,1,2,normal,
False,False,1315,36298.93,4,0,2,normal,
False,False,1332,38666.14,4,0,3,normal,
True,True,504,38780.43,1,0,2,anomaly,impossible_location_change
False,False,1103,34744.64,3,1,1,normal,
False,False,612,38425.3,1,1,3,normal,
False,False,356,157043.6,1,5,3,anomaly,failed_mpin_then_large_order
False,False,42,12682.59,1,0,4,normal,
False,False,1132,38266.13,2,1,5,normal,
False,False,701,21852.8,0,0,1,normal,
False,False,122,1095.5,0,0,2,normal,
False,False,884,16797.33,2,1,1,normal,
False,False,215,27991.25,1,1,4,normal,
False,False,679,17354.35,3,0,4,normal,
False,False,1794,37279.79,1,0,3,normal,
False,False,1450,31478.99,0,0,3,normal,
False,False,568,17315.1,2,0,5,normal,
False,False,1767,4883.17,12,1,2,anomaly,unusual_trading_velocity
False,False,653,10340.38,0,0,3,normal,
False,False,1700,6976.63,4,1,5,normal,
False,False,1098,9729.62,3,1,3,normal,
True,True,1636,29455.68,2,0,5,normal,
False,False,1799,10463.85,2,1,2,normal,
False,False,464,17021.06,4,0,3,normal,
False,False,477,34902.28,2,1,5,normal,
False,False,96,23672.62,3,0,1,normal,
False,False,241,32647.58,3,0,1,normal,
False,False,597,3453.7,4,0,5,normal,
False,False,880,15921.86,2,0,1,normal,
False,False,413,3472.53,3,1,5,normal,
False,False,667,11508.62,0,1,3,normal,
False,False,1097,37830.3,4,1,5,normal,
True,False,217,16000.71,3,0,3,normal,
False,False,1778,36448.38,1,0,3,normal,
False,False,1617,1063.63,3,1,1,normal,
True,False,1492,25818.27,4,0,3,normal,
False,False,1310,18062.87,1,0,2,normal,
False,False,1338,17881.81,0,0,2,normal,
False,False,1694,39640.3,4,0,4,normal,
False,False,718,11892.14,0,1,2,normal,
False,False,714,164881.23,0,6,3,anomaly,failed_mpin_then_large_order
False,False,1847,35036.51,0,0,3,normal,
True,True,716,82165.29,1,1,1,anomaly,account_takeover
False,False,1845,23079.77,1,0,4,normal,
False,False,1179,31303.29,1,0,2,normal,
False,False,1697,36782.64,0,0,3,normal,
False,False,922,23446.54,2,0,4,normal,
False,False,773,15935.66,4,0,2,normal,
False,False,824,36434.98,2,1,1,normal,
False,False,1478,38999.35,2,0,5,normal,
False,False,629,34172.77,2,1,5,normal,
False,False,897,35139.56,4,1,1,normal,
False,False,217,29571.55,1,1,1,normal,
False,False,379,27337.62,1,1,5,normal,
False,False,1170,27138.85,1,0,5,normal,
False,False,1594,22657.23,4,0,1,normal,
False,False,419,2829.79,1,0,3,normal,
False,False,424,20063.37,4,0,1,normal,
False,False,1468,6246.05,3,0,5,normal,
False,False,1050,6942.23,1,1,4,normal,
False,False,1279,6672.64,2,0,2,normal,
False,False,618,19645.23,1,1,4,normal,
False,False,1108,21016.6,4,0,5,normal,
False,False,1856,38294.51,1,0,1,normal,
False,False,543,23487.65,0,0,4,normal,
False,False,1448,19486.15,4,0,4,normal,
False,False,1469,17749.11,1,0,2,normal,
True,False,1408,19907.76,0,0,5,normal,
False,False,1463,39841.02,1,0,3,normal,
False,False,1070,10099.57,1,0,1,normal,
False,False,991,33429.4,3,1,1,normal,
False,False,1838,2207.64,3,1,2,normal,
False,False,46,19336.05,4,0,3,normal,
False,False,447,11668.86,2,0,2,normal,
False,False,1746,35650.77,3,1,3,normal,
False,True,1372,38049.91,2,1,3,normal,
False,False,1587,6755.04,4,1,5,normal,
False,False,1466,29722.74,3,1,3,normal,
False,False,942,13444.02,4,0,4,normal,
True,False,481,138301.89,2,0,1,anomaly,account_takeover
False,False,663,19645.56,2,0,2,normal,
False,False,1138,26858.83,0,0,5,normal,
False,False,1616,35495.72,4,1,3,normal,
True,False,1911,13341.31,0,0,3,normal,
False,False,845,27442.06,3,1,3,normal,
False,False,845,3616.66,3,1,5,normal,
False,False,1523,25706.43,1,1,1,normal,
False,False,857,12256.96,2,1,3,normal,
False,False,971,14783.83,4,0,5,normal,
False,False,268,7834.3,2,1,2,normal,
False,False,376,15696.71,3,1,2,normal,
False,False,456,18713.86,1,0,1,normal,
False,False,1243,1669.8,4,0,1,normal,
False,False,251,4193.65,2,0,1,normal,
False,False,560,23197.65,3,1,5,normal,
False,False,1269,2074.12,3,1,5,normal,
False,False,301,36334.34,1,1,2,normal,
False,False,1306,38672.88,0,1,3,normal,
True,True,1259,27798.84,3,0,2,anomaly,impossible_location_change
False,False,1565,37451.39,2,0,3,normal,
False,False,1870,35913.53,0,0,4,normal,
False,False,1513,2491.51,1,1,2,normal,
False,False,215,32192.27,1,0,2,normal,
False,False,971,7115.44,0,1,5,normal,
False,False,884,13446.34,1,0,5,normal,
False,False,1050,35420.86,4,1,5,normal,
False,False,451,5437.79,3,1,3,normal,
False,False,907,12011.11,4,1,5,normal,
False,False,728,17089.01,0,1,5,normal,
False,False,1899,37686.22,1,0,2,normal,
False,False,1112,3145.47,2,1,3,normal,
False,False,1345,3867.23,2,0,4,normal,
False,False,371,24529.94,1,0,3,normal,
False,False,1979,2741.77,4,1,1,normal,
False,False,1976,2865.86,1,1,1,normal,
False,False,479,23566.51,3,1,4,normal,
False,False,692,12655.85,0,0,1,normal,
False,False,1353,4629.38,3,1,4,normal,
False,False,18,33708.82,3,0,2,normal,
False,False,221,16734.95,1,0,3,normal,
False,False,1931,38304.12,4,1,4,normal,
False,False,1383,23609.03,0,0,2,normal,
False,False,1091,16028.47,1,1,5,normal,
False,False,301,18805.87,0,0,2,normal,
False,False,491,34290.28,0,1,5,normal,
False,False,36,27254.73,2,1,5,normal,
False,False,1758,23578.17,4,1,1,normal,
False,False,1784,29427.61,4,1,3,normal,
False,False,316,10120.11,4,0,4,normal,
True,False,720,33223.47,0,1,2,normal,
False,False,1217,21036.72,4,1,2,normal,
False,False,936,24063.07,0,0,4,normal,
False,False,1458,22284.14,2,1,4,normal,
False,False,297,34661.16,4,0,2,normal,
False,False,1154,17341.59,3,0,4,normal,
False,False,247,5774.86,24,1,1,anomaly,unusual_trading_velocity
False,False,600,22844.39,3,0,1,normal,
False,False,154,1664.63,2,0,5,normal,
False,False,222,25713.95,4,0,4,normal,
False,False,169,25267.38,4,0,4,normal,
False,False,1407,9130.23,2,1,1,normal,
True,False,481,28571.48,1,1,3,normal,
False,False,446,21004.58,2,1,1,normal,
False,False,1869,6791.03,3,0,1,normal,
True,False,891,35306.59,2,1,5,normal,
False,False,1264,35057.06,2,0,2,normal,
False,False,1301,39211.86,4,1,4,normal,
False,False,1040,27668.33,4,1,3,normal,
True,False,1838,97683.86,0,6,2,anomaly,failed_mpin_then_large_order
False,False,1741,25614.06,1,0,3,normal,
False,False,1188,30193.85,0,1,4,normal,
False,False,341,15845.86,3,1,2,normal,
False,True,1332,12934.26,1,1,5,normal,
False,False,228,6686.15,3,1,1,normal,
False,False,622,18157.61,3,1,4,normal,
False,True,1719,16563.58,2,1,2,normal,
False,False,1930,33736.56,2,0,1,normal,
False,False,667,15880.64,4,0,2,normal,
True,False,1079,26162.75,3,1,3,normal,
False,False,490,5133.28,0,0,3,normal,
False,True,1549,33594.43,1,1,5,normal,
False,False,517,9437.5,2,1,2,normal,
False,False,1470,22226.96,3,1,4,normal,
False,False,1466,2526.76,2,1,4,normal,
False,False,1817,8896.33,1,1,3,normal,
False,False,335,22374.09,2,1,5,normal,
False,False,187,7254.18,4,1,3,normal,
False,False,1827,35937.53,2,0,4,normal,
False,False,1100,37914.63,1,0,4,normal,
True,False,246,3991.26,3,1,2,normal,
False,False,817,16515.31,1,0,1,normal,
False,False,182,5796.14,0,0,5,normal,
False,False,1045,38880.36,4,0,2,normal,
False,False,3,78222.66,0,1,3,anomaly,new_account_large_order
False,False,1217,13610.11,1,1,3,normal,
False,False,653,5157.78,1,0,4,normal,
False,False,443,3649.65,10,1,3,anomaly,unusual_trading_velocity
False,False,1653,36164.17,1,0,1,normal,
False,False,830,12731.52,2,0,1,normal,
False,False,1442,12913.1,2,0,1,normal,
False,False,829,550.14,1,1,3,normal,
False,False,543,4785.44,0,1,2,normal,
False,False,1639,6021.75,0,0,4,normal,
False,False,595,26018.68,2,0,4,normal,
False,False,970,37046.71,3,0,3,normal,
False,False,1380,11045.62,0,0,5,normal,
False,False,384,30299.44,3,0,2,normal,
False,False,950,24582.54,2,1,5,normal,
False,False,600,15920.86,0,1,2,normal,
False,False,1794,37754.91,1,1,4,normal,
False,False,882,38670.12,4,0,4,normal,
False,False,1620,3733.88,3,1,1,normal,
False,False,1082,19398.43,4,0,5,normal,
False,False,1449,34966.88,3,0,3,normal,
False,False,1806,5537.82,3,1,3,normal,
False,True,796,3479.32,2,0,1,normal,
False,False,30,22585.02,3,0,3,normal,
False,False,1743,7481.21,2,0,2,normal,
False,False,132,2433.79,2,1,5,normal,
False,False,1645,21495.22,2,1,5,normal,
False,False,344,19397.48,1,0,1,normal,
False,False,1851,35660.49,3,0,1,normal,
False,False,495,9460.37,1,1,1,normal,
False,False,1266,2553.44,2,1,3,normal,
False,False,1335,13214.31,3,1,2,normal,
False,False,1409,27767.99,2,0,5,normal,
False,False,619,27534.32,3,0,3,normal,
False,False,1639,32053.46,2,0,4,normal,
False,False,806,17210.37,4,0,3,normal,
False,False,1419,29104.46,4,1,1,normal,
False,False,46,25807.94,1,1,4,normal,
False,False,530,32671.43,2,1,2,normal,
False,False,1022,28759.64,0,1,4,normal,
False,False,1529,38916.86,4,1,3,normal,
False,False,1216,38312.01,2,1,3,normal,
False,False,707,18173.41,1,0,5,normal,
True,False,1215,21460.42,1,0,2,normal,
False,False,766,36730.46,2,0,1,normal,
True,False,0,106730.19,1,0,2,anomaly,new_account_large_order
False,False,597,29396.81,4,0,4,normal,
False,False,1141,35005.08,2,1,1,normal,
False,False,1744,9565.98,2,0,1,normal,
False,False,1635,23514.52,1,1,2,normal,
False,False,763,37463.36,4,1,1,normal,
False,False,1871,10545.62,0,0,4,normal,
False,False,1985,24041.63,0,0,4,normal,
False,False,1535,7989.18,4,0,2,normal,
False,False,1622,25963.52,2,1,2,normal,
False,False,1431,22343.34,2,1,5,normal,
False,False,274,13552.32,1,1,4,normal,
False,False,506,24617.62,1,1,2,normal,
False,False,447,7644.11,2,1,3,normal,
True,False,168,2073.42,14,1,1,anomaly,unusual_trading_velocity
False,False,1257,914.9,2,0,3,normal,
False,False,1784,1968.55,3,1,1,normal,
False,False,972,26461.09,0,1,4,normal,
False,False,0,100705.11,1,0,1,anomaly,new_account_large_order
False,False,419,31786.59,1,1,1,normal,
False,False,382,8147.02,0,0,2,normal,
False,False,1739,4181.23,1,1,4,normal,
False,False,1251,16461.59,4,0,1,normal,
False,False,627,29252.3,1,0,3,normal,
False,False,106,12925.92,2,0,3,normal,
False,False,1242,8802.4,2,0,4,normal,
False,False,1649,37311.64,3,0,4,normal,
False,False,1383,20716.3,3,0,2,normal,
False,False,1480,4289.0,2,1,3,normal,
False,False,1523,10631.72,3,1,5,normal,
False,False,870,21280.38,0,1,4,normal,
False,False,1334,26566.31,3,0,3,normal,
False,False,1443,34734.34,0,1,2,normal,
False,False,1712,15882.92,15,0,2,anomaly,unusual_trading_velocity
False,False,258,5443.2,4,0,4,normal,
False,False,586,32754.81,0,0,1,normal,
False,False,1988,6824.25,4,0,1,normal,
False,False,4,77035.6,0,0,2,anomaly,new_account_large_order
False,False,1275,27824.24,2,1,1,normal,
False,False,1182,27845.84,0,0,4,normal,
False,False,806,35219.4,2,1,3,normal,
False,False,834,17446.51,3,1,1,normal,
False,False,1615,19598.11,0,0,2,normal,
False,False,1740,29549.28,4,0,1,normal,
False,False,1190,29769.99,3,1,2,normal,
False,True,749,18221.06,2,0,4,normal,
False,False,1081,35233.64,0,0,2,normal,
False,False,1011,31971.47,3,1,5,normal,
False,False,1115,33523.09,0,0,2,normal,
False,False,832,37628.63,3,1,2,normal,
False,False,289,39697.74,2,1,5,normal,
False,False,1193,16502.81,4,0,1,normal,
False,False,1925,33080.19,3,1,1,normal,
False,False,893,15721.11,3,0,1,normal,
False,False,1415,18935.15,0,1,2,normal,
False,False,657,21462.08,4,0,2,normal,
False,False,1854,10973.15,2,1,4,normal,
False,False,404,21648.98,1,1,3,normal,
False,False,1136,9859.97,4,1,3,normal,
False,False,1080,27118.83,4,1,2,normal,
False,False,1523,5909.73,1,0,1,normal,
False,False,1187,26474.96,1,0,3,normal,
False,False,1950,4990.31,2,0,5,normal,
False,False,1570,13554.52,1,0,3,normal,
True,False,1268,32949.49,4,0,2,normal,
False,False,454,38814.54,4,1,2,normal,
False,False,1070,29889.47,2,0,3,normal,
False,False,1769,32034.33,2,0,2,normal,
False,False,657,39080.11,4,0,1,normal,
False,False,622,15621.36,0,0,5,normal,
False,False,1089,6261.29,1,0,4,normal,
False,False,549,36931.91,3,1,1,normal,
False,False,456,37628.25,2,1,4,normal,
True,False,1665,32385.98,3,1,3,normal,
False,False,1720,10948.44,1,1,4,normal,
True,False,1435,25623.02,2,1,1,normal,
False,False,1952,28422.65,0,1,1,normal,
False,False,1154,9043.39,2,0,5,normal,
False,False,1035,17662.4,1,0,4,normal,
False,False,893,29567.63,2,0,3,normal,
False,False,259,30117.04,0,0,3,normal,
False,False,1754,28444.5,1,0,4,normal,
False,False,1099,14021.92,2,1,5,normal,
False,False,470,11344.48,0,1,4,normal,
False,False,369,20333.44,2,1,4,normal,
False,False,1515,17108.16,0,1,1,normal,
True,False,1797,8769.03,22,0,3,anomaly,unusual_trading_velocity
False,False,345,21955.31,0,1,5,normal,
False,False,220,11208.18,3,1,3,normal,
False,False,1567,23460.18,3,0,5,normal,
False,False,1697,34751.32,0,1,5,normal,
False,False,784,27073.25,2,0,1,normal,
False,False,1474,33965.37,3,0,4,normal,
False,False,770,6811.99,1,0,2,normal,
False,False,866,21047.94,4,0,2,normal,
True,False,850,968.11,4,1,5,normal,
False,False,1592,30455.54,1,0,4,normal,
False,False,4,129864.69,0,1,3,anomaly,new_account_large_order
False,False,1733,3670.02,1,0,4,normal,
False,True,1074,14101.88,2,0,3,normal,
False,False,471,4477.77,4,1,1,normal,
False,False,58,27948.67,1,0,4,normal,
False,False,200,10163.62,19,0,2,anomaly,unusual_trading_velocity
False,False,488,8783.35,2,1,3,normal,
False,False,480,611.41,1,1,2,normal,
False,False,111,7340.47,4,0,1,normal,
False,False,1796,23599.63,4,0,2,normal,
False,False,1511,28390.86,0,0,1,normal,
True,False,4,96433.55,2,1,2,anomaly,new_account_large_order
False,False,256,10112.3,3,0,5,normal,
False,False,1212,11532.33,0,0,3,normal,
False,False,1864,37150.78,1,0,1,normal,
False,False,1007,16307.94,3,0,4,normal,
False,False,1644,3639.11,3,0,5,normal,
False,False,1271,1411.8,3,0,1,normal,
False,False,435,22937.13,3,1,4,normal,
False,False,194,3678.92,3,1,2,normal,
False,False,1766,32466.48,0,0,2,normal,
False,False,1815,33792.56,3,1,5,normal,
False,False,854,23927.37,4,0,4,normal,
False,False,1252,1387.76,2,1,2,normal,
False,False,1687,22323.15,2,1,2,normal,
True,True,280,8182.49,4,0,4,normal,
True,False,543,31527.11,3,1,2,normal,
False,False,585,21290.1,3,0,2,normal,
False,False,292,2648.13,3,1,1,normal,
False,False,51,16874.41,4,0,5,normal,
False,False,1221,26995.28,1,1,4,normal,
False,False,1713,30864.88,2,0,1,normal,
False,False,1236,36396.04,2,1,1,normal,
False,False,1716,4704.01,0,1,1,normal,
False,False,834,23065.58,4,0,4,normal,
False,False,1097,17428.2,1,1,5,normal,
True,False,1800,2930.65,0,1,1,normal,
False,False,882,25569.1,1,0,5,normal,
False,False,1648,2582.48,3,1,4,normal,
False,False,821,20620.19,4,0,1,normal,
True,False,1663,152620.99,2,1,1,anomaly,account_takeover
False,False,1805,33356.52,0,1,4,normal,
False,False,1436,17754.26,3,0,5,normal,
False,False,1222,9584.6,2,0,2,normal,
False,False,211,6363.37,3,1,1,normal,
False,False,793,23549.73,2,1,2,normal,
False,False,555,1643.65,2,1,3,normal,
False,False,639,37966.84,1,0,4,normal,
False,False,381,33210.96,3,1,2,normal,
False,False,1526,15143.87,1,1,3,normal,
False,False,685,32036.21,4,0,5,normal,
False,False,843,1584.77,4,1,3,normal,
False,False,1304,17373.36,4,1,2,normal,
False,False,73,8989.54,2,0,2,normal,
False,False,1970,20698.59,4,1,3,normal,
False,False,1783,37591.96,3,0,3,normal,
False,False,234,7987.9,0,0,4,normal,
False,False,1196,34701.29,0,1,4,normal,
False,False,1873,15070.26,2,0,5,normal,
False,False,1861,4468.0,3,1,5,normal,
False,False,1566,10321.46,4,0,2,normal,
False,False,411,21120.73,0,0,5,normal,
False,False,327,24649.88,3,0,2,normal,
False,False,92,9874.42,2,0,4,normal,
False,False,517,26946.68,3,0,4,normal,
False,False,1135,29674.82,0,0,2,normal,
False,False,342,75487.13,1,6,2,anomaly,failed_mpin_then_large_order
True,False,1277,27722.12,3,0,5,normal,
False,False,1625,33248.5,4,0,5,normal,
False,False,189,15136.99,2,1,5,normal,
False,False,125,26018.25,2,1,2,normal,
False,False,804,12574.98,0,0,2,normal,
False,False,1484,27192.16,2,0,3,normal,
False,False,1190,16329.63,0,0,5,normal,
False,False,1509,8270.73,4,0,3,normal,
False,False,702,32417.03,4,1,1,normal,
False,False,1217,6490.49,0,0,2,normal,
False,False,1532,39953.34,4,1,3,normal,
False,False,572,3720.74,3,0,4,normal,
False,False,797,4251.39,0,1,3,normal,
False,False,1602,23761.99,4,1,2,normal,
False,False,1224,14409.67,3,0,4,normal,
False,False,1363,28181.82,1,1,3,normal,
False,False,1845,24818.3,2,1,2,normal,
False,False,1958,1890.11,1,0,2,normal,
False,False,1466,13738.49,0,1,2,normal,
False,False,1031,34444.71,1,1,2,normal,
False,False,504,22910.69,2,1,4,normal,
False,False,1084,21752.84,4,0,2,normal,
False,False,119,31123.55,1,1,5,normal,
False,False,678,6413.94,2,1,4,normal,
False,False,1404,35661.01,2,0,3,normal,
False,True,1779,34874.65,2,1,2,anomaly,impossible_location_change
False,False,839,4163.26,0,1,4,normal,
False,False,1660,37914.95,1,0,4,normal,
False,False,1491,38045.03,0,1,1,normal,
False,False,611,34072.21,3,0,5,normal,
False,False,182,11007.62,3,1,2,normal,
False,False,995,28758.4,0,0,4,normal,
False,False,1683,32444.67,4,1,5,normal,
False,False,155,32242.12,3,1,4,normal,
True,False,975,27994.84,1,1,4,normal,
False,False,804,12491.17,2,1,3,normal,
False,False,657,39131.89,1,1,4,normal,
False,False,1227,3004.19,4,1,3,normal,
False,False,597,5094.02,1,1,2,normal,
True,False,505,39755.9,3,1,1,normal,
True,False,33,10159.78,3,1,4,normal,
False,False,728,11290.23,1,1,2,normal,
False,False,111,22464.29,4,0,5,normal,
False,False,1470,3621.66,3,1,4,normal,
False,False,129,31481.92,0,0,2,normal,
False,False,328,28705.79,0,1,5,normal,
False,False,1936,25488.23,4,0,5,normal,
False,False,1070,28393.58,3,0,2,normal,
False,False,1646,14845.22,2,1,5,normal,
False,False,1656,8059.3,3,0,2,normal,
False,False,1527,25747.68,2,1,2,normal,
False,False,655,33450.15,4,1,4,normal,
False,False,306,11477.87,2,0,4,normal,
False,False,1021,19472.2,0,1,3,normal,
False,False,1495,23726.87,0,1,4,normal,
False,False,365,22060.23,0,1,1,normal,
False,False,1292,10092.55,2,0,5,normal,
False,False,1843,2953.05,3,0,4,normal,
False,False,1074,39433.59,0,1,2,normal,
False,True,728,27898.94,2,1,4,anomaly,impossible_location_change
False,False,1417,7513.76,3,1,3,normal,
False,False,1094,26628.48,0,1,4,normal,
False,False,73,37658.12,3,0,2,normal,
False,False,501,8081.32,4,1,3,normal,
False,False,1966,38256.04,2,0,5,normal,
False,False,1899,21730.6,1,1,1,normal,
False,False,1548,31569.33,1,0,1,normal,
False,False,216,33032.6,0,0,2,normal,
False,False,1423,13467.58,4,1,2,normal,
False,False,1895,9033.49,0,1,2,normal,
False,False,94,29209.17,2,1,3,normal,
False,False,1644,15902.32,4,0,1,normal,
False,False,759,7625.03,0,0,2,normal,
False,False,880,34779.15,0,0,3,normal,
False,False,1345,32505.25,4,0,1,normal,
False,False,1993,1416.09,4,0,4,normal,
True,False,1468,17555.62,3,1,5,normal,
False,False,1082,24073.23,0,0,3,normal,
False,False,1542,8645.3,2,0,1,normal,
False,False,1061,1569.18,4,1,1,normal,
False,False,431,19150.58,15,1,3,anomaly,unusual_trading_velocity
False,False,1102,24521.49,3,0,5,normal,
False,False,1983,31394.87,2,1,1,normal,
False,False,1323,4534.24,2,1,1,normal,
False,True,418,12018.01,2,0,4,normal,
False,False,1465,7543.47,0,0,3,normal,
False,False,929,12925.09,3,1,4,normal,
False,False,1956,2901.59,2,0,3,normal,
False,False,75,9222.54,4,0,1,normal,
True,False,1676,27664.83,2,0,2,normal,
True,False,927,15603.67,1,0,2,normal,
False,False,1868,31140.27,4,1,2,normal,
False,False,1635,39478.11,4,1,2,normal,
False,False,1004,38389.08,0,0,4,normal,
False,False,1938,15085.63,4,0,3,normal,
False,False,899,10104.75,4,1,2,normal,
False,False,579,33695.77,3,1,5,normal,
False,False,707,1405.61,2,0,4,normal,
False,False,101,34115.98,0,1,2,normal,
False,False,1019,35625.77,1,1,3,normal,
False,False,807,17022.83,4,0,1,normal,
False,False,1693,31778.34,2,1,4,normal,
False,False,1829,38326.8,3,0,3,normal,
False,False,717,11010.03,2,0,4,normal,
False,False,584,17042.56,0,1,3,normal,
False,False,916,3437.02,3,1,1,normal,
False,False,289,13202.8,1,0,5,normal,
False,False,1701,21680.29,1,1,3,normal,
False,False,587,6422.99,0,1,5,normal,
False,False,965,1319.13,3,1,1,normal,
False,False,830,23761.27,3,0,3,normal,
False,False,853,39851.29,4,1,5,normal,
False,False,1564,3833.38,4,1,2,normal,
False,False,562,12588.3,4,1,3,normal,
False,False,1214,23787.93,4,1,3,normal,
False,True,1448,20890.85,1,1,2,normal,
False,False,1343,18366.63,4,1,1,normal,
False,False,467,28322.71,1,0,1,normal,
False,False,1448,27148.87,1,1,3,normal,
False,False,1219,24545.92,0,0,1,normal,
False,False,1757,533.19,2,1,5,normal,
False,False,1003,6776.82,3,0,2,normal,
False,False,1686,18725.03,23,1,2,anomaly,unusual_trading_velocity
False,False,653,39868.44,1,0,3,normal,
True,True,1305,33267.71,3,0,2,anomaly,impossible_location_change
False,False,943,30798.42,0,0,2,normal,
False,False,648,33887.2,0,0,2,normal,
False,False,1336,15276.66,1,1,2,normal,
False,False,232,18502.57,3,0,3,normal,
False,False,583,8854.93,1,0,3,normal,
False,False,1165,33142.83,0,0,3,normal,
True,False,227,29674.31,4,0,1,normal,
False,False,538,5054.48,4,1,4,normal,
False,False,578,6214.38,2,0,2,normal,
False,False,746,3062.85,13,1,2,anomaly,unusual_trading_velocity
False,False,36,33441.34,0,1,5,normal,
False,False,1449,37328.98,3,1,1,normal,
False,False,665,10783.46,2,1,4,normal,
False,False,1078,36475.93,2,0,1,normal,
True,False,1415,37402.88,1,0,5,normal,
False,False,159,16903.49,4,1,2,normal,
False,False,635,15150.39,1,1,4,normal,
False,False,804,23080.43,2,1,1,normal,
False,False,1751,29212.92,0,0,1,normal,
False,False,1937,6132.52,0,0,4,normal,
False,False,1496,11446.13,4,0,1,normal,
False,False,917,1492.96,2,0,4,normal,
False,False,593,9762.5,2,1,5,normal,
False,False,1298,30427.98,1,1,5,normal,
False,False,1158,11244.4,3,1,1,normal,
False,False,148,4225.44,4,0,1,normal,
False,False,1297,34292.56,1,1,5,normal,
False,False,846,12808.13,4,0,2,normal,
False,False,109,27121.76,2,1,4,normal,
False,False,55,22371.55,2,0,2,normal,
False,False,91,12454.64,1,1,4,normal,
True,False,45,120477.67,1,1,1,anomaly,account_takeover
False,False,1135,8439.63,13,1,3,anomaly,unusual_trading_velocity
False,False,1605,32400.42,0,1,1,normal,
False,False,1642,27851.9,4,1,5,normal,
False,False,1994,16214.37,4,0,4,normal,
False,False,1556,14711.66,3,0,1,normal,
False,False,1156,20747.67,0,0,3,normal,
False,False,473,20753.07,0,1,2,normal,
False,False,1509,26455.62,0,1,2,normal,
False,False,715,34049.9,2,0,5,normal,
True,False,157,161257.09,2,5,2,anomaly,failed_mpin_then_large_order
False,False,1596,13429.85,0,0,2,normal,
False,False,1316,2655.53,2,1,4,normal,
False,False,1940,17384.87,2,1,4,normal,
False,False,1495,37802.47,0,0,4,normal,
False,False,1535,9677.51,2,0,2,normal,
False,False,1594,61109.22,3,4,3,anomaly,failed_mpin_then_large_order
False,False,1580,13684.51,0,0,5,normal,
False,False,1119,20854.79,1,0,4,normal,
False,False,277,2343.34,4,1,4,normal,
False,False,1874,20916.28,2,1,4,normal,
False,False,1694,18836.63,3,0,1,normal,
False,False,496,30111.06,3,1,1,normal,
False,False,1468,20091.61,4,1,3,normal,
False,False,696,26719.31,0,0,2,normal,
False,False,6,108938.9,0,1,1,anomaly,new_account_large_order
False,False,537,16930.31,3,1,5,normal,
False,False,1322,31694.28,1,0,2,normal,
False,False,1248,34981.67,0,0,3,normal,
False,False,936,31682.68,4,1,1,normal,
True,False,720,26772.39,4,1,2,normal,
False,False,1667,23542.06,2,0,4,normal,
False,False,1123,33919.66,4,1,3,normal,
False,False,101,10085.96,1,0,2,normal,
True,False,1161,15306.02,0,0,2,normal,
False,False,717,33997.94,0,1,1,normal,
False,False,1814,24793.87,0,1,1,normal,
False,False,360,24994.11,3,1,5,normal,
False,False,489,15080.74,2,0,5,normal,
False,False,509,35345.63,2,0,1,normal,
False,False,876,28824.75,4,1,2,normal,
False,False,245,27621.44,0,0,3,normal,
False,False,1538,27032.89,1,1,5,normal,
False,False,1503,36814.14,0,1,1,normal,
False,False,1936,22305.37,4,1,5,normal,
False,False,1600,15207.26,1,0,5,normal,
False,False,777,34254.19,2,0,5,normal,
False,False,1706,830.37,0,0,5,normal,
False,False,1235,38269.91,1,0,1,normal,
False,False,299,26202.35,3,1,1,normal,
False,True,1356,37479.18,1,0,3,normal,
False,False,1800,2337.18,4,0,2,normal,
False,False,699,34182.98,0,0,4,normal,
False,False,553,9253.45,0,1,4,normal,
False,False,18,12864.1,1,1,4,normal,
False,False,775,10202.54,3,1,5,normal,
True,False,935,14402.29,0,0,3,normal,
False,False,1098,5575.91,4,1,3,normal,
False,False,1021,1130.24,4,1,2,normal,
False,False,908,38372.19,1,1,5,normal,
False,False,413,31728.18,3,0,3,normal,
False,False,861,23556.23,0,1,3,normal,
True,False,6,98581.87,0,0,3,anomaly,new_account_large_order
False,False,1563,32613.38,0,0,2,normal,
True,False,1929,13993.12,1,1,2,normal,
False,False,1648,5632.39,3,1,4,normal,
False,False,484,11450.75,1,0,1,normal,
False,False,1797,14059.15,4,0,3,normal,
False,False,757,14806.05,4,1,2,normal,
False,False,1640,28993.77,0,0,2,normal,
False,False,1194,15954.76,0,1,3,normal,
False,False,1043,18030.73,0,0,3,normal,
False,False,480,5960.41,0,1,1,normal,
False,False,212,21923.57,1,1,3,normal,
False,False,1291,8051.17,2,1,2,normal,
False,False,1919,36963.55,3,0,4,normal,
False,False,577,7050.04,4,1,1,normal,
False,False,383,23200.64,4,1,4,normal,
False,False,1841,21986.77,3,1,4,normal,
False,False,700,24666.88,4,0,5,normal,
False,False,1431,10399.03,3,1,1,normal,
True,False,220,27577.23,2,0,3,normal,
False,False,936,35755.87,4,1,3,normal,
False,False,392,20692.77,0,1,2,normal,
False,False,254,22537.25,3,1,2,normal,
False,False,1674,12886.52,2,0,2,normal,
False,False,1154,18214.5,0,1,4,normal,
False,False,91,12819.74,3,0,3,normal,
True,False,1021,22970.27,1,1,3,normal,
False,False,876,15061.45,3,0,5,normal,
False,False,1620,3475.19,4,0,3,normal,
False,False,811,17039.22,0,1,5,normal,
False,False,924,37397.31,2,1,5,normal,
True,False,406,3086.99,3,0,1,normal,
False,False,19,35760.06,0,1,2,normal,
False,False,309,4486.89,0,1,4,normal,
False,False,349,38810.59,2,0,2,normal,
False,False,407,33522.35,2,0,3,normal,
False,False,1664,18311.35,1,0,5,normal,
False,False,1285,31831.71,0,0,1,normal,
False,False,993,32545.75,0,0,1,normal,
True,False,1666,16438.86,1,1,5,normal,
False,False,1743,34795.97,1,1,1,normal,
False,False,1769,10685.84,3,0,1,normal,
False,False,845,5464.56,3,0,2,normal,
False,True,812,26225.72,4,1,4,normal,
False,False,768,25016.37,3,1,4,normal,
False,False,1908,8385.53,2,1,3,normal,
True,False,1431,2125.09,10,0,2,anomaly,unusual_trading_velocity
False,False,827,24953.45,2,0,5,normal,
False,False,1429,39430.06,4,1,4,normal,
False,False,1908,32597.73,3,0,1,normal,
False,False,1561,26999.38,4,0,4,normal,
False,False,1026,17276.34,0,0,2,normal,
False,True,1557,23430.33,1,1,2,anomaly,impossible_location_change
False,False,1603,1624.49,0,1,5,normal,
False,False,502,37092.35,0,0,2,normal,
False,False,213,743.76,1,0,2,normal,
False,False,39,35120.78,0,0,2,normal,
False,False,269,33427.43,2,0,3,normal,
False,False,1436,2370.76,1,0,4,normal,
False,False,1825,22280.31,4,0,5,normal,
True,True,1616,58255.96,1,1,1,anomaly,account_takeover
False,False,1924,24666.26,0,1,4,normal,
False,False,1797,3150.49,1,0,3,normal,
False,False,1150,31054.75,0,1,1,normal,
False,False,1813,14242.57,2,0,5,normal,
False,False,1502,39107.07,2,1,4,normal,
False,False,867,4621.98,3,1,4,normal,
False,False,289,14114.28,1,1,3,normal,
False,False,797,21843.97,3,1,3,normal,
False,False,1173,37077.15,3,0,1,normal,
False,False,363,17545.58,3,1,4,normal,
False,False,1776,18942.73,3,1,4,normal,
False,False,171,13295.06,3,0,1,normal,
False,False,975,13844.88,2,0,3,normal,
False,False,454,17347.67,2,0,5,normal,
False,False,1104,8319.64,2,0,1,normal,
False,False,529,12369.87,0,1,4,normal,
False,False,1457,13565.66,0,0,4,normal,
False,False,1992,2388.04,2,1,5,normal,
False,False,1826,21530.17,0,1,1,normal,
False,False,1343,23067.56,4,0,2,normal,
False,False,11,27848.07,1,0,3,normal,
False,False,1602,9598.2,3,0,1,normal,
False,False,639,17690.13,4,1,4,normal,
False,False,1137,19345.77,3,0,3,normal,
False,True,1622,6421.28,1,0,4,normal,
False,False,1642,35397.25,1,1,5,normal,
False,False,1772,15104.54,3,0,4,normal,
False,False,1046,16180.59,2,0,4,normal,
False,False,1006,11028.82,3,0,5,normal,
False,False,1458,25308.77,0,1,4,normal,
True,False,988,6017.86,3,1,2,normal,
False,False,1729,10391.17,0,1,2,normal,
False,False,884,38296.93,2,1,5,normal,
False,False,1622,5294.66,0,1,3,normal,
True,True,1,147940.47,0,1,3,anomaly,new_account_large_order
False,False,1355,36770.33,2,1,2,normal,
True,True,1258,67842.7,0,0,1,anomaly,account_takeover
False,False,714,20385.28,3,0,4,normal,
False,False,261,28263.29,0,0,2,normal,
False,False,507,19959.56,1,1,4,normal,
False,False,308,31122.63,0,1,3,normal,
False,False,1717,4367.01,3,1,5,normal,
False,False,1200,17832.44,1,0,4,normal,
False,False,1702,18413.21,3,0,3,normal,
False,False,792,4563.98,1,0,5,normal,
False,False,1756,28715.08,4,0,1,normal,
True,False,589,128508.15,0,0,1,anomaly,account_takeover
False,False,21,11622.8,2,1,3,normal,
False,False,977,25191.54,1,1,5,normal,
False,False,1284,33355.57,0,0,2,normal,
False,False,274,21838.51,1,0,1,normal,
False,False,676,5580.81,4,0,5,normal,
True,False,12,4249.43,2,0,5,normal,
False,False,1235,28122.01,0,1,2,normal,
False,False,1135,17934.52,0,1,5,normal,
False,False,1407,16478.62,1,0,3,normal,
False,False,104,9402.86,1,0,1,normal,
False,False,1650,24372.14,3,0,3,normal,
False,False,71,2902.6,3,1,4,normal,
False,False,1065,12833.68,0,0,5,normal,
False,False,1865,14901.2,4,0,2,normal,
False,False,1540,7266.94,2,1,3,normal,
False,False,218,31280.57,0,1,5,normal,
False,False,1653,9047.95,3,0,3,normal,
False,False,1720,7400.42,2,1,4,normal,
False,False,73,17803.44,0,1,1,normal,
False,False,528,39347.82,4,0,4,normal,
False,False,1905,25154.7,4,0,3,normal,
False,False,223,33868.83,0,0,3,normal,
False,False,1676,22452.01,3,0,1,normal,
False,True,268,7942.72,0,1,3,normal,
False,False,1251,39310.9,0,0,2,normal,
False,False,1681,30240.84,0,0,3,normal,
False,False,1917,19590.46,2,1,2,normal,
False,False,1212,11991.79,2,0,1,normal,
False,True,1869,16874.99,0,0,2,normal,
False,False,60,35751.0,0,0,1,normal,
False,False,1525,15972.49,3,0,4,normal,
False,False,1097,13273.64,4,1,3,normal,
False,False,1209,24051.16,4,1,2,normal,
False,False,1516,29890.07,2,1,5,normal,
False,False,1973,36401.05,3,0,3,normal,
False,False,322,24571.81,1,1,4,normal,
True,False,1457,26551.8,3,1,5,normal,
False,False,1687,9779.65,4,1,5,normal,
False,False,1310,8426.31,3,1,3,normal,
False,False,434,19415.08,2,1,4,normal,
False,False,18,23273.69,3,0,2,normal,
False,False,1305,18017.52,3,0,2,normal,
False,False,1890,30409.93,1,1,4,normal,
False,False,939,27178.99,3,1,3,normal,
True,False,57,9585.21,1,0,3,normal,
False,False,652,6561.13,4,1,3,normal,
False,False,1035,17607.43,3,0,4,normal,
False,False,73,38411.64,2,1,3,normal,
False,False,1886,38451.69,4,1,1,normal,
False,False,1576,15626.39,4,1,5,normal,
False,False,86,16363.31,17,0,2,anomaly,unusual_trading_velocity
False,False,213,37489.67,3,1,4,normal,
False,False,1770,25362.99,3,1,3,normal,
False,False,468,13648.76,4,1,3,normal,
False,False,1515,29621.15,4,1,3,normal,
False,False,615,6360.51,1,0,4,normal,
False,False,1652,35081.21,0,1,1,normal,
False,False,1987,17892.17,1,1,4,normal,
False,False,141,8870.44,0,1,2,normal,
False,False,547,31256.51,3,1,5,normal,
False,False,1737,5600.84,4,0,3,normal,
False,False,543,9943.1,1,1,3,normal,
False,False,1472,4160.84,0,0,2,normal,
False,False,1173,34877.33,3,1,3,normal,
True,False,1640,10603.22,0,0,2,normal,
True,True,845,60402.57,2,1,1,anomaly,account_takeover
False,False,1877,19097.71,4,0,2,normal,
False,False,961,24598.76,0,1,1,normal,
False,False,1209,9783.95,2,1,1,normal,
False,False,78,27619.93,3,1,1,normal,
False,False,91,19280.77,2,1,4,normal,
False,False,1448,21323.93,3,0,4,normal,
False,False,1066,36195.19,3,1,1,normal,
False,False,1556,3185.41,4,1,1,normal,
False,True,703,766.83,1,0,5,normal,
False,False,1472,15814.4,2,0,2,normal,
False,False,913,25439.71,2,0,3,normal,
False,False,1577,18883.16,1,0,2,normal,
False,False,1882,37539.55,2,0,1,normal,
True,False,870,18956.21,0,1,5,normal,
False,False,360,12400.65,0,0,2,normal,
False,False,1210,23406.97,3,0,4,normal,
False,False,212,10838.9,2,1,2,normal,
False,False,913,2127.59,1,1,1,normal,
False,False,915,39908.88,2,0,2,normal,
False,False,707,34829.71,1,1,4,normal,
False,False,1079,17740.91,2,0,4,normal,
False,False,1142,6062.66,4,1,2,normal,
False,False,1501,25458.38,3,0,5,normal,
True,False,245,19410.64,4,0,3,normal,
False,False,1552,19417.37,1,0,4,normal,
False,True,737,4882.25,0,1,3,anomaly,impossible_location_change
False,False,196,11954.97,2,0,2,normal,
False,False,289,6969.56,1,0,4,normal,
False,False,1181,12374.18,4,0,2,normal,
False,False,119,37785.05,4,0,3,normal,
False,False,1423,22351.85,1,1,4,normal,
False,False,882,22108.71,2,0,1,normal,
False,False,829,2788.86,4,1,5,normal,
False,False,1366,13488.06,1,1,2,normal,
False,False,44,5377.9,1,1,1,normal,
False,False,1639,13159.05,3,1,1,normal,
False,False,1705,31264.29,3,0,1,normal,
False,False,1664,8478.56,0,1,5,normal,
False,False,109,7863.42,1,1,3,normal,
False,False,1800,3821.02,2,1,1,normal,
False,False,1962,7258.35,2,0,5,normal,
False,False,949,38353.95,4,0,5,normal,
False,False,287,32118.85,1,0,3,normal,
False,False,686,12313.84,1,0,5,normal,
False,False,1332,11857.12,1,1,5,normal,
False,False,1252,8582.08,3,0,1,normal,
False,True,1731,33286.81,2,1,4,normal,
False,False,1139,1659.66,4,1,4,normal,
False,False,1248,23291.59,4,1,1,normal,
False,False,84,10987.55,3,0,2,normal,
False,False,478,10463.13,3,0,4,normal,
False,False,898,17813.53,3,1,3,normal,
False,False,1057,36060.1,1,1,5,normal,
False,False,1314,5772.33,1,0,2,normal,
False,False,1200,29547.64,4,0,1,normal,
False,False,521,19828.98,1,0,1,normal,
False,False,0,136674.25,3,0,3,anomaly,new_account_large_order
True,False,1003,31499.45,1,1,2,normal,
False,False,565,28438.98,4,1,5,normal,
True,False,1128,39167.92,2,0,2,normal,
False,False,1964,23981.96,0,1,5,normal,
False,False,409,7837.72,0,0,3,normal,
False,False,1793,6938.69,1,0,1,normal,
False,False,1560,30471.77,3,1,3,normal,
False,False,1766,3186.01,4,0,5,normal,
False,False,1401,3895.17,3,0,4,normal,
False,False,1001,13141.51,3,0,2,normal,
False,False,1268,23504.5,4,1,3,normal,
True,False,1834,18511.8,3,0,1,normal,
False,False,115,25894.65,1,1,1,normal,
True,False,1438,30681.88,2,0,5,normal,
False,False,979,31461.69,2,1,2,normal,
False,False,126,10354.87,3,0,3,normal,
False,False,1403,39044.9,3,1,4,normal,
True,False,889,2198.42,3,1,4,normal,
False,False,1549,38613.47,4,1,2,normal,
False,False,98,23264.52,1,1,2,normal,
False,False,1059,25049.72,1,1,5,normal,
False,True,284,9155.32,3,0,3,normal,
False,False,55,7189.51,2,0,5,normal,
False,False,960,15400.05,4,1,1,normal,
False,False,1098,19428.58,2,1,4,normal,
False,False,893,20373.01,1,0,5,normal,
False,False,544,11394.39,3,0,4,normal,
False,False,1043,10911.19,4,1,4,normal,
False,False,753,14795.52,3,0,2,normal,
False,False,429,23124.06,3,0,5,normal,
False,False,477,12285.53,1,0,1,normal,
False,False,306,30776.39,4,1,5,normal,
False,False,1434,33014.96,2,0,1,normal,
False,False,884,23255.07,2,0,1,normal,
False,False,514,2603.73,2,0,5,normal,
False,False,856,28395.44,3,1,3,normal,
False,False,1809,2241.8,2,0,5,normal,
False,False,1361,28952.24,2,1,3,normal,
False,False,1985,23812.13,0,1,1,normal,
False,False,975,5404.99,2,1,2,normal,
False,False,1261,21641.19,2,1,5,normal,
True,False,124,18598.66,0,0,2,normal,
False,False,1172,23065.81,3,1,3,normal,
False,False,1835,7696.19,2,0,4,normal,
False,False,753,22964.11,2,0,3,normal,
False,False,658,29931.87,2,1,4,normal,
False,False,1626,37094.57,2,0,4,normal,
False,False,343,20108.31,2,1,2,normal,
False,False,265,34186.84,3,1,2,normal,
False,False,689,1957.23,2,1,1,normal,
False,False,1212,23515.74,0,0,5,normal,
False,False,516,9715.31,1,1,4,normal,
True,False,769,29571.02,1,0,2,normal,
False,False,934,36061.35,3,1,5,normal,
False,False,1597,27379.02,0,1,4,normal,
False,False,1548,20424.64,0,1,1,normal,
False,False,980,22962.22,0,1,2,normal,
False,False,1331,5371.6,4,1,5,normal,
False,False,1674,16875.76,4,1,1,normal,
False,False,60,38419.44,1,1,5,normal,
True,True,1739,127402.01,3,4,3,anomaly,failed_mpin_then_large_order
False,False,1749,27320.23,3,0,2,normal,
False,False,1578,32857.19,4,1,2,normal,
False,False,1027,20144.3,3,1,5,normal,
False,False,504,21133.68,3,0,1,normal,
False,False,67,15859.86,3,0,4,normal,
False,False,45,510.22,0,1,2,normal,
False,False,1577,9528.46,0,0,5,normal,
True,False,1801,29102.35,4,1,2,normal,
False,False,509,15542.04,1,1,1,normal,
False,False,923,34557.34,2,1,4,normal,
False,False,23,35625.74,2,1,5,normal,
True,False,1726,28730.82,2,0,2,normal,
False,False,165,17583.62,0,1,3,normal,
False,False,120,803.64,2,0,2,normal,
False,False,578,36440.32,0,0,4,normal,
False,False,1538,10489.35,2,1,5,normal,
False,False,865,35325.88,1,1,1,normal,
False,False,190,39515.75,0,0,1,normal,
False,False,268,18950.01,3,1,1,normal,
False,False,1804,13773.92,4,1,2,normal,
False,False,1558,5853.22,3,0,2,normal,
False,False,1806,33247.62,4,0,2,normal,
False,False,743,2369.73,3,0,5,normal,
False,False,24,18677.59,0,0,2,normal,
False,False,448,6267.86,1,1,4,normal,
False,False,703,31022.23,0,1,2,normal,
False,False,537,10032.92,2,1,5,normal,
False,False,24,9696.01,1,0,4,normal,
True,True,325,28840.33,0,1,2,anomaly,impossible_location_change
False,False,1150,21918.54,3,1,4,normal,
False,False,1431,7824.12,4,0,5,normal,
False,False,1131,1218.04,4,1,4,normal,
False,False,1630,31860.08,0,1,3,normal,
False,False,479,23506.21,3,1,5,normal,
False,False,173,38247.73,3,0,2,normal,
False,False,690,19979.45,3,0,1,normal,
False,False,46,35543.88,4,0,1,normal,
False,False,76,21469.7,4,0,4,normal,
False,False,343,34852.9,0,1,3,normal,
True,False,234,33283.84,0,1,1,normal,
False,False,1063,13265.5,4,1,5,normal,
False,False,581,20151.1,2,1,5,normal,
False,False,1678,11189.64,0,1,1,normal,
False,False,351,12948.33,0,0,2,normal,
False,False,202,4070.22,2,1,1,normal,
False,False,765,27119.33,3,1,3,normal,
False,False,591,33206.54,2,1,1,normal,
False,False,757,25934.58,1,0,1,normal,
False,False,1133,9976.17,1,1,2,normal,
False,False,1270,4345.78,2,0,2,normal,
False,False,737,2424.24,2,0,5,normal,
False,False,1894,31729.67,0,0,2,normal,
False,False,50,15336.36,0,0,2,normal,
True,True,1690,123859.04,3,0,1,anomaly,account_takeover
False,False,1350,36428.26,3,0,1,normal,
False,False,193,13523.87,0,0,5,normal,
True,False,931,34739.4,0,0,3,normal,
False,False,1902,754.19,1,0,4,normal,
False,False,793,31428.29,2,0,3,normal,
False,False,23,31766.05,3,1,1,normal,
False,False,357,36533.98,4,0,2,normal,
False,False,1887,10593.58,0,0,3,normal,
False,False,1876,22576.91,3,0,2,normal,
False,False,1758,138953.59,3,3,2,anomaly,failed_mpin_then_large_order
False,False,1883,34752.1,1,0,3,normal,
False,False,1924,177482.2,0,4,1,anomaly,failed_mpin_then_large_order
False,False,1667,35324.24,3,1,2,normal,
False,False,12,4734.84,4,0,2,normal,
False,False,173,15239.82,1,0,3,normal,
False,False,765,32409.71,2,0,4,normal,
False,False,371,5811.52,2,1,1,normal,
False,False,1286,19388.94,4,1,2,normal,
False,False,1364,90337.22,3,3,1,anomaly,failed_mpin_then_large_order
False,False,991,12985.63,2,1,1,normal,
False,False,175,12284.3,3,1,5,normal,
False,False,1778,29199.22,0,0,4,normal,
False,False,1713,15252.27,2,1,4,normal,
False,False,453,4542.47,3,0,2,normal,
False,False,188,3031.18,1,1,1,normal,
False,False,1522,5335.02,2,0,2,normal,
False,False,1796,29975.31,3,0,2,normal,
False,False,880,34118.74,0,1,3,normal,
False,True,1474,32965.39,1,1,4,normal,
False,False,1301,14748.74,2,1,3,normal,
False,False,812,5207.12,2,1,1,normal,
False,False,1336,6233.59,1,1,5,normal,
False,False,31,25914.25,1,1,4,normal,
False,False,188,12585.24,2,1,5,normal,
False,False,1934,38415.48,1,1,2,normal,
False,False,1269,38424.46,1,0,3,normal,
False,False,1552,21964.71,3,0,3,normal,
True,False,868,5568.0,3,0,5,normal,
False,False,1623,1776.57,0,1,1,normal,
False,False,1626,10414.81,2,0,5,normal,
False,False,718,24083.74,0,0,5,normal,
False,False,151,12797.38,4,1,3,normal,
False,False,463,36245.02,3,1,2,normal,
False,False,540,6650.84,0,0,5,normal,
False,False,1315,22739.64,0,0,3,normal,
False,False,1696,954.7,2,1,3,normal,
False,False,1567,10661.89,2,1,2,normal,
False,False,1589,25390.0,3,0,4,normal,
False,False,1246,1520.73,1,1,3,normal,
False,False,1768,5724.76,1,1,1,normal,
False,False,1429,8003.97,1,1,5,normal,
False,False,664,37099.66,0,1,3,normal,
False,False,630,17927.61,3,0,5,normal,
False,False,401,18047.63,4,1,3,normal,
False,False,85,3137.67,3,1,2,normal,
False,False,792,27911.02,1,0,4,normal,
False,False,1350,2551.61,0,0,2,normal,
True,False,1542,36097.43,1,1,1,normal,
False,False,67,34980.27,1,1,5,normal,
False,False,339,25465.86,0,1,2,normal,
False,False,1216,13629.38,1,0,5,normal,
False,False,1042,9992.21,3,0,1,normal,
False,False,1109,4990.66,1,0,3,normal,
False,False,989,25332.8,1,0,1,normal,
True,True,996,37709.28,0,0,4,anomaly,impossible_location_change
False,False,488,16138.05,2,1,4,normal,
False,False,1029,10172.51,2,0,3,normal,
False,False,1407,11405.48,0,0,1,normal,
False,False,1548,34365.4,2,0,1,normal,
False,False,1747,15631.32,4,0,2,normal,
False,False,56,4406.28,2,0,2,normal,
False,False,1060,2482.73,0,1,1,normal,
False,False,213,11714.42,2,1,4,normal,
False,False,520,7567.64,2,1,4,normal,
False,False,793,8029.11,4,0,1,normal,
False,False,779,38520.92,4,0,5,normal,
False,False,892,35034.01,2,0,3,normal,
False,False,373,38163.79,0,0,4,normal,
False,False,1848,5697.06,1,0,5,normal,
False,False,139,19439.63,1,1,4,normal,
False,False,734,10324.78,3,1,4,normal,
False,False,21,3030.11,3,0,5,normal,
False,False,1215,32131.76,3,1,2,normal,
False,False,1195,6609.35,2,1,5,normal,
False,False,746,35557.02,1,0,2,normal,
False,False,671,6677.32,3,0,2,normal,
False,False,521,6589.76,1,1,1,normal,
False,False,1846,22344.78,2,0,1,normal,
False,False,1655,5684.65,4,0,1,normal,
True,False,898,25954.88,3,1,2,normal,
False,False,279,28587.19,1,0,1,normal,
False,False,262,24741.04,4,0,1,normal,
False,False,294,14629.72,0,1,2,normal,
False,False,1272,38532.39,0,1,4,normal,
False,False,361,7398.18,4,0,2,normal,
True,False,337,5821.6,4,0,5,normal,
False,False,599,31442.3,0,0,2,normal,
False,False,1132,15182.79,2,1,1,normal,
True,False,978,5666.55,0,1,2,normal,
False,False,571,19132.44,0,0,4,normal,
False,False,592,4484.09,4,1,5,normal,
False,False,1755,3204.33,1,1,1,normal,
True,False,1830,11768.1,3,1,1,normal,
False,False,1059,11569.71,4,0,4,normal,
False,False,239,14294.27,1,1,3,normal,
False,False,331,20921.39,4,0,5,normal,
False,False,960,22114.0,1,1,3,normal,
False,False,556,15957.48,0,0,2,normal,
False,False,1200,14925.84,4,0,5,normal,
False,False,1553,9661.54,2,0,5,normal,
False,False,1491,33261.55,0,1,4,normal,
False,False,331,22374.02,0,1,1,normal,
False,False,1254,18569.63,2,1,4,normal,
False,False,1414,20785.83,1,0,2,normal,
False,False,1367,32417.55,2,0,4,normal,
False,False,810,4463.05,0,1,4,normal,
False,False,1441,12724.2,0,0,2,normal,
False,False,733,19575.7,3,1,2,normal,
False,False,51,15935.85,0,1,3,normal,
False,False,173,39287.77,4,0,5,normal,
False,False,1071,21415.84,0,1,1,normal,
False,False,1256,23707.91,4,0,1,normal,
False,False,1789,21953.91,1,0,4,normal,
False,False,458,39990.25,1,1,4,normal,
False,False,1608,31662.27,1,0,2,normal,
False,False,1857,21913.58,0,1,2,normal,
False,False,1490,36139.92,2,0,1,normal,
False,False,1409,27380.91,2,0,5,normal,
False,False,816,11616.79,3,1,1,normal,
False,False,337,7033.44,4,1,3,normal,
True,False,74,23382.58,2,1,5,normal,
True,True,840,112891.54,0,0,1,anomaly,account_takeover
False,False,985,21966.52,2,0,2,normal,
False,False,898,22573.04,0,1,5,normal,
False,False,1870,12156.86,3,0,2,normal,
False,False,993,4776.48,1,1,1,normal,
False,False,585,2926.72,1,0,3,normal,
False,False,1382,3455.56,3,1,3,normal,
False,False,882,25932.99,2,0,3,normal,
False,False,1093,36424.81,4,1,1,normal,
False,False,100,11987.14,12,0,3,anomaly,unusual_trading_velocity
False,False,1419,13460.1,0,1,5,normal,
False,False,1392,34623.04,0,0,5,normal,
False,False,676,7243.54,1,0,3,normal,
False,False,1054,17435.04,4,0,3,normal,
False,False,1735,19160.21,0,1,3,normal,
False,False,762,4986.5,1,0,1,normal,
False,False,331,30002.8,0,0,2,normal,
False,False,1361,37852.95,2,0,3,normal,
True,False,1560,7935.29,2,0,2,normal,
False,False,578,18455.86,4,0,4,normal,
False,False,786,3884.92,4,1,2,normal,
False,False,1008,26960.13,4,0,2,normal,
False,False,1037,21334.66,1,0,5,normal,
False,False,1505,38847.25,2,0,4,normal,
False,False,1778,3125.18,3,1,1,normal,
False,False,1733,38131.66,3,0,2,normal,
False,False,1318,1318.73,3,0,2,normal,
False,False,734,21224.49,0,0,5,normal,
False,False,1690,9589.52,0,1,5,normal,
False,False,793,10230.15,1,1,2,normal,
False,False,273,29534.38,3,1,5,normal,
False,False,663,38704.75,1,1,2,normal,
False,False,254,18326.01,2,0,5,normal,
True,True,6,109529.87,1,1,2,anomaly,new_account_large_order
False,False,625,7428.9,1,0,2,normal,
False,False,202,33279.08,3,1,3,normal,
False,False,578,10359.66,0,0,2,normal,
False,False,937,3311.6,1,1,5,normal,
False,False,1106,36092.27,0,0,2,normal,
False,False,1141,13870.88,0,1,2,normal,
False,False,550,12074.6,4,1,4,normal,
False,True,826,25672.01,3,1,3,normal,
False,False,1419,35977.68,4,0,1,normal,
False,False,1674,30539.74,0,1,1,normal,
False,False,1212,24684.84,4,0,2,normal,
True,False,1407,17698.03,1,1,3,normal,
False,False,1884,31349.06,0,1,1,normal,
False,False,1465,105513.96,1,5,2,anomaly,failed_mpin_then_large_order
False,False,0,141478.03,0,1,3,anomaly,new_account_large_order
False,False,1125,37776.71,0,0,3,normal,
False,False,779,6446.44,1,1,4,normal,
False,False,1772,22446.54,3,0,4,normal,
False,False,1854,30935.24,0,0,3,normal,
False,False,245,4510.74,1,0,5,normal,
False,False,236,24615.34,3,0,2,normal,
False,False,905,29664.68,3,0,5,normal,
False,False,1242,28601.23,3,0,5,normal,
False,False,210,1756.78,3,1,5,normal,
False,False,1594,7898.6,3,1,3,normal,
False,False,1850,4667.3,0,0,5,normal,
False,False,743,33507.7,0,0,1,normal,
False,False,910,25260.08,4,0,2,normal,
True,False,1078,189790.23,1,0,1,anomaly,account_takeover
False,False,1926,8256.8,1,1,4,normal,
False,False,1360,12553.35,4,1,1,normal,
False,False,708,16695.35,0,1,2,normal,
False,False,421,39395.79,2,0,1,normal,
False,False,1226,3184.45,1,1,1,normal,
False,False,1649,27478.95,3,1,5,normal,
False,False,582,9323.71,4,1,4,normal,
False,False,1481,1625.12,3,1,2,normal,
False,False,1636,39477.86,1,0,5,normal,
False,False,35,27476.98,1,1,3,normal,
False,False,1582,28882.9,4,1,4,normal,
False,False,1335,18698.14,2,0,5,normal,
False,False,1263,26841.85,1,1,3,normal,
False,False,430,15745.84,1,1,5,normal,
False,False,1005,35565.91,1,1,3,normal,
False,False,1692,22291.25,0,1,2,normal,
True,False,60,19567.65,1,1,2,normal,
True,False,244,20974.41,4,1,5,normal,
True,False,1224,8822.88,1,1,2,normal,
False,False,1272,33280.51,0,0,1,normal,
False,False,726,4904.84,0,1,1,normal,
False,False,3,86050.52,0,0,2,anomaly,new_account_large_order
False,False,1002,29263.38,2,0,3,normal,
False,False,685,36063.4,3,1,5,normal,
False,False,397,13565.31,2,1,1,normal,
False,False,393,5065.0,1,0,1,normal,
False,False,1244,22488.17,0,0,1,normal,
False,False,781,30755.23,2,0,5,normal,
False,False,1936,1472.77,2,1,4,normal,
False,False,1536,10523.56,3,0,5,normal,
False,False,482,8434.92,3,0,4,normal,
True,False,906,23308.13,3,0,3,normal,
False,False,1884,37335.01,2,1,2,normal,
False,False,281,16646.09,2,0,1,normal,
False,False,1757,16305.45,3,1,2,normal,
False,False,579,14213.2,1,1,5,normal,
False,False,1062,22575.13,4,1,4,normal,
False,False,1438,15588.48,2,0,4,normal,
False,False,966,24312.58,3,1,2,normal,
False,False,183,21708.73,1,1,4,normal,
False,False,441,37192.08,1,1,4,normal,
False,False,422,24405.9,2,1,1,normal,
False,False,1873,8262.59,0,0,5,normal,
False,False,397,4225.87,3,1,4,normal,
False,False,1881,27414.6,2,0,5,normal,
False,False,1375,11106.62,2,1,1,normal,
False,False,896,12285.35,1,0,3,normal,
False,False,1343,9049.99,1,1,5,normal,
False,False,508,15605.13,3,1,3,normal,
False,False,1112,30147.18,2,0,2,normal,
False,False,678,34886.96,1,0,2,normal,
False,False,588,18951.08,2,0,1,normal,
False,False,1629,9287.09,4,0,4,normal,
False,False,9,12377.26,1,0,1,normal,
True,False,623,32661.67,3,0,1,normal,
False,False,381,1575.14,0,0,3,normal,
False,False,1768,21352.12,3,1,1,normal,
False,False,1044,11531.73,1,1,2,normal,
False,False,677,38611.68,0,0,2,normal,
False,False,1860,9495.54,1,1,2,normal,
True,False,147,27774.99,1,1,2,normal,
False,False,1988,7648.92,4,0,1,normal,
False,False,1349,36225.75,4,1,1,normal,
False,False,179,38301.23,2,1,4,normal,
False,False,116,36191.62,4,0,4,normal,
False,False,930,16457.05,4,1,3,normal,
False,False,24,35476.54,4,0,4,normal,
False,False,766,4811.79,0,1,1,normal,
False,False,628,34984.38,4,1,4,normal,
False,False,1756,82042.12,1,3,1,anomaly,failed_mpin_then_large_order
False,False,1361,8044.62,3,0,3,normal,
True,False,1146,35641.25,3,1,5,normal,
True,False,219,29118.98,0,1,3,normal,
False,False,256,17276.33,1,1,1,normal,
False,False,1156,3960.15,3,1,4,normal,
False,False,980,21551.46,1,1,4,normal,
False,False,1424,7940.68,13,0,1,anomaly,unusual_trading_velocity
False,False,216,28644.98,4,0,3,normal,
False,False,1722,29956.43,3,0,3,normal,
False,False,621,2442.04,0,1,4,normal,
False,False,115,5135.2,4,1,5,normal,
False,False,520,8480.67,0,0,1,normal,
False,False,1841,22099.83,4,0,2,normal,
False,False,1397,9888.01,2,1,5,normal,
False,False,212,38384.11,3,1,3,normal,
False,False,178,2281.42,25,0,2,anomaly,unusual_trading_velocity
False,False,1251,20442.46,3,1,3,normal,
True,False,640,14033.68,1,1,2,normal,
False,False,196,32138.52,4,1,3,normal,
False,False,288,33552.42,2,1,4,normal,
True,False,1147,26276.81,2,1,1,normal,
False,False,247,33118.17,0,1,2,normal,
True,False,224,33026.14,2,0,4,normal,
False,False,1533,9456.67,3,1,4,normal,
False,True,698,9361.09,3,0,2,normal,
False,False,643,2606.74,2,0,3,normal,
False,False,288,39726.55,0,1,1,normal,
False,False,511,16298.37,0,1,3,normal,
False,False,561,18237.37,0,0,1,normal,
False,False,1315,7156.22,0,1,5,normal,
False,False,1143,6366.54,1,0,2,normal,
True,False,43,14814.74,3,0,1,normal,
False,False,1454,1187.38,3,1,5,normal,
False,False,1065,23503.58,2,1,1,normal,
False,False,778,14908.2,4,1,3,normal,
False,False,929,17976.68,4,0,1,normal,
False,False,260,35399.55,3,1,5,normal,
False,False,576,3416.54,3,0,5,normal,
False,False,1910,6595.57,2,1,2,normal,
False,False,1751,39126.1,0,0,4,normal,
False,False,431,23315.29,3,0,5,normal,
False,False,910,16427.2,2,1,1,normal,
False,False,1281,29896.33,4,0,5,normal,
False,False,116,36778.44,2,0,5,normal,
False,False,1661,16097.99,3,1,2,normal,
False,False,854,33487.66,1,1,3,normal,
False,False,623,29577.06,3,1,5,normal,
False,False,816,36845.3,3,1,1,normal,
False,False,188,16989.23,4,0,2,normal,
False,False,879,8664.13,3,0,4,normal,
False,False,1136,21860.3,2,1,4,normal,
False,False,896,4703.43,0,1,2,normal,
False,False,859,28496.93,2,0,3,normal,
False,False,1033,19069.97,3,0,3,normal,
False,False,956,5357.64,0,0,5,normal,
False,False,714,25110.09,2,1,1,normal,
False,False,1628,8192.59,2,1,3,normal,
False,False,1255,19185.34,1,1,4,normal,
False,False,596,37230.76,2,0,2,normal,
False,False,1910,14532.04,1,0,5,normal,
False,False,1979,24396.51,2,1,2,normal,
False,False,38,7812.01,1,0,1,normal,
False,False,127,3327.94,11,0,1,anomaly,unusual_trading_velocity
False,False,1481,38003.57,3,0,1,normal,
False,False,1791,35511.42,1,0,5,normal,
True,False,1109,77261.48,2,1,1,anomaly,account_takeover
False,False,808,7153.91,0,1,2,normal,
False,False,1591,6517.07,2,1,4,normal,
False,False,1211,7128.84,2,1,1,normal,
False,False,1873,29267.2,4,1,2,normal,
False,False,905,36034.76,3,0,2,normal,
False,False,185,15034.22,1,0,5,normal,
False,False,1670,24129.6,4,1,4,normal,
True,False,1645,39775.06,2,1,1,normal,
False,False,962,4829.18,4,1,4,normal,
False,False,1598,19619.43,4,1,2,normal,
False,False,794,32372.51,4,0,1,normal,
False,False,1873,5781.01,1,0,5,normal,
False,False,950,14203.57,2,1,3,normal,
True,False,551,25991.52,2,0,3,normal,
False,False,711,6026.52,4,0,4,normal,
False,False,1968,29718.12,3,1,2,normal,
False,False,1500,17509.63,4,1,5,normal,
False,False,680,33461.88,4,0,3,normal,
False,False,850,11501.62,4,1,2,normal,
False,False,323,26060.17,2,0,1,normal,
False,False,1882,9355.56,3,0,3,normal,
False,False,571,2764.54,4,1,5,normal,
False,False,454,23888.45,0,1,5,normal,
False,False,69,37240.1,3,1,4,normal,
False,False,645,34312.3,3,0,3,normal,
False,False,1516,4547.86,4,0,5,normal,
True,False,404,10716.19,4,0,4,normal,
False,False,44,27732.03,4,1,2,normal,
False,False,1539,4833.4,3,1,5,normal,
True,False,220,6822.98,13,0,1,anomaly,unusual_trading_velocity
False,False,64,10200.67,2,1,4,normal,
False,False,1877,14856.25,1,1,3,normal,
False,False,1307,8557.4,3,0,5,normal,
False,False,828,28547.62,0,0,2,normal,
False,False,1312,23119.96,0,0,5,normal,
False,False,76,3156.05,2,1,1,normal,
False,False,1483,32444.68,3,1,5,normal,
False,False,1399,33745.57,0,0,3,normal,
False,False,572,7944.98,0,0,4,normal,
False,False,188,1935.27,2,0,2,normal,
False,False,405,31753.32,0,1,4,normal,
False,False,563,37297.15,1,0,5,normal,
False,False,981,9927.97,0,0,4,normal,
False,True,1851,19977.42,3,0,3,anomaly,impossible_location_change
False,False,511,33763.86,4,0,2,normal,
True,True,284,63730.39,0,4,3,anomaly,failed_mpin_then_large_order
False,False,303,30150.79,4,1,1,normal,
True,False,1281,11864.09,2,0,3,normal,
False,False,1703,5104.29,3,1,5,normal,
False,False,1389,36511.01,0,1,2,normal,
False,False,1596,11680.84,3,1,3,normal,
False,False,1024,159617.76,1,3,3,anomaly,failed_mpin_then_large_order
False,False,1083,39336.04,2,1,3,normal,
False,False,672,13956.67,4,1,1,normal,
False,False,199,27696.2,2,0,1,normal,
False,False,1323,14475.81,3,1,4,normal,
False,False,1049,37331.44,1,1,4,normal,
False,False,904,34308.16,1,1,5,normal,
False,False,1032,8197.91,3,1,2,normal,
False,False,1998,4478.08,22,0,3,anomaly,unusual_trading_velocity
False,False,263,7132.83,4,0,3,normal,
False,False,1063,29127.03,3,1,4,normal,
False,False,1670,5147.16,1,0,4,normal,
False,False,0,107617.13,2,0,1,anomaly,new_account_large_order
False,False,379,18788.77,4,0,4,normal,
False,False,1695,35241.34,2,1,2,normal,
False,False,113,9072.62,0,1,2,normal,
False,False,1527,24497.36,0,1,2,normal,
False,False,1759,6757.11,4,1,4,normal,
True,False,1493,24703.9,1,1,2,normal,
True,False,950,15000.61,4,1,3,normal,
False,False,1312,2883.74,0,0,2,normal,
False,False,0,68298.99,1,1,2,anomaly,new_account_large_order
False,False,267,13666.69,15,1,1,anomaly,unusual_trading_velocity
False,False,1912,22527.46,2,1,3,normal,
False,False,78,12531.19,0,1,3,normal,
False,False,1024,32349.22,0,0,1,normal,
False,False,208,1730.12,2,0,5,normal,
False,False,1192,5900.09,1,1,1,normal,
False,False,756,26796.38,4,1,5,normal,
False,False,1879,8411.25,1,1,4,normal,
False,False,564,5174.57,0,1,1,normal,
False,False,709,21543.2,4,0,3,normal,
False,False,675,29589.86,2,1,4,normal,
False,False,1654,25412.99,0,1,2,normal,
False,False,1297,3909.07,4,0,2,normal,
False,False,1336,11998.4,2,1,3,normal,
False,False,1788,36090.45,1,1,4,normal,
False,False,372,13385.96,2,1,1,normal,
False,False,45,39212.48,4,1,3,normal,
False,False,1157,21870.17,1,0,5,normal,
True,False,1748,29738.0,4,0,4,normal,
False,False,1637,7911.12,1,0,1,normal,
False,False,942,17710.45,3,0,2,normal,
False,False,1229,36936.48,2,0,2,normal,
False,False,1114,30034.11,3,1,2,normal,
False,False,1675,5120.42,3,1,1,normal,
False,False,1349,29825.37,4,0,1,normal,
False,False,262,12587.66,22,0,1,anomaly,unusual_trading_velocity
False,False,862,3805.12,3,0,1,normal,
False,False,352,25536.91,3,1,2,normal,
False,False,1474,37073.48,4,1,3,normal,
True,False,880,119058.5,1,4,1,anomaly,failed_mpin_then_large_order
False,False,1702,15528.57,0,1,4,normal,
False,False,1900,19884.07,1,0,3,normal,
False,False,1465,36716.87,3,0,5,normal,
False,False,189,10474.6,1,1,1,normal,
False,False,796,27764.84,3,1,1,normal,
False,False,1614,22171.88,4,1,5,normal,
False,False,991,18861.7,3,1,5,normal,
False,False,1243,21801.8,0,1,5,normal,
False,False,1754,38093.35,3,0,4,normal,
False,False,1012,33164.3,2,1,1,normal,
False,False,1999,18927.24,1,1,5,normal,
True,False,894,34006.13,3,0,2,normal,
False,False,1902,27068.17,0,0,4,normal,
False,False,1585,32060.41,3,1,3,normal,
True,False,643,29232.04,0,0,3,normal,
False,False,1489,37512.96,2,1,3,normal,
False,False,1607,39327.68,3,1,1,normal,
False,False,715,28804.55,3,0,2,normal,
False,False,1258,39146.59,3,0,4,normal,
False,False,1529,8868.64,4,0,2,normal,
False,False,1203,20504.36,3,1,3,normal,
False,False,1180,26357.57,1,1,5,normal,
False,False,1095,35488.36,4,1,3,normal,
False,False,1696,14165.59,2,1,3,normal,
False,False,1799,11913.4,4,0,3,normal,
False,False,714,31589.78,4,0,5,normal,
False,False,1304,17442.92,0,0,1,normal,
False,False,438,16426.67,1,1,3,normal,
False,False,301,14023.99,2,0,3,normal,
False,False,58,2943.03,2,0,4,normal,
False,False,691,28774.58,4,0,1,normal,
False,False,294,8781.12,2,1,1,normal,
False,False,1646,34735.47,2,0,1,normal,
False,False,2,112208.26,0,0,1,anomaly,new_account_large_order
False,False,1524,5114.86,1,1,5,normal,
False,False,1277,27483.82,3,0,2,normal,
False,False,1983,13057.09,4,1,3,normal,
False,False,1421,7813.42,1,1,3,normal,
False,False,505,14600.15,4,1,1,normal,
False,False,1590,31147.5,4,0,2,normal,
True,False,441,6183.92,15,0,2,anomaly,unusual_trading_velocity
False,False,1243,8525.39,2,0,4,normal,
False,False,231,27730.09,0,1,2,normal,
True,False,1656,19463.51,2,1,5,normal,
False,False,1770,14142.14,3,0,3,normal,
False,False,1169,33174.82,4,0,1,normal,
False,False,59,30326.29,0,0,4,normal,
False,False,993,13282.74,1,1,3,normal,
False,False,604,28562.12,4,1,3,normal,
False,False,985,16513.29,2,0,3,normal,
False,False,383,66214.37,2,4,3,anomaly,failed_mpin_then_large_order
False,False,390,31684.55,3,0,5,normal,
False,False,351,24432.76,0,0,3,normal,
True,False,1547,10134.25,3,1,4,normal,
False,False,154,32836.56,2,1,2,normal,
False,False,848,24283.05,4,1,5,normal,
False,False,785,21765.55,4,1,4,normal,
False,True,493,9676.01,3,0,4,anomaly,impossible_location_change
False,False,1133,16273.54,1,0,5,normal,
False,False,1663,33552.97,2,0,5,normal,
False,False,851,3736.91,0,1,2,normal,
False,False,537,20249.86,3,0,1,normal,
False,False,944,38524.56,0,0,5,normal,
False,False,906,39456.73,3,1,3,normal,
False,False,1777,17017.43,0,1,3,normal,
False,False,735,4361.94,4,0,3,normal,
False,False,1561,3272.19,3,0,3,normal,
False,False,167,14826.71,2,0,2,normal,
False,False,743,24180.47,4,1,3,normal,
False,False,239,13849.36,1,0,3,normal,
False,False,1146,34306.08,4,0,4,normal,
False,False,673,14909.82,3,1,1,normal,
False,False,1895,7433.4,3,0,1,normal,
False,False,1314,38134.03,1,0,1,normal,
False,False,331,14332.67,0,0,3,normal,
False,False,332,10587.27,0,0,1,normal,
False,False,773,13594.33,1,0,1,normal,
False,False,944,10850.95,0,1,1,normal,
False,False,1122,2158.15,0,0,3,normal,
False,False,1980,17460.86,1,0,3,normal,
False,False,1972,39241.93,0,1,1,normal,
False,False,891,39401.16,4,1,3,normal,
False,False,1374,21094.19,1,1,1,normal,
True,True,217,10289.94,3,0,1,normal,
False,False,1982,35127.82,2,0,4,normal,
True,False,577,13977.12,4,1,3,normal,
False,False,1153,24400.79,0,1,4,normal,
False,False,406,37946.2,4,1,4,normal,
False,False,949,12946.41,2,0,2,normal,
False,False,138,37503.35,3,0,1,normal,
False,False,595,3324.55,0,0,4,normal,
False,False,445,20026.01,4,1,2,normal,
False,False,761,24622.5,3,1,1,normal,
False,False,728,2272.91,3,1,1,normal,
False,False,350,13601.49,2,1,2,normal,
False,False,1227,35357.9,2,1,1,normal,
False,False,92,33464.31,3,0,1,normal,
False,True,31,25548.31,4,1,2,normal,
False,False,418,14888.85,1,0,2,normal,
False,False,171,22479.78,2,1,5,normal,
False,False,1342,1197.63,1,0,1,normal,
False,False,504,25867.64,0,0,3,normal,
False,False,1644,38965.54,3,0,4,normal,
False,False,1412,7367.74,0,1,5,normal,
False,False,669,6765.15,0,0,3,normal,
False,False,1694,34450.58,4,0,3,normal,
False,False,989,36817.35,1,1,5,normal,
False,False,1162,20505.98,1,1,5,normal,
False,False,1742,15831.75,3,1,3,normal,
False,False,537,19908.02,2,1,5,normal,
False,False,1767,31220.97,0,0,1,normal,
False,False,1666,24295.22,2,1,3,normal,
False,False,387,12552.58,1,1,2,normal,
False,False,245,32593.34,0,0,5,normal,
True,True,1614,163805.44,0,1,1,anomaly,account_takeover
False,False,410,27117.22,1,0,1,normal,
False,False,965,39348.76,2,0,4,normal,
False,False,9,17793.83,1,1,5,normal,
False,False,24,3647.72,1,0,1,normal,
False,False,1140,34968.3,2,0,1,normal,
False,False,1933,22851.06,4,0,5,normal,
False,False,270,33558.9,2,0,3,normal,
False,False,1199,13680.08,3,0,3,normal,
False,False,1733,19241.18,1,1,5,normal,
False,False,1805,39835.54,4,1,1,normal,
False,False,310,24213.76,4,1,3,normal,
False,False,267,15287.29,2,0,2,normal,
False,False,1587,20003.08,0,0,2,normal,
False,False,1333,24674.12,1,0,4,normal,
False,False,1392,23539.54,0,1,5,normal,
False,False,389,29687.66,1,1,3,normal,
False,False,1918,18267.1,2,1,5,normal,
True,False,603,15344.96,4,1,1,normal,
False,False,1377,21395.58,3,0,3,normal,
False,False,1944,32195.84,4,0,3,normal,
False,True,1369,37389.84,2,1,1,normal,
False,False,1896,35996.66,3,0,4,normal,
False,False,1549,28584.66,2,0,5,normal,
False,False,327,33938.22,1,1,5,normal,
False,False,1697,12229.67,4,1,4,normal,
False,False,1988,20857.83,4,1,5,normal,
False,False,2,118576.63,0,0,3,anomaly,new_account_large_order
False,False,212,4004.05,4,0,5,normal,
False,False,1038,13963.38,1,0,3,normal,
False,False,309,10544.38,4,0,1,normal,
False,False,548,4281.52,0,1,2,normal,
False,False,1598,2943.66,1,0,2,normal,
False,False,569,32235.3,1,0,2,normal,
False,False,1743,35609.64,3,0,5,normal,
False,False,1446,10865.89,4,0,1,normal,
False,False,1817,28781.07,0,0,4,normal,
False,False,1497,10967.45,2,1,1,normal,
False,False,578,30710.27,4,1,4,normal,
False,False,102,31248.24,4,0,1,normal,
False,False,1251,18600.82,4,0,2,normal,
False,False,1549,25550.84,3,1,3,normal,
False,False,310,18144.06,3,0,5,normal,
False,False,1541,21082.36,3,1,3,normal,
False,False,788,1406.17,4,0,5,normal,
False,False,231,25661.01,0,0,2,normal,
False,False,977,21174.52,4,0,1,normal,
False,False,1772,20597.26,0,0,2,normal,
False,False,400,23274.06,4,0,3,normal,
False,False,765,8319.67,1,1,1,normal,
False,False,499,11199.09,4,1,5,normal,
False,False,1622,16810.96,4,0,4,normal,
False,False,364,1528.6,3,0,1,normal,
False,False,1023,30234.07,3,1,2,normal,
False,False,51,26572.82,4,0,2,normal,
False,False,989,31219.42,0,1,2,normal,
True,True,207,32587.28,2,1,1,normal,
False,False,1104,8951.62,0,0,3,normal,
False,False,1349,1992.56,14,0,3,anomaly,unusual_trading_velocity
False,False,847,14794.31,2,0,3,normal,
False,False,366,21514.46,3,1,2,normal,
False,False,1913,14763.92,2,0,3,normal,
False,False,1226,13534.08,0,0,1,normal,
False,False,1014,37171.95,0,1,1,normal,
True,False,72,33989.83,1,0,3,normal,
False,False,1499,25658.72,3,0,5,normal,
False,False,1988,16550.06,2,1,3,normal,
False,False,401,4207.45,1,1,2,normal,
False,False,527,17749.67,3,0,1,normal,
False,False,1460,9797.69,1,1,5,normal,
False,False,47,24069.39,2,0,1,normal,
False,False,519,31600.19,4,1,1,normal,
False,False,1167,24595.28,2,0,5,normal,
False,False,1126,12239.65,4,1,1,normal,
False,False,1582,14375.13,1,1,3,normal,
False,False,906,21322.63,3,0,3,normal,
False,False,1225,11465.01,0,1,5,normal,
False,False,1108,13712.47,1,1,2,normal,
False,False,1116,34141.5,3,0,3,normal,
False,False,1772,15340.81,3,0,2,normal,
False,False,1081,13844.49,1,1,4,normal,
False,False,122,25921.94,3,1,2,normal,
False,False,1547,8124.85,0,1,2,normal,
False,False,224,57824.5,0,6,3,anomaly,failed_mpin_then_large_order
False,False,1276,23782.77,3,1,2,normal,
False,False,1619,11407.7,3,0,2,normal,
False,False,1737,20813.1,4,1,4,normal,
True,False,816,4845.92,1,0,3,normal,
False,False,1934,13705.76,2,1,4,normal,
False,False,1355,5212.54,4,1,1,normal,
False,False,329,13388.84,0,1,3,normal,
False,False,1365,24626.84,4,1,5,normal,
False,False,1167,38541.06,4,1,4,normal,
False,False,1696,12188.58,3,1,1,normal,
False,False,1067,21782.52,1,0,3,normal,
False,False,1313,35058.39,2,0,5,normal,
False,False,1045,24657.2,2,0,1,normal,
False,False,1394,15726.2,3,1,2,normal,
False,False,371,25062.3,1,1,4,normal,
False,False,1388,7921.99,1,1,5,normal,
False,False,1850,22298.0,1,0,4,normal,
False,False,909,12808.82,4,1,5,normal,
False,False,690,27834.26,2,1,4,normal,
False,False,1309,7167.74,2,0,3,normal,
False,True,1919,26985.75,4,1,5,normal,
False,False,1062,18939.2,2,1,1,normal,
False,False,515,33764.8,4,1,1,normal,
False,False,1662,23791.01,4,1,4,normal,
False,False,1510,11633.51,4,0,3,normal,
False,False,1387,37880.45,0,0,4,normal,
False,False,246,27765.72,0,1,4,normal,
False,False,242,1719.88,2,1,1,normal,
False,False,534,5563.85,4,1,5,normal,
False,False,284,25149.23,3,0,1,normal,
True,False,778,8478.71,4,1,3,normal,
False,False,224,34183.63,4,0,5,normal,
False,False,137,29036.11,2,1,1,normal,
False,False,1449,25724.58,4,1,5,normal,
False,False,577,26518.21,1,0,2,normal,
False,False,46,986.47,2,1,3,normal,
False,False,1989,24649.56,4,0,4,normal,
False,False,435,29227.08,0,1,2,normal,
False,False,124,29895.91,2,0,5,normal,
False,False,80,2727.51,3,1,5,normal,
True,False,889,29962.72,4,0,1,normal,
False,False,1364,8138.46,2,0,5,normal,
False,False,1682,27639.54,2,1,4,normal,
False,False,1464,30262.68,2,1,5,normal,
False,False,1316,18538.86,1,0,4,normal,
False,False,749,10882.86,0,1,5,normal,
False,False,684,39279.05,0,1,2,normal,
False,False,1324,37505.84,4,1,3,normal,
False,False,1606,6744.89,1,1,2,normal,
False,False,1419,5095.08,2,0,2,normal,
False,False,541,6203.95,0,0,5,normal,
False,False,1902,1104.81,3,0,5,normal,
False,False,1641,39396.47,4,1,1,normal,
False,False,1724,17966.48,1,1,2,normal,
False,False,205,29911.26,2,0,5,normal,
False,False,727,35430.08,2,1,1,normal,
False,True,1973,162068.26,0,5,3,anomaly,failed_mpin_then_large_order
False,False,1,78898.73,1,1,1,anomaly,new_account_large_order
False,False,734,35783.12,4,0,2,normal,
False,False,802,11567.42,2,0,5,normal,
False,False,1684,23198.36,0,1,3,normal,
False,False,436,29228.29,3,0,2,normal,
False,False,179,6099.52,4,0,1,normal,
False,False,818,1260.6,2,1,1,normal,
False,False,1446,38815.89,0,1,5,normal,
False,False,636,8953.15,1,1,1,normal,
False,False,349,8376.56,1,0,2,normal,
False,False,1390,33625.53,3,1,3,normal,
True,False,239,36474.12,4,1,4,normal,
False,False,1880,10740.83,0,1,4,normal,
True,False,1398,32352.57,4,0,5,normal,
False,False,1806,22722.4,1,0,2,normal,
False,False,364,13566.46,1,1,2,normal,
False,False,1645,28721.46,3,0,5,normal,
False,False,1713,22426.01,3,0,1,normal,
False,False,179,2316.4,4,1,4,normal,
False,False,1919,29545.92,4,1,4,normal,
False,False,708,30336.01,1,0,5,normal,
False,False,406,25437.72,2,0,1,normal,
False,False,1457,1249.59,4,0,4,normal,
False,False,693,13385.06,0,1,4,normal,
False,False,1831,16930.15,2,0,5,normal,
False,False,432,36501.02,0,0,1,normal,
False,False,1260,1524.23,4,0,4,normal,
True,False,1967,27568.61,4,1,4,normal,
True,False,1341,3952.89,14,0,2,anomaly,unusual_trading_velocity
False,False,1688,11204.07,0,0,3,normal,
False,False,780,30358.15,1,0,4,normal,
False,False,258,26435.32,0,1,5,normal,
False,False,220,4528.11,0,0,2,normal,
False,False,1350,20146.23,2,1,4,normal,
False,False,1170,2384.52,0,0,1,normal,
False,False,806,34211.19,3,0,4,normal,
False,False,581,7543.85,4,0,2,normal,
False,False,1058,2979.25,1,1,5,normal,
False,False,1352,10040.67,2,1,4,normal,
False,False,756,11179.85,4,0,2,normal,
False,False,962,22942.84,0,1,1,normal,
False,False,598,30061.34,0,1,5,normal,
False,False,213,16253.52,4,1,5,normal,
True,True,1780,34921.14,1,1,2,anomaly,impossible_location_change
False,False,369,23371.55,1,1,3,normal,
False,False,404,32207.74,4,1,1,normal,
False,False,1491,10166.93,4,1,1,normal,
False,False,1049,36417.29,1,1,1,normal,
True,True,497,99496.05,3,0,1,anomaly,account_takeover
False,False,1471,31618.16,0,1,4,normal,
False,False,2,139651.79,3,0,1,anomaly,new_account_large_order
False,False,197,26655.04,4,1,3,normal,
False,False,332,33196.82,0,0,3,normal,
False,False,1940,17998.35,1,0,5,normal,
False,False,1866,2935.45,3,1,5,normal,
False,False,511,20222.41,2,1,4,normal,
False,False,1814,32908.88,2,0,5,normal,
False,False,1375,13215.12,0,0,5,normal,
False,False,1334,20471.67,3,0,4,normal,
False,False,1421,38858.13,2,0,5,normal,
True,True,810,154203.9,3,1,1,anomaly,account_takeover
False,False,1600,20581.45,0,0,5,normal,
False,False,1767,9065.78,3,1,4,normal,
False,False,1710,24147.86,4,0,1,normal,
False,False,1785,22765.02,2,1,2,normal,
False,False,981,14337.45,1,1,4,normal,
False,False,857,5447.21,0,0,5,normal,
False,False,1779,31966.32,0,1,4,normal,
False,False,1962,22474.49,3,0,1,normal,
False,False,1974,30575.3,0,0,2,normal,
False,False,629,12112.26,0,0,2,normal,
False,False,592,31254.9,2,1,3,normal,
False,False,1499,28625.33,3,1,5,normal,
False,False,1650,36436.21,4,0,4,normal,
False,False,735,18449.01,1,0,5,normal,
False,False,715,32015.78,0,0,2,normal,
False,False,393,1658.76,3,0,3,normal,
False,False,1597,2152.14,3,1,4,normal,
False,False,776,6288.72,1,0,4,normal,
False,False,801,13521.63,4,0,5,normal,
False,False,130,11943.3,0,0,4,normal,
False,False,1663,13060.65,4,0,2,normal,
False,False,1055,7626.18,0,0,3,normal,
False,False,1808,10149.23,2,0,4,normal,
False,False,1287,22922.98,1,0,3,normal,
False,False,999,4999.38,0,1,2,normal,
False,False,1238,37460.75,1,1,1,normal,
False,False,1334,11536.36,4,0,3,normal,
False,False,1408,18794.7,0,1,2,normal,
False,False,977,22177.77,4,0,3,normal,
False,False,1069,6108.49,3,1,3,normal,
False,False,328,14509.71,2,1,1,normal,
True,False,1172,3372.5,1,0,3,normal,
False,False,748,10751.9,2,1,5,normal,
False,False,125,53944.36,0,4,3,anomaly,failed_mpin_then_large_order
False,False,809,12915.2,4,1,2,normal,
False,False,1062,11454.54,1,0,4,normal,
False,False,1006,36480.02,1,1,5,normal,
False,False,1256,16265.33,2,1,1,normal,
False,False,183,29812.03,4,1,1,normal,
False,False,1898,24106.64,2,1,1,normal,
False,False,1864,12324.89,2,1,5,normal,
False,False,1970,4595.9,4,1,4,normal,
False,False,1212,15929.71,4,1,2,normal,
False,False,1846,5366.82,1,1,2,normal,
False,False,1565,6657.2,3,0,4,normal,
False,False,1348,14573.61,0,0,3,normal,
False,False,644,26316.98,1,1,1,normal,
False,False,755,24894.9,0,1,4,normal,
False,False,1028,27237.89,2,0,3,normal,
False,False,270,10286.93,3,1,5,normal,
False,False,861,30650.12,3,1,4,normal,
False,False,980,9782.59,1,0,3,normal,
False,False,622,12019.66,3,1,3,normal,
False,False,1968,11102.99,0,0,3,normal,
False,False,1603,37694.4,0,0,4,normal,
False,True,1940,29929.48,3,1,2,normal,
False,False,1612,22452.85,3,0,2,normal,
False,False,1182,30892.13,0,0,1,normal,
False,False,265,10317.26,1,1,1,normal,
False,False,563,34693.04,2,0,2,normal,
False,False,1198,16835.55,2,1,1,normal,
False,False,1539,29850.43,0,1,4,normal,
False,False,509,1623.48,2,1,1,normal,
True,False,1169,25432.93,0,0,3,normal,
False,False,777,15824.72,4,1,2,normal,
False,False,696,16952.87,2,0,5,normal,
False,False,621,28044.66,0,0,3,normal,
True,False,1376,1992.97,0,0,3,normal,
False,False,1326,16184.74,3,1,2,normal,
False,False,1370,19666.23,2,1,4,normal,
False,False,1667,14588.56,4,1,4,normal,
False,False,1382,26210.49,3,0,5,normal,
False,False,221,30594.95,0,0,3,normal,
False,False,143,39644.94,3,0,3,normal,
False,False,571,2988.91,3,1,1,normal,
False,False,1563,35437.67,2,0,4,normal,
True,False,1910,6275.26,0,0,1,normal,
False,False,1101,36689.5,0,0,2,normal,
False,False,1479,2350.78,0,0,1,normal,
False,False,1601,13428.6,3,0,1,normal,
False,False,1480,22005.59,4,1,2,normal,
False,False,1871,4204.91,1,1,5,normal,
False,False,1838,3842.98,4,1,5,normal,
False,False,1317,23280.21,2,0,2,normal,
False,False,1399,7635.01,0,1,1,normal,
False,False,1731,36560.73,3,0,2,normal,
False,False,511,15635.82,4,1,5,normal,
False,False,479,32596.37,3,0,1,normal,
False,False,1283,24640.72,0,0,4,normal,
False,False,960,2930.66,3,1,4,normal,
False,False,1801,33461.69,4,0,3,normal,
False,False,1586,35352.31,4,1,1,normal,
False,False,1197,21883.48,1,0,3,normal,
False,True,304,37331.06,3,0,4,anomaly,impossible_location_change
False,False,1904,17981.34,3,0,2,normal,
False,False,281,17616.95,3,1,2,normal,
False,False,1395,17259.49,4,1,5,normal,
False,False,1794,22615.33,2,1,5,normal,
False,False,1319,2529.45,3,1,2,normal,
False,False,933,1985.49,2,1,1,normal,
False,False,133,27010.16,4,1,4,normal,
False,False,1930,8799.37,0,0,2,normal,
False,False,1918,1994.51,3,1,2,normal,
False,False,377,33480.67,4,1,5,normal,
False,False,1940,37647.4,3,1,3,normal,
False,False,951,3299.67,2,1,3,normal,
False,False,715,36887.07,1,0,5,normal,
False,False,1928,35392.16,0,1,3,normal,
False,False,937,38697.36,4,1,4,normal,
False,False,1668,17089.96,1,1,5,normal,
False,False,94,9533.05,4,0,2,normal,
False,False,1157,23432.13,3,0,5,normal,
False,False,476,39934.03,0,0,4,normal,
False,False,660,13282.88,4,1,1,normal,
False,False,287,28737.1,1,0,2,normal,
False,False,1698,22752.39,2,0,1,normal,
False,False,423,33480.15,4,1,2,normal,
True,True,835,3062.54,1,1,2,anomaly,impossible_location_change
False,False,455,1460.09,2,0,4,normal,
False,False,1768,38851.65,3,1,5,normal,
False,False,1378,11610.46,2,1,3,normal,
False,False,1869,14213.15,4,0,1,normal,
False,False,1347,8602.26,4,1,2,normal,
False,False,542,20671.07,1,1,5,normal,
False,False,407,5430.06,1,1,1,normal,
False,False,1566,25566.4,4,1,2,normal,
False,False,621,24633.72,2,1,5,normal,
False,False,1330,21384.42,2,1,3,normal,
False,False,101,1350.67,4,1,3,normal,
False,False,125,3841.11,2,1,1,normal,
False,False,1829,31108.08,0,0,2,normal,
False,False,193,9095.67,1,0,2,normal,
False,False,1545,2326.52,1,0,4,normal,
False,False,1552,2682.33,2,1,3,normal,
False,False,584,17259.58,2,0,1,normal,
False,False,1538,4406.61,3,1,1,normal,
False,False,717,35279.66,1,1,5,normal,
False,False,1170,18221.43,3,1,2,normal,
False,False,1988,1087.23,1,0,5,normal,
False,False,143,22216.96,1,1,4,normal,
False,False,1276,24503.52,1,0,3,normal,
False,False,1257,3993.63,3,0,5,normal,
False,False,1069,11797.26,0,0,5,normal,
False,False,1319,14033.38,3,1,4,normal,
False,False,386,22451.99,1,1,1,normal,
True,False,1594,2332.06,3,0,5,normal,
False,False,549,1608.03,4,0,3,normal,
False,False,337,28616.58,2,0,2,normal,
False,False,1188,22228.37,1,1,2,normal,
False,False,1742,29442.6,3,1,1,normal,
False,False,95,7805.17,0,0,5,normal,
False,False,1716,20697.32,2,1,4,normal,
False,False,435,33421.24,2,0,4,normal,
False,False,163,13953.41,4,1,3,normal,
False,False,775,7587.78,0,1,3,normal,
False,False,1773,28150.7,0,0,4,normal,
False,False,1658,19711.12,0,0,5,normal,
False,False,1137,11697.17,4,1,3,normal,
False,False,2,125492.73,3,1,1,anomaly,new_account_large_order
True,False,1358,34484.25,2,0,4,normal,
False,False,275,4507.39,13,1,2,anomaly,unusual_trading_velocity
True,True,1290,82736.54,0,1,1,anomaly,account_takeover
False,False,666,1522.39,2,1,5,normal,
False,False,660,11271.83,1,1,1,normal,
False,False,1704,15445.14,2,0,4,normal,
False,False,456,30138.34,1,1,2,normal,
False,False,580,23505.6,2,1,5,normal,
False,False,942,38039.03,2,0,2,normal,
False,True,1209,26478.23,1,0,2,normal,
False,False,1348,11367.31,24,1,2,anomaly,unusual_trading_velocity
True,False,129,30881.7,4,0,1,normal,
False,False,1173,23544.57,1,0,3,normal,
False,False,1207,25193.42,0,1,2,normal,
False,False,1068,35943.41,4,1,3,normal,
False,False,1985,30634.23,1,0,4,normal,
False,False,482,14523.05,4,0,1,normal,
False,False,1247,1396.41,1,1,3,normal,
False,False,1710,19479.66,2,0,5,normal,
False,False,1569,34844.78,1,1,3,normal,
False,True,1027,34288.74,4,0,5,normal,
False,False,1371,23795.05,2,0,2,normal,
False,False,375,17162.49,0,1,3,normal,
False,False,880,38309.98,0,1,5,normal,
False,False,79,3842.11,0,1,3,normal,
False,False,918,3702.77,4,0,5,normal,
False,False,668,8548.62,0,0,4,normal,
False,False,1571,34398.75,4,1,3,normal,
False,False,1222,35691.3,2,0,2,normal,
False,False,1462,5058.51,2,1,5,normal,
False,False,500,32080.44,4,1,1,normal,
False,False,823,39984.0,3,1,4,normal,
False,False,1518,29668.22,0,1,5,normal,
False,False,1029,29129.56,0,0,4,normal,
False,False,519,35042.2,0,1,5,normal,
False,False,1476,23966.03,2,1,1,normal,
False,False,1678,6944.21,2,1,2,normal,
False,False,704,32871.28,3,0,1,normal,
True,False,1224,19061.54,0,0,3,normal,
False,False,277,23729.41,3,0,2,normal,
False,False,278,6883.82,3,1,1,normal,
False,False,1722,5028.32,4,0,4,normal,
False,False,355,5984.18,2,1,4,normal,
False,False,194,31749.46,4,0,2,normal,
False,False,1720,11759.09,0,0,2,normal,
False,False,1652,3925.54,0,1,2,normal,
False,False,1706,32996.37,3,0,4,normal,
False,False,664,1124.09,1,0,4,normal,
False,False,176,2635.95,3,1,2,normal,
False,False,1511,29842.04,2,0,2,normal,
False,False,1829,37189.39,2,0,5,normal,
False,False,1840,12533.5,1,0,5,normal,
False,False,151,25408.03,4,1,5,normal,
False,False,671,19894.32,4,1,2,normal,
False,False,332,26060.91,2,0,5,normal,
False,False,1945,16759.11,0,1,5,normal,
False,False,1707,19906.58,4,1,2,normal,
False,False,70,39333.21,2,0,2,normal,
True,False,1159,31949.87,2,0,1,normal,
False,False,1720,19788.15,0,0,3,normal,
False,False,789,39595.6,1,1,3,normal,
False,False,1117,8755.12,4,1,1,normal,
False,False,958,29674.0,1,0,2,normal,
False,False,602,35707.6,1,0,3,normal,
False,False,163,28403.67,0,0,4,normal,
False,False,644,36228.31,4,0,3,normal,
False,False,471,30741.35,3,0,5,normal,
False,False,516,14074.52,1,0,1,normal,
True,False,175,21287.64,3,1,1,normal,
False,False,976,22475.17,4,1,2,normal,
False,False,10,32311.81,1,1,2,normal,
True,True,1554,98498.75,0,1,1,anomaly,account_takeover
True,False,739,2592.37,15,0,3,anomaly,unusual_trading_velocity
False,False,1709,28766.54,0,1,4,normal,
False,False,498,22857.59,2,1,2,normal,
False,False,266,7663.72,1,0,5,normal,
False,False,137,21370.02,2,0,4,normal,
False,False,162,38330.58,0,0,4,normal,
False,False,1770,38501.81,3,1,4,normal,
False,False,1286,30219.86,1,0,1,normal,
False,False,1732,23039.43,1,0,2,normal,
False,False,811,21048.87,3,1,2,normal,
False,False,1567,693.35,4,0,5,normal,
False,False,1764,39977.11,4,0,3,normal,
False,False,562,30114.51,0,0,1,normal,
False,False,1702,11793.63,1,1,3,normal,
False,False,1260,39362.21,4,0,5,normal,
False,False,1280,91368.49,1,5,3,anomaly,failed_mpin_then_large_order
False,False,1836,9094.02,4,1,3,normal,
False,False,1435,31905.45,4,1,2,normal,
False,False,1716,33396.5,1,0,2,normal,
False,False,981,30075.55,0,0,2,normal,
True,False,1438,18923.21,3,0,5,normal,
False,False,1438,22073.43,3,0,3,normal,
False,False,1525,5838.99,1,1,5,normal,
False,False,1387,38331.04,1,1,4,normal,
False,False,1186,21778.81,1,1,5,normal,
False,False,1509,34357.98,1,1,5,normal,
False,False,1993,9750.16,2,0,5,normal,
False,False,723,14368.44,1,0,1,normal,
False,False,123,18090.66,3,0,3,normal,
False,False,167,22030.07,3,1,1,normal,
False,False,826,23118.89,2,0,5,normal,
False,False,352,3686.06,0,0,2,normal,
False,False,1107,17896.43,4,0,3,normal,
False,False,1768,29522.82,2,1,4,normal,
False,False,862,27700.8,1,0,1,normal,
False,False,938,26167.58,4,1,1,normal,
False,False,647,33801.78,4,1,4,normal,
False,False,881,5724.38,4,0,3,normal,
False,False,1830,33983.84,0,0,1,normal,
False,False,168,8803.39,4,1,1,normal,
False,False,604,11978.54,0,1,5,normal,
False,False,1609,30909.98,1,1,2,normal,
False,False,1686,21635.67,2,0,4,normal,
False,False,938,20621.89,4,1,4,normal,
False,False,438,18655.06,1,1,2,normal,
False,False,415,27095.97,1,0,4,normal,
False,False,708,25074.3,0,0,2,normal,
False,False,915,31154.3,3,0,4,normal,
True,False,1180,36597.85,4,0,2,normal,
False,False,1196,4120.48,4,1,1,normal,
False,False,716,18619.18,1,1,1,normal,
False,False,862,27132.62,4,1,4,normal,
False,False,184,19947.55,0,0,3,normal,
False,False,1751,17943.86,4,1,2,normal,
False,False,1038,27702.32,1,1,1,normal,
False,False,945,30226.24,4,0,5,normal,
False,False,1926,11305.31,2,0,5,normal,
False,False,696,22449.53,2,1,3,normal,
False,False,490,27166.1,3,1,3,normal,
False,True,563,153453.18,0,6,3,anomaly,failed_mpin_then_large_order
True,False,1309,4499.05,3,0,5,normal,
False,False,335,20665.59,4,1,1,normal,
False,False,275,10079.41,2,1,4,normal,
False,False,597,22787.93,0,0,4,normal,
False,False,1271,15663.64,3,0,1,normal,
False,False,1719,25209.78,3,1,2,normal,
False,False,1260,39463.66,3,0,3,normal,
False,False,1704,29081.28,3,1,3,normal,
False,False,1148,11065.9,1,0,1,normal,
False,False,1475,1095.59,4,1,2,normal,
False,False,1083,6399.36,4,0,4,normal,
False,False,1018,2953.91,2,1,3,normal,
False,False,1470,25879.16,4,0,4,normal,
False,False,1555,39781.68,3,1,4,normal,
False,False,71,11687.56,4,0,1,normal,
False,False,1717,6689.32,4,0,2,normal,
False,False,576,33192.4,0,0,4,normal,
False,False,638,11680.82,1,1,3,normal,
False,False,1800,33315.74,1,0,3,normal,
False,False,835,38554.9,4,1,3,normal,
False,False,988,27758.13,0,1,4,normal,
False,False,497,33640.87,0,1,1,normal,
False,False,1110,7341.2,4,0,3,normal,
False,False,269,39531.67,2,0,2,normal,
False,False,748,35353.96,0,1,1,normal,
False,True,970,34665.71,3,1,5,normal,
False,True,143,39915.91,1,1,2,normal,
False,False,1233,39197.7,3,1,1,normal,
False,False,1601,10888.26,4,0,3,normal,
False,False,824,16524.78,4,0,1,normal,
False,False,8,5271.31,1,0,2,normal,
False,False,868,24028.03,3,0,3,normal,
True,False,1491,5821.92,0,1,4,normal,
False,False,1019,11145.88,4,1,4,normal,
False,False,675,2709.5,2,0,2,normal,
True,False,1904,39807.06,4,0,4,normal,
False,False,1797,13035.03,4,1,5,normal,
False,True,1927,19653.73,3,0,2,anomaly,impossible_location_change
False,False,1001,16667.26,14,0,3,anomaly,unusual_trading_velocity
False,False,347,16412.78,4,1,5,normal,
True,False,61,21148.11,2,0,3,normal,
False,False,1632,13246.81,0,0,4,normal,
False,True,1741,22851.7,3,0,5,normal,
False,False,489,14318.74,2,0,3,normal,
False,False,473,21704.51,3,0,4,normal,
False,False,978,6674.78,1,0,4,normal,
False,False,1196,34765.8,0,1,1,normal,
False,False,892,9108.87,2,1,5,normal,
False,False,877,36495.22,2,0,4,normal,
False,False,1170,39432.72,3,0,2,normal,
False,True,1829,12105.03,0,1,4,normal,
False,False,228,9013.29,0,0,1,normal,
True,False,1490,31722.6,2,0,3,normal,
False,False,1760,2207.81,1,0,4,normal,
False,False,1183,12947.8,1,0,1,normal,
False,False,1348,17027.59,0,1,5,normal,
False,False,367,37629.88,3,0,2,normal,
False,False,314,22635.85,1,0,2,normal,
False,False,975,37351.66,0,0,2,normal,
False,False,1223,35533.15,3,1,2,normal,
False,False,1739,19798.87,1,1,3,normal,
False,False,1996,22352.42,0,0,5,normal,
False,False,250,32457.77,0,1,3,normal,
False,False,1597,37772.4,0,1,2,normal,
True,False,1583,19010.16,2,1,4,normal,
False,False,120,10048.24,2,0,3,normal,
False,False,284,1048.1,0,0,2,normal,
False,False,599,33774.39,2,0,2,normal,
False,True,1080,140483.73,1,4,1,anomaly,failed_mpin_then_large_order
False,False,1313,22082.09,2,0,4,normal,
False,False,404,10318.65,2,0,2,normal,
False,False,366,26476.31,4,1,2,normal,
True,True,1078,3223.79,1,1,2,anomaly,impossible_location_change
False,False,573,11020.61,2,0,3,normal,
False,False,193,8577.03,2,0,4,normal,
False,False,663,27928.67,3,0,3,normal,
False,False,1316,1696.29,4,1,3,normal,
False,False,1149,36866.39,4,1,5,normal,
False,False,1577,21450.78,0,1,5,normal,
True,True,1858,99585.38,1,0,1,anomaly,account_takeover
False,False,820,1992.1,2,0,2,normal,
False,False,480,30362.21,2,0,5,normal,
False,False,1428,18651.09,0,0,4,normal,
False,False,1591,7034.26,0,0,5,normal,
False,False,1956,15445.32,1,1,1,normal,
False,False,776,6855.73,0,0,3,normal,
False,False,1313,10498.2,1,1,1,normal,
False,False,73,31406.86,4,1,5,normal,
False,False,1826,14026.12,0,0,3,normal,
True,False,1566,8590.92,4,1,1,normal,
False,False,1203,11481.22,4,1,2,normal,
True,False,552,28915.39,3,1,1,normal,
False,False,93,39812.21,3,0,1,normal,
False,False,282,35492.42,0,1,5,normal,
False,False,966,36475.64,2,0,4,normal,
False,False,1773,36029.1,0,0,2,normal,
False,False,433,4118.96,3,0,4,normal,
False,False,1284,27861.83,0,1,5,normal,
False,True,288,1217.33,1,1,2,normal,
False,False,1870,36578.33,3,1,5,normal,
False,False,1794,30278.72,1,0,2,normal,
False,False,1191,24903.32,3,1,4,normal,
False,False,122,25651.55,1,0,4,normal,
False,False,1473,6366.35,4,1,3,normal,
False,False,1445,19731.15,4,1,1,normal,
False,False,1772,11436.95,2,0,2,normal,
False,False,1961,6229.96,4,1,5,normal,
False,False,841,11154.51,1,1,4,normal,
False,False,1763,24977.5,1,1,3,normal,
False,False,1292,23569.55,3,1,2,normal,
False,False,264,27481.98,4,1,3,normal,
False,False,1017,28391.02,4,1,3,normal,
False,False,217,16992.42,3,1,1,normal,
False,False,295,35439.45,1,0,3,normal,
False,False,1420,20949.38,2,1,2,normal,
True,False,1477,32156.62,2,1,2,normal,
False,False,1899,38222.14,4,0,2,normal,
False,False,312,22432.14,0,1,1,normal,
False,False,358,29594.8,2,1,5,normal,
False,False,388,24390.87,3,0,2,normal,
False,False,1252,32916.34,2,1,2,normal,
False,False,1327,29403.38,3,0,5,normal,
False,False,1715,22405.15,0,1,1,normal,
False,False,426,6218.88,3,0,1,normal,
False,False,1746,36329.39,0,0,3,normal,
False,False,1227,30390.34,2,0,3,normal,
False,False,361,27377.14,0,0,1,normal,
False,False,1200,2915.36,1,0,2,normal,
False,False,1944,15818.51,2,0,2,normal,
False,False,1518,32759.82,0,0,5,normal,
False,False,1390,37254.53,4,1,1,normal,
False,False,363,7455.96,4,1,3,normal,
False,False,199,37100.51,1,1,4,normal,
False,False,1539,5949.8,2,1,5,normal,
False,False,861,10762.95,4,1,4,normal,
False,False,1845,30690.57,3,0,2,normal,
False,False,1781,14292.65,3,0,2,normal,
False,False,589,22771.61,3,0,5,normal,
False,False,1424,39120.92,4,1,4,normal,
False,False,380,16043.02,3,0,1,normal,
False,False,122,18013.43,0,1,1,normal,
False,False,1812,11194.69,3,0,5,normal,
False,False,1990,4571.31,4,0,1,normal,
False,False,1374,36552.61,4,0,4,normal,
False,False,235,5250.97,2,0,3,normal,
False,False,456,10191.39,1,1,2,normal,
False,False,1831,10172.92,0,1,3,normal,
False,False,486,37070.73,3,0,2,normal,
False,False,1043,16665.43,0,1,3,normal,
False,False,1636,21731.69,3,0,4,normal,
False,False,1172,33009.84,2,0,5,normal,
False,False,895,14694.35,4,1,1,normal,
False,False,11,14024.3,2,1,5,normal,
False,False,1386,6571.11,0,0,3,normal,
False,False,1069,14790.28,3,1,1,normal,
False,False,1240,29173.5,2,1,4,normal,
False,False,390,6033.63,20,1,1,anomaly,unusual_trading_velocity
False,False,612,14784.18,1,0,5,normal,
False,False,587,36531.2,1,1,5,normal,
False,False,202,20796.39,0,1,5,normal,
False,False,20,8125.0,3,1,5,normal,
False,False,524,18762.57,1,1,5,normal,
False,False,953,7678.3,2,1,3,normal,
False,False,1870,17253.44,3,1,3,normal,
True,False,1141,37444.68,4,1,5,normal,
False,False,955,24302.69,2,0,4,normal,
False,False,117,13158.67,2,0,1,normal,
False,False,1589,23446.29,1,0,3,normal,
False,False,66,1888.62,2,1,4,normal,
False,False,368,16478.74,1,1,1,normal,
False,False,1300,28004.46,1,1,2,normal,
False,False,187,12138.17,18,0,1,anomaly,unusual_trading_velocity
False,False,231,18354.21,1,0,5,normal,
False,False,5,125971.61,2,1,2,anomaly,new_account_large_order
False,False,1968,4966.04,2,0,3,normal,
False,False,1038,16330.33,2,0,3,normal,
False,False,345,39333.41,2,1,4,normal,
False,False,30,8326.93,2,0,5,normal,
False,False,1809,6075.52,2,0,5,normal,
False,False,825,20059.56,3,1,1,normal,
False,False,1192,4310.39,4,1,3,normal,
False,False,271,4639.01,4,1,3,normal,
False,False,4,104683.88,1,0,1,anomaly,new_account_large_order
False,False,1274,16682.36,4,1,3,normal,
False,False,1937,38080.72,4,0,1,normal,
False,False,850,18330.93,1,1,2,normal,
False,False,337,20790.65,1,0,5,normal,
False,False,1283,4671.55,0,1,4,normal,
False,False,1420,3821.03,1,1,5,normal,
False,False,1224,38039.65,4,0,5,normal,
False,False,1662,12995.16,3,0,1,normal,
False,False,481,16724.04,0,0,4,normal,
False,False,417,20220.88,0,0,2,normal,
False,False,117,30602.44,3,1,1,normal,
True,False,495,16723.65,10,1,2,anomaly,unusual_trading_velocity
False,False,594,27091.31,2,1,4,normal,
False,False,1338,36194.57,3,1,1,normal,
False,False,1993,6824.75,3,0,4,normal,
False,False,617,32561.84,3,1,4,normal,
False,False,1676,22245.18,3,0,4,normal,
False,False,1493,24123.97,3,1,2,normal,
False,False,1740,7919.94,3,0,4,normal,
False,False,317,6225.51,2,0,1,normal,
False,False,1686,29186.32,0,1,2,normal,
False,False,1491,20202.2,4,1,3,normal,
False,False,1236,24781.75,4,0,4,normal,
False,False,939,39358.33,2,0,2,normal,
False,False,762,39272.1,0,0,3,normal,
False,False,153,21238.23,3,1,1,normal,
False,False,1177,18169.0,2,0,1,normal,
False,False,501,21142.21,0,0,1,normal,
False,False,1519,38313.02,4,0,4,normal,
False,False,1246,10423.95,3,0,3,normal,
False,False,1671,15492.48,1,0,5,normal,
False,False,1415,2884.51,2,1,1,normal,
False,False,1127,25404.23,4,0,4,normal,
False,False,92,22525.58,4,0,3,normal,
True,False,1328,23871.86,3,1,4,normal,
False,False,1363,2500.14,0,0,5,normal,
False,False,1792,720.08,1,1,5,normal,
False,False,391,13620.13,3,0,1,normal,
False,False,1507,32691.05,4,0,2,normal,
False,False,977,18098.17,2,1,3,normal,
False,False,1247,887.75,2,0,3,normal,
False,False,1970,35105.67,1,1,3,normal,
False,False,950,11278.47,0,0,2,normal,
True,False,32,15872.87,3,0,1,normal,
False,False,313,27567.13,3,1,2,normal,
True,False,1349,1587.49,4,0,1,normal,
False,False,1084,18721.39,3,1,1,normal,
False,False,314,31593.43,4,0,2,normal,
False,False,995,5092.6,0,1,2,normal,
False,False,907,31454.16,4,1,1,normal,
False,False,46,18660.29,0,1,5,normal,
False,False,1974,27169.9,3,0,5,normal,
False,False,1023,1914.6,3,0,5,normal,
False,False,1012,21572.06,0,1,5,normal,
False,False,1495,1869.18,2,0,5,normal,
False,False,1356,12934.14,4,0,1,normal,
False,False,1551,26794.16,3,0,1,normal,
False,False,743,33976.03,4,1,1,normal,
False,False,1294,25115.62,4,0,1,normal,
False,False,1560,36655.77,4,1,3,normal,
False,False,995,26588.81,2,1,1,normal,
False,False,1298,37706.26,1,0,5,normal,
True,False,1481,10903.87,4,0,5,normal,
False,False,854,7300.13,0,0,3,normal,
False,False,745,34112.0,4,0,5,normal,
False,False,1075,35608.3,3,1,5,normal,
False,False,586,31054.34,2,1,1,normal,
False,False,426,24591.1,1,1,2,normal,
False,False,589,31254.58,3,0,5,normal,
False,False,506,38219.55,3,1,3,normal,
True,False,1444,2132.43,4,1,3,normal,
False,False,299,21594.48,3,1,2,normal,
False,False,845,16396.85,1,1,1,normal,
False,False,1442,25073.67,2,0,2,normal,
False,False,1516,31804.93,4,0,1,normal,
False,False,1204,23878.9,1,1,5,normal,
False,False,156,29754.99,1,1,5,normal,
True,False,1000,133013.13,3,6,2,anomaly,failed_mpin_then_large_order
False,False,351,33469.57,4,1,5,normal,
False,False,356,11409.18,1,1,5,normal,
False,False,1191,32875.45,2,0,4,normal,
False,False,823,15419.84,3,1,4,normal,
False,False,28,7971.12,3,0,4,normal,
False,False,1258,34363.4,2,1,3,normal,
False,False,1003,6240.92,1,0,4,normal,
False,False,1357,28981.87,0,0,1,normal,
False,False,835,35233.13,2,0,5,normal,
False,False,1559,32276.35,3,0,3,normal,
True,True,1241,30459.74,0,1,4,anomaly,impossible_location_change
False,False,1818,23502.27,4,0,5,normal,
False,False,1655,27870.08,2,1,3,normal,
False,True,211,11652.59,1,0,4,normal,
False,False,1036,17518.51,2,0,4,normal,
False,False,577,28725.11,3,1,4,normal,
True,False,491,36940.51,0,1,1,normal,
False,False,36,5026.63,2,1,2,normal,
False,False,1217,20125.06,1,0,2,normal,
False,False,1837,19612.97,0,0,2,normal,
False,False,1421,8651.15,1,0,2,normal,
False,False,1270,33357.92,0,1,4,normal,
False,False,1048,13943.1,4,1,1,normal,
False,False,1234,3456.64,1,1,1,normal,
True,False,746,10504.61,2,0,5,normal,
False,False,435,16742.5,0,0,2,normal,
False,False,1871,8011.62,1,0,2,normal,
True,False,574,51717.46,0,6,1,anomaly,failed_mpin_then_large_order
False,False,27,4919.02,1,0,3,normal,
False,False,1103,13529.39,3,0,1,normal,
False,False,573,28874.0,1,0,1,normal,
False,False,1522,32766.1,4,0,5,normal,
False,False,1136,23153.85,2,0,2,normal,
False,False,1908,13148.61,0,1,3,normal,
False,False,655,37420.9,1,1,2,normal,
False,False,391,37583.09,1,0,1,normal,
False,False,1594,22678.47,4,1,2,normal,
False,False,571,2707.02,3,0,5,normal,
False,False,251,10900.69,0,1,3,normal,
False,False,1765,8486.75,0,1,3,normal,
False,False,507,2594.96,0,0,5,normal,
False,False,1153,31099.58,0,1,5,normal,
False,False,1087,28871.79,2,1,5,normal,
False,False,842,1019.26,2,0,4,normal,
False,False,171,6440.3,2,1,2,normal,
False,False,1298,25970.95,4,1,1,normal,
False,False,890,35762.31,2,1,5,normal,
False,False,395,24152.36,1,1,4,normal,
False,False,413,19715.61,4,0,4,normal,
False,False,730,30790.26,4,0,1,normal,
False,False,1088,38653.7,2,1,5,normal,
False,False,850,36474.48,2,1,2,normal,
False,False,625,5298.86,0,1,4,normal,
False,False,143,165967.18,2,7,2,anomaly,failed_mpin_then_large_order
False,False,821,21430.6,2,0,5,normal,
False,False,877,29128.55,3,1,1,normal,
False,False,1428,34592.0,1,0,1,normal,
False,False,1731,2002.57,2,1,2,normal,
False,False,1927,20018.88,0,0,3,normal,
False,False,345,24342.25,3,1,4,normal,
False,False,1080,885.23,1,1,3,normal,
False,False,1,77459.1,1,1,3,anomaly,new_account_large_order
False,False,1721,28213.16,3,1,1,normal,
False,False,649,12689.16,3,1,1,normal,
False,False,1486,6951.9,2,0,4,normal,
False,False,296,38751.23,2,1,3,normal,
False,False,1662,31830.64,4,0,1,normal,
False,False,1384,34842.42,3,1,1,normal,
False,False,296,29174.0,4,1,5,normal,
False,False,211,39816.85,0,0,1,normal,
False,False,1750,26550.55,3,1,4,normal,
False,False,1361,9598.68,2,0,4,normal,
True,False,482,2983.02,2,0,1,normal,
False,False,1317,18790.69,0,0,1,normal,
False,False,1235,26518.87,4,1,4,normal,
False,False,1305,37445.04,3,1,5,normal,
False,False,63,8336.98,2,1,3,normal,
False,False,1498,4957.61,1,0,3,normal,
False,False,1739,2369.1,2,1,4,normal,
False,False,766,26740.01,4,1,2,normal,
False,False,937,13403.19,0,0,5,normal,
False,False,901,24165.74,1,0,4,normal,
False,False,1198,12761.27,3,0,2,normal,
False,False,1700,123916.43,1,6,2,anomaly,failed_mpin_then_large_order
True,False,406,9443.65,2,1,2,normal,
False,False,427,15099.4,4,0,1,normal,
False,False,128,13159.5,0,0,3,normal,
False,False,781,15338.0,4,0,3,normal,
False,False,568,6078.85,3,0,3,normal,
False,False,421,10995.4,2,0,3,normal,
False,False,1291,18839.68,0,0,4,normal,
False,False,1037,38722.62,1,1,5,normal,
False,False,135,26877.55,3,1,2,normal,
True,False,930,19878.84,2,1,4,normal,
False,False,1329,9604.41,1,1,3,normal,
True,False,1589,15048.03,2,0,4,normal,
False,False,1943,26497.3,1,1,1,normal,
False,False,1102,33425.77,2,0,2,normal,
False,False,622,27346.08,2,0,3,normal,
False,False,1323,31149.69,1,1,1,normal,
False,False,1432,33102.31,1,0,4,normal,
False,False,652,28126.75,3,0,2,normal,
False,False,1447,3070.74,2,0,4,normal,
False,False,1613,35213.39,3,1,3,normal,
False,False,1196,18840.16,0,1,3,normal,
False,False,224,17736.89,1,0,5,normal,
False,False,1320,25506.07,3,0,3,normal,
False,False,1166,28205.59,1,1,1,normal,
False,False,405,31600.93,1,1,4,normal,
False,False,1219,12921.58,0,1,2,normal,
False,False,1844,15393.66,4,0,2,normal,
False,False,1170,4921.82,0,1,3,normal,
False,False,1651,30276.5,2,0,1,normal,
False,False,1265,6848.8,4,1,3,normal,
True,False,1300,28409.08,0,0,3,normal,
False,False,144,6837.38,2,0,1,normal,
False,False,444,21524.18,0,0,4,normal,
False,False,361,7750.89,2,0,1,normal,
False,False,1551,32316.19,4,0,5,normal,
False,False,1074,3192.97,4,0,4,normal,
False,False,442,21326.86,0,1,5,normal,
False,False,571,10173.23,1,0,5,normal,
False,False,1967,6221.51,1,1,4,normal,
False,False,1752,16944.4,1,1,5,normal,
False,False,353,10630.56,2,1,2,normal,
True,True,1767,65757.33,3,0,1,anomaly,account_takeover
False,False,605,6730.54,1,0,1,normal,
False,False,295,24223.76,1,0,1,normal,
False,False,1923,21555.09,4,1,2,normal,
False,False,917,958.8,4,1,1,normal,
False,False,1943,14471.82,3,1,5,normal,
False,False,399,37181.45,4,0,1,normal,
False,False,1848,27580.84,3,1,3,normal,
False,False,1334,3034.55,2,0,2,normal,
False,False,1108,10273.84,3,1,1,normal,
False,False,1213,25864.77,3,0,1,normal,
False,False,1075,13958.0,1,0,1,normal,
False,False,217,15986.79,4,0,5,normal,
False,False,64,4444.17,0,1,4,normal,
False,False,273,10500.92,2,0,4,normal,
False,False,1566,35245.78,2,1,3,normal,
False,False,1568,5348.16,0,1,5,normal,
False,False,1726,5519.11,4,0,3,normal,
False,False,605,10809.14,2,1,3,normal,
False,False,1442,14391.44,4,0,5,normal,
False,False,31,6139.78,0,0,1,normal,
False,False,1736,14512.53,1,1,5,normal,
False,False,969,36814.27,1,1,5,normal,
False,False,1873,35135.25,3,1,5,normal,
True,False,36,11948.59,1,0,3,normal,
False,False,792,28884.91,4,1,1,normal,
False,True,344,39335.75,1,1,3,normal,
False,False,33,27879.81,3,0,2,normal,
False,False,1097,34808.59,1,1,4,normal,
False,False,1412,7001.26,1,0,4,normal,
False,False,925,8563.53,4,0,3,normal,
False,False,1546,9790.71,3,0,5,normal,
False,False,1363,18429.97,0,1,5,normal,
False,False,39,7087.45,3,1,5,normal,
False,False,856,4352.14,4,0,1,normal,
False,False,59,22187.26,1,1,5,normal,
False,False,1871,16610.88,3,0,3,normal,
False,False,224,5153.01,4,0,5,normal,
False,False,1527,27028.03,2,1,2,normal,
False,False,1405,24758.24,0,1,5,normal,
False,False,1240,19544.95,4,0,5,normal,
False,False,514,3562.22,0,0,5,normal,
False,False,143,11442.42,4,0,5,normal,
False,False,1933,28171.6,4,0,3,normal,
False,False,1606,889.64,3,0,4,normal,
True,False,25,17982.12,0,0,1,normal,
False,False,1925,35154.04,3,1,3,normal,
False,False,1521,30279.05,4,0,1,normal,
False,True,184,4162.28,3,0,2,normal,
False,False,220,23979.68,2,1,4,normal,
False,False,302,8253.01,0,1,3,normal,
False,False,223,5637.31,0,0,5,normal,
False,False,861,39752.54,1,1,5,normal,
False,False,116,9842.05,1,1,1,normal,
False,False,909,27716.21,3,1,2,normal,
False,False,1400,12409.99,0,1,2,normal,
True,False,1489,23810.24,4,0,4,normal,
False,False,492,15941.49,3,0,1,normal,
False,False,1233,24567.79,0,0,5,normal,
False,False,416,2232.08,3,0,4,normal,
False,False,414,37800.09,3,0,3,normal,
False,False,1514,32509.94,1,0,3,normal,
False,False,1564,39737.64,1,1,3,normal,
False,False,173,10858.89,0,1,2,normal,
False,False,1727,19334.99,3,1,2,normal,
False,False,1226,10697.52,4,1,2,normal,
False,False,478,13337.49,4,0,3,normal,
False,False,19,34499.77,3,1,4,normal,
False,False,404,562.45,0,1,1,normal,
False,False,1157,19443.45,2,0,2,normal,
False,False,987,1616.95,3,0,2,normal,
False,False,1183,29485.67,3,1,3,normal,
False,False,1701,17394.28,2,0,4,normal,
False,False,81,13469.37,0,0,1,normal,
False,False,1219,37876.97,4,0,4,normal,
False,False,1398,13159.86,2,1,2,normal,
False,False,1091,29671.0,2,1,2,normal,
False,False,521,19515.36,1,0,4,normal,
False,False,1046,20812.41,3,1,1,normal,
False,False,378,6755.25,0,1,4,normal,
False,False,143,34860.52,2,1,1,normal,
False,False,292,22764.9,4,0,4,normal,
False,False,1510,20120.69,1,0,1,normal,
False,False,764,37311.46,1,0,2,normal,
False,False,732,17645.65,0,0,1,normal,
False,False,1728,18032.14,1,0,5,normal,
False,False,1294,39277.02,4,0,4,normal,
False,False,635,23097.98,4,1,1,normal,
False,False,1999,13022.59,0,1,4,normal,
False,False,1840,26611.08,0,1,2,normal,
True,False,1044,4705.37,0,1,3,normal,
False,False,531,38586.5,0,0,3,normal,
False,True,1351,26016.12,2,1,4,anomaly,impossible_location_change
False,False,1011,16126.73,3,1,3,normal,
False,False,1982,27915.76,3,0,4,normal,
False,False,1075,16300.23,4,1,5,normal,
False,False,696,3760.53,4,0,5,normal,
True,False,374,139130.99,1,0,1,anomaly,account_takeover
False,False,1671,8488.69,0,0,5,normal,
False,False,1940,35321.76,1,0,5,normal,
False,False,1648,37072.46,2,1,1,normal,
False,False,1762,31480.66,4,1,5,normal,
False,False,1781,36794.59,2,0,5,normal,
True,False,1937,15718.01,2,0,2,normal,
False,False,738,23199.92,2,0,3,normal,
False,False,1526,32548.69,2,1,1,normal,
False,False,796,9347.7,1,1,2,normal,
False,False,156,13154.94,1,0,2,normal,
False,False,265,26938.03,1,1,3,normal,
False,False,1276,4131.68,4,0,5,normal,
False,False,772,3586.08,3,1,2,normal,
False,False,366,15531.11,4,0,4,normal,
False,False,426,1893.45,3,1,3,normal,
False,False,727,37309.35,3,0,2,normal,
False,False,209,35366.51,0,0,4,normal,
False,False,328,728.57,1,0,3,normal,
False,False,294,34897.69,2,1,3,normal,
False,False,87,17072.21,0,1,4,normal,
False,False,1289,1830.14,2,1,1,normal,
False,False,942,39693.39,2,1,5,normal,
False,False,526,24460.29,2,1,5,normal,
False,False,625,10367.14,3,0,2,normal,
False,False,866,21823.56,3,0,5,normal,
False,False,759,38686.16,2,0,5,normal,
False,False,1033,16289.25,2,1,4,normal,
False,False,1569,36662.48,1,0,4,normal,
False,False,537,21945.59,1,0,4,normal,
False,False,644,31115.3,0,1,2,normal,
False,False,1625,25031.67,1,0,2,normal,
True,True,5,129241.22,0,1,2,anomaly,new_account_large_order
False,False,831,8724.18,2,1,2,normal,
False,False,607,32560.66,0,1,4,normal,
False,True,36,23534.93,2,0,4,normal,
False,False,1138,12535.76,0,0,1,normal,
False,False,612,28566.04,2,0,1,normal,
True,False,1023,8259.75,1,0,4,normal,
False,False,843,22591.06,4,0,4,normal,
False,False,1990,2598.53,4,1,1,normal,
False,False,490,15753.56,0,1,2,normal,
False,False,1726,2917.09,0,1,2,normal,
False,False,721,18146.44,4,0,4,normal,
False,False,598,18992.03,0,0,4,normal,
True,False,83,4572.32,0,1,3,normal,
False,False,1998,37288.0,3,0,2,normal,
False,False,1427,8188.73,0,1,2,normal,
False,False,794,17842.58,3,1,3,normal,
False,False,1120,22758.64,0,0,3,normal,
False,False,1821,27518.16,4,1,2,normal,
False,False,693,7857.52,0,1,5,normal,
False,False,1153,15047.41,2,0,2,normal,
False,False,1333,31631.39,3,0,4,normal,
False,False,362,5839.77,3,0,3,normal,
True,False,1409,7963.5,0,0,2,normal,
False,False,1769,8135.55,0,0,4,normal,
False,False,1015,1912.55,2,1,5,normal,
False,False,1284,2352.43,3,1,3,normal,
False,False,1732,29633.05,2,1,3,normal,
False,False,32,19144.16,4,0,4,normal,
False,False,512,6755.43,2,1,3,normal,
True,False,604,9324.36,1,1,5,normal,
False,False,628,34907.6,0,1,4,normal,
False,False,1815,32252.4,2,1,4,normal,
False,False,904,28225.73,4,1,2,normal,
False,False,1194,18231.76,4,1,3,normal,
False,False,1683,8731.12,4,0,4,normal,
False,False,572,16904.21,1,1,3,normal,
False,False,73,22714.93,4,0,1,normal,
False,False,1271,10258.0,3,1,3,normal,
False,False,464,20896.69,2,1,4,normal,
False,False,269,8072.42,4,1,5,normal,
False,False,245,12354.32,4,0,4,normal,
False,False,1768,21850.89,0,0,4,normal,
False,False,1770,19410.12,0,1,3,normal,
False,False,849,39486.1,4,0,4,normal,
False,False,453,36295.46,1,1,2,normal,
False,False,1802,31673.06,0,1,2,normal,
False,False,1122,19157.65,2,0,1,normal,
False,False,168,17845.97,0,0,4,normal,
False,False,748,2543.71,4,0,2,normal,
False,False,1743,11342.64,1,0,1,normal,
False,False,1691,34082.86,1,0,1,normal,
True,False,1423,29265.27,0,0,5,normal,
False,False,585,10331.97,0,0,4,normal,
True,True,951,17821.0,3,0,2,anomaly,impossible_location_change
False,False,944,38684.12,1,1,1,normal,
False,False,1436,28775.19,3,1,5,normal,
False,False,370,14058.67,2,0,5,normal,
False,False,205,652.03,0,1,2,normal,
False,False,1553,7169.67,4,0,5,normal,
False,False,1196,4748.29,4,0,5,normal,
False,False,1429,1213.14,0,1,5,normal,
False,False,626,21499.73,2,0,2,normal,
False,False,238,38535.3,2,1,4,normal,
False,False,1136,5663.35,0,1,4,normal,
False,False,1404,14499.28,2,1,1,normal,
False,False,22,34785.08,2,0,4,normal,
False,False,1314,29114.23,3,0,4,normal,
False,False,673,30024.58,2,1,1,normal,
False,False,272,17471.2,2,0,5,normal,
False,False,264,29247.01,2,0,2,normal,
False,False,60,20759.19,4,0,3,normal,
False,False,0,139313.83,2,1,1,anomaly,new_account_large_order
False,False,679,12137.66,1,1,1,normal,
False,False,202,19395.51,2,0,3,normal,
False,False,929,19112.02,2,0,5,normal,
False,False,1160,11648.19,2,1,4,normal,
False,False,876,1635.52,2,0,5,normal,
False,False,789,13695.82,3,0,4,normal,
False,False,1323,9080.7,0,1,3,normal,
False,False,1818,11681.76,2,0,3,normal,
False,False,1594,2213.01,2,0,5,normal,
False,False,422,13129.96,0,0,3,normal,
False,False,1397,23928.8,4,1,1,normal,
False,False,1314,15086.59,0,1,5,normal,
False,True,1828,117712.72,1,7,1,anomaly,failed_mpin_then_large_order
False,False,11,37682.14,3,1,1,normal,
False,False,510,8113.55,1,1,2,normal,
False,False,164,9885.02,4,0,2,normal,
False,False,1317,24087.27,0,0,3,normal,
False,False,1625,7168.02,3,0,3,normal,
False,False,521,24213.99,1,0,5,normal,
False,False,1437,17811.68,25,1,2,anomaly,unusual_trading_velocity
False,False,1163,14551.19,1,1,3,normal,
False,False,1969,2944.01,0,1,1,normal,
True,False,448,35647.52,3,0,5,normal,
False,False,118,25972.0,2,0,4,normal,
False,False,1046,33923.15,2,1,3,normal,
False,False,1625,19676.36,1,1,2,normal,
False,False,1343,13730.39,4,0,1,normal,
False,False,1804,39531.92,1,1,3,normal,
False,False,1270,12773.02,2,0,1,normal,
False,False,1337,34628.85,3,1,4,normal,
False,False,903,36516.51,1,1,5,normal,
False,False,1281,7879.34,0,0,3,normal,
False,False,1770,21121.67,3,0,1,normal,
False,False,225,32846.57,1,0,4,normal,
False,False,1414,38429.46,2,1,2,normal,
False,False,301,36425.77,0,1,4,normal,
False,True,621,11632.89,2,1,4,normal,
False,False,265,1658.07,3,1,2,normal,
False,False,268,10755.17,4,0,5,normal,
False,False,1378,31061.34,2,0,5,normal,
False,False,398,38525.05,1,1,1,normal,
False,False,1736,27370.91,3,0,1,normal,
False,False,601,21186.6,0,1,4,normal,
False,False,338,28322.35,1,1,2,normal,
False,False,1488,6513.34,1,1,5,normal,
False,False,1018,24219.57,0,0,3,normal,
True,False,534,33890.0,4,1,1,normal,
False,False,1355,21465.43,1,1,2,normal,
True,False,1753,25833.55,4,1,1,normal,
False,False,1496,27204.42,0,0,2,normal,
False,False,766,13219.06,1,1,5,normal,
False,False,1871,28280.38,1,1,2,normal,
False,False,767,22790.55,2,1,4,normal,
False,False,494,6083.63,2,0,5,normal,
False,False,1863,27214.75,0,1,2,normal,
False,False,1493,37888.95,4,0,4,normal,
False,False,1403,4796.58,0,0,3,normal,
False,False,1265,3007.5,3,1,5,normal,
True,False,1356,32278.75,4,1,2,normal,
False,False,1962,11422.35,1,0,4,normal,
False,False,847,5343.43,4,1,2,normal,
False,False,439,4972.35,3,1,1,normal,
False,False,381,17790.63,2,1,1,normal,
False,False,1903,23488.44,1,0,5,normal,
False,False,1400,14181.03,2,1,1,normal,
False,False,124,15778.21,2,1,1,normal,
False,False,8,13480.68,3,1,2,normal,
False,False,705,33006.84,2,0,4,normal,
False,False,570,19500.57,3,1,2,normal,
False,False,1173,27296.53,1,1,3,normal,
False,False,1937,8215.59,2,0,3,normal,
False,False,1690,39611.29,3,0,4,normal,
False,False,588,18549.36,2,1,2,normal,
False,False,1680,9089.57,0,1,5,normal,
False,False,734,30185.21,1,0,2,normal,
False,False,674,27020.85,2,0,4,normal,
False,False,1095,29364.67,4,0,1,normal,
False,False,1442,9284.95,2,1,4,normal,
False,False,297,32334.95,0,0,5,normal,
True,False,655,2300.06,3,0,5,normal,
False,False,170,36335.0,3,0,4,normal,
False,False,1893,37606.58,3,1,2,normal,
True,False,950,20369.94,0,1,3,normal,
False,False,966,21770.63,1,1,4,normal,
False,False,1299,10638.22,0,0,1,normal,
False,False,495,33074.32,0,0,3,normal,
False,False,662,24218.3,3,1,4,normal,
False,True,1171,24309.93,2,1,4,normal,
False,False,1038,36387.38,0,1,4,normal,
False,False,1891,24064.03,1,1,4,normal,
False,False,857,13925.07,4,1,1,normal,
False,False,1939,5435.42,1,0,1,normal,
False,False,1126,39964.35,1,0,5,normal,
False,False,1651,36827.72,3,0,4,normal,
False,False,152,33461.03,0,0,5,normal,
True,False,1076,11893.0,1,1,5,normal,
False,False,1524,20258.34,4,0,3,normal,
False,False,669,17865.4,2,1,4,normal,
False,False,495,9665.32,4,0,2,normal,
False,False,1108,27829.25,2,0,3,normal,
False,False,945,14814.68,2,1,1,normal,
False,False,1627,22198.03,3,1,5,normal,
False,False,1003,14359.14,0,1,2,normal,
False,False,901,9725.29,0,1,1,normal,
False,False,5,73150.71,2,1,1,anomaly,new_account_large_order
False,False,1141,4488.6,3,0,4,normal,
False,False,488,794.08,1,1,1,normal,
False,False,1324,32244.01,0,0,2,normal,
False,False,280,38626.19,2,0,5,normal,
False,False,419,5785.01,0,0,2,normal,
False,False,1482,14259.54,4,0,4,normal,
False,False,323,14171.19,4,0,2,normal,
False,False,334,31284.08,4,0,5,normal,
False,False,1859,33486.98,2,1,4,normal,
False,False,1357,21254.64,1,1,5,normal,
False,False,1645,13414.71,4,0,3,normal,
False,False,1203,20723.95,3,0,3,normal,
False,False,810,4319.41,3,0,5,normal,
False,False,1,105772.02,3,0,2,anomaly,new_account_large_order
False,False,535,31529.8,2,0,4,normal,
False,False,1927,5740.29,2,1,2,normal,
False,False,1517,13838.16,4,0,5,normal,
False,False,364,3373.75,4,0,3,normal,
False,False,785,11162.94,4,0,3,normal,
False,False,1439,30917.95,3,1,5,normal,
False,False,681,558.86,1,0,1,normal,
False,False,530,26840.21,3,1,5,normal,
False,False,1300,30082.01,4,1,5,normal,
False,False,1780,15062.02,0,0,3,normal,
False,False,1414,35426.84,0,1,2,normal,
False,False,173,32478.97,4,0,4,normal,
False,False,545,25135.34,1,1,5,normal,
False,False,1900,6497.48,0,0,1,normal,
True,True,1869,3666.83,3,1,3,anomaly,impossible_location_change
False,False,744,18797.33,4,1,2,normal,
False,False,619,10980.94,3,0,1,normal,
False,False,171,9599.28,3,0,5,normal,
False,False,1156,11214.23,1,0,2,normal,
True,False,1285,3464.55,13,0,3,anomaly,unusual_trading_velocity
False,False,88,2014.74,0,0,2,normal,
False,False,1960,9299.49,2,0,3,normal,
False,False,616,1762.02,2,0,1,normal,
False,False,678,14462.56,0,0,1,normal,
True,False,860,33589.81,0,0,2,normal,
False,False,1471,1860.57,4,0,4,normal,
False,False,1975,19536.87,3,0,4,normal,
False,False,1636,5017.53,3,0,3,normal,
False,False,1755,16387.5,1,0,1,normal,
False,False,1117,31406.2,1,0,5,normal,
False,False,646,8926.87,2,0,5,normal,
False,False,217,21149.83,1,0,3,normal,
False,False,1013,18678.08,4,0,1,normal,
False,False,1684,27478.96,2,0,3,normal,
False,False,779,2823.1,2,0,2,normal,
False,False,801,32002.35,3,1,1,normal,
True,False,1103,1374.17,0,1,3,normal,
False,False,809,34104.9,4,0,2,normal,
False,True,1583,26437.02,1,1,4,normal,
False,False,1488,22905.89,1,1,1,normal,
False,False,381,34150.03,3,1,4,normal,
False,True,74,17127.69,3,0,2,anomaly,impossible_location_change
False,False,685,14606.97,1,0,3,normal,
False,False,1132,33360.65,4,0,5,normal,
False,True,346,725.47,3,1,2,anomaly,impossible_location_change
False,False,1283,24373.44,0,0,1,normal,
False,False,243,32305.57,0,1,4,normal,
False,False,1585,1882.21,0,1,2,normal,
True,True,1896,4013.76,2,0,2,anomaly,impossible_location_change
False,False,206,32525.58,2,0,2,normal,
False,False,450,32276.81,2,1,2,normal,
False,False,1178,29238.03,3,0,4,normal,
False,False,109,32207.65,3,0,3,normal,
False,False,1421,18717.89,0,1,1,normal,
False,False,1003,26533.5,2,1,3,normal,
False,False,558,16873.58,0,0,2,normal,
False,False,1926,754.81,3,0,1,normal,
False,False,1171,8093.44,1,1,5,normal,
False,False,875,31448.14,0,1,2,normal,
True,False,710,27105.24,3,0,3,normal,
False,False,1944,27882.31,0,0,4,normal,
False,False,1001,19606.65,1,1,1,normal,
False,False,141,29751.9,1,1,4,normal,
False,False,429,8482.59,2,1,4,normal,
False,False,926,14895.43,2,1,3,normal,
False,False,535,8151.55,2,1,5,normal,
False,False,1196,12133.82,4,0,1,normal,
False,False,514,36929.67,2,1,4,normal,
False,False,328,20263.1,0,0,3,normal,
False,False,187,4066.59,3,1,5,normal,
False,False,488,25814.91,4,1,3,normal,
False,False,1097,4490.76,1,1,4,normal,
True,True,280,83257.43,0,6,2,anomaly,failed_mpin_then_large_order
False,False,1633,21348.49,3,0,3,normal,
False,False,993,10805.71,2,1,1,normal,
False,False,875,37292.28,2,0,5,normal,
False,False,1684,14565.07,3,1,2,normal,
False,False,1121,2269.51,2,1,5,normal,
False,False,894,17686.75,1,1,1,normal,
False,False,1075,13042.32,4,0,1,normal,
False,False,1955,11325.74,2,0,5,normal,
False,False,1049,12229.79,4,0,2,normal,
False,False,1078,37907.37,2,1,3,normal,
False,False,207,1153.93,1,0,5,normal,
False,False,753,31080.09,3,1,5,normal,
False,False,952,24421.24,3,0,3,normal,
False,False,416,32000.25,4,1,3,normal,
False,False,1295,13663.75,1,0,3,normal,
False,False,884,17228.94,2,0,1,normal,
False,False,867,39533.56,0,1,4,normal,
False,False,1503,3009.16,0,0,4,normal,
False,False,1482,4773.17,2,0,4,normal,
False,False,43,33888.56,1,0,2,normal,
False,False,1100,3567.28,3,0,3,normal,
False,False,982,27307.25,2,0,1,normal,
False,False,1676,5184.58,1,0,2,normal,
False,False,600,4134.62,1,1,3,normal,
True,True,1439,127501.6,3,1,1,anomaly,account_takeover
False,False,300,13399.21,4,1,4,normal,
False,True,2,142644.69,1,1,2,anomaly,new_account_large_order
False,False,1344,28481.49,1,0,2,normal,
False,False,832,13315.67,0,0,2,normal,
False,False,1407,33895.21,1,0,5,normal,
False,False,1619,13389.1,4,1,4,normal,
False,False,1300,12784.23,3,0,2,normal,
False,False,981,36493.37,2,0,5,normal,
False,False,25,9338.92,4,1,3,normal,
False,False,1415,31951.32,1,0,1,normal,
False,False,1924,21791.34,3,0,3,normal,
True,False,1564,34958.54,4,1,2,normal,
False,False,830,26631.92,4,1,2,normal,
False,False,352,4409.5,4,0,1,normal,
False,False,1949,36322.32,3,0,2,normal,
False,False,1566,25270.48,2,1,4,normal,
False,False,1124,37825.16,0,0,1,normal,
False,False,1091,20815.58,1,1,1,normal,
False,False,1079,8455.66,0,1,3,normal,
False,False,1891,883.44,1,0,3,normal,
False,False,692,18538.61,1,0,2,normal,
False,False,1618,19562.22,3,0,2,normal,
False,False,1716,27848.37,3,0,4,normal,
False,False,50,30181.41,3,1,4,normal,
False,False,136,13168.75,0,0,1,normal,
False,False,848,20321.87,4,1,1,normal,
False,False,1547,12677.12,2,0,3,normal,
False,False,1810,14901.27,1,1,1,normal,
False,False,310,34612.47,4,1,2,normal,
False,False,1957,34169.42,2,0,4,normal,
False,False,47,26045.93,2,1,2,normal,
False,False,1084,3708.06,0,0,1,normal,
False,False,1012,16609.73,2,1,1,normal,
True,False,1593,16875.59,0,0,2,normal,
False,False,1249,39377.32,0,1,5,normal,
False,False,123,30012.99,2,0,2,normal,
False,False,440,36580.6,3,1,5,normal,
False,False,1850,20009.44,4,0,5,normal,
False,False,1274,96797.89,3,4,3,anomaly,failed_mpin_then_large_order
False,True,1977,12868.65,4,1,1,normal,
False,False,958,26925.77,0,0,5,normal,
False,False,1312,11593.28,2,1,3,normal,
False,False,763,98893.61,1,4,2,anomaly,failed_mpin_then_large_order
False,False,1314,13024.14,2,1,3,normal,
False,False,713,6429.43,4,1,3,normal,
False,False,1033,23161.47,0,0,4,normal,
False,False,442,18353.24,4,0,1,normal,
False,False,1466,19609.94,11,1,3,anomaly,unusual_trading_velocity
False,False,1773,2047.93,4,1,2,normal,
False,False,374,11890.72,0,0,2,normal,
False,False,29,33051.99,3,1,2,normal,
False,False,1734,33112.75,1,0,1,normal,
False,False,1330,12562.81,4,1,5,normal,
True,False,661,170495.5,0,7,2,anomaly,failed_mpin_then_large_order
False,False,299,34100.31,2,1,4,normal,
False,False,564,37698.18,2,1,5,normal,
False,False,135,22787.23,2,1,1,normal,
False,True,1720,26922.97,1,0,4,normal,
False,False,1956,29493.63,1,0,3,normal,
False,False,1977,4673.62,1,0,1,normal,
False,False,623,15859.18,1,0,2,normal,
False,False,459,12285.68,0,0,4,normal,
True,False,1981,14370.87,0,1,1,normal,
True,True,1014,52474.97,3,1,1,anomaly,account_takeover
False,False,549,6384.99,3,1,2,normal,
False,False,704,14885.0,0,1,3,normal,
False,False,61,38553.27,1,1,4,normal,
False,False,863,24054.32,1,0,2,normal,
False,False,1017,30074.4,4,0,2,normal,
False,False,180,13466.1,2,1,2,normal,
False,False,1712,11101.84,4,0,2,normal,
False,False,1205,14168.82,4,0,5,normal,
False,False,1980,11470.48,1,1,4,normal,
False,False,1921,24308.91,3,1,2,normal,
False,False,1921,34321.38,2,1,2,normal,
False,False,751,4926.91,3,1,2,normal,
False,False,801,32294.1,3,1,2,normal,
False,False,1579,22830.66,3,1,4,normal,
False,False,676,16394.82,2,0,2,normal,
False,False,1392,26964.79,4,0,3,normal,
False,False,1113,1286.84,0,1,1,normal,
False,False,329,37790.75,2,0,5,normal,
False,False,987,20335.83,0,1,3,normal,
False,False,804,19754.47,0,1,5,normal,
False,False,1969,14106.98,3,1,5,normal,
False,False,1939,8607.11,1,0,1,normal,
False,False,1628,6695.63,1,0,1,normal,
False,False,900,34379.49,0,1,3,normal,
False,False,863,6382.85,1,0,5,normal,
False,False,798,34722.74,4,0,4,normal,
False,False,160,7495.74,0,0,5,normal,
False,False,683,24265.66,2,0,1,normal,
False,False,1769,13608.66,0,1,1,normal,
False,False,906,9333.52,1,1,3,normal,
False,False,1268,5445.19,2,1,5,normal,
False,False,1084,36945.1,0,1,2,normal,
False,False,880,32627.19,0,1,4,normal,
False,False,1930,35186.02,2,0,1,normal,
False,False,1078,14390.87,2,1,4,normal,
False,False,100,24798.01,3,1,4,normal,
False,False,1374,12354.6,3,1,1,normal,
False,False,1830,12528.72,2,0,4,normal,
False,False,1610,16230.0,0,0,4,normal,
False,False,655,5754.8,2,0,3,normal,
False,False,650,12333.54,2,1,4,normal,
False,False,1428,16367.94,3,1,2,normal,
False,False,943,5409.75,3,0,3,normal,
False,False,1304,19092.23,4,0,4,normal,
False,False,1762,11728.51,3,0,1,normal,
False,False,1967,8246.9,1,0,3,normal,
False,False,1028,13558.55,4,0,4,normal,
False,False,1164,8605.62,4,0,5,normal,
False,False,910,1472.87,0,1,4,normal,
False,False,1608,6776.08,1,1,3,normal,
False,False,108,14970.98,4,0,1,normal,
False,False,547,39773.15,1,1,2,normal,
True,False,796,4804.94,0,1,2,normal,
False,False,1513,37204.28,0,1,3,normal,
False,False,1249,21348.63,4,1,3,normal,
False,False,1230,21674.12,4,0,2,normal,
False,False,417,29842.56,1,1,2,normal,
False,False,91,2164.86,1,0,2,normal,
False,False,995,19641.83,4,1,2,normal,
False,False,1858,36843.07,2,0,5,normal,
False,False,83,13920.48,0,0,5,normal,
False,False,837,37891.05,1,1,1,normal,
False,False,1656,22277.61,4,0,4,normal,
False,False,632,17115.46,2,1,3,normal,
False,True,1383,54633.16,1,7,2,anomaly,failed_mpin_then_large_order
False,False,1661,38586.84,3,1,4,normal,
True,False,450,8349.51,4,1,4,normal,
False,False,585,9534.0,1,1,2,normal,
False,False,716,17286.55,4,1,2,normal,
False,False,1423,21927.27,3,0,5,normal,
False,False,0,93887.56,0,1,1,anomaly,new_account_large_order
True,False,710,22210.82,4,0,3,normal,
False,True,6,130129.75,1,0,1,anomaly,new_account_large_order
False,False,410,30045.83,4,1,2,normal,
True,True,83,38652.48,3,0,4,normal,
False,False,191,16920.57,0,1,3,normal,
False,False,974,1371.8,3,1,1,normal,
False,False,791,24362.88,3,0,4,normal,
False,False,1921,7015.97,3,1,4,normal,
False,False,1924,5743.96,3,1,3,normal,
False,False,234,14417.56,4,1,5,normal,
False,False,1344,7208.49,1,0,1,normal,
False,False,215,10010.02,4,1,2,normal,
True,False,829,12934.53,0,1,3,normal,
False,False,819,9233.98,3,1,5,normal,
True,False,585,168595.73,0,6,3,anomaly,failed_mpin_then_large_order
False,False,701,31564.51,3,0,1,normal,
False,False,507,27742.95,4,0,5,normal,
True,False,1385,1166.17,4,0,2,normal,
False,False,854,5263.52,1,1,4,normal,
False,False,894,11736.89,2,0,4,normal,
False,False,552,16162.8,4,0,3,normal,
False,False,722,1950.48,0,1,3,normal,
False,False,1375,6263.4,1,1,3,normal,
False,False,346,9807.35,1,0,1,normal,
False,False,1392,20380.56,4,0,1,normal,
True,False,1518,36785.26,2,0,2,normal,
False,False,597,32180.63,0,0,4,normal,
False,False,681,28557.36,1,1,3,normal,
False,False,1178,18131.49,3,1,4,normal,
False,False,1250,25511.5,2,1,3,normal,
False,False,1849,14397.79,3,0,3,normal,
False,False,239,14648.49,3,1,3,normal,
False,False,1413,10778.62,4,1,3,normal,
False,False,1344,5634.99,2,1,5,normal,
False,False,1406,19025.35,0,1,2,normal,
False,False,1858,26131.99,0,1,3,normal,
False,False,785,11567.78,3,1,5,normal,
False,False,1013,15532.29,3,0,5,normal,
False,False,530,21880.39,2,1,4,normal,
False,False,1982,3647.8,3,1,5,normal,
False,False,733,16331.28,1,1,4,normal,
False,False,1825,16265.11,4,1,1,normal,
False,False,1427,29433.27,4,1,2,normal,
False,False,1653,11471.99,4,0,1,normal,
False,False,1381,38856.09,2,1,4,normal,
False,False,985,13703.56,4,0,4,normal,
False,False,15,17026.35,4,1,1,normal,
False,False,140,4802.8,2,1,4,normal,
False,False,1239,24014.59,0,1,4,normal,
False,False,981,8253.82,2,1,2,normal,
False,False,1183,27127.76,0,0,5,normal,
False,False,1129,25224.51,0,1,4,normal,
False,False,982,22709.09,1,0,4,normal,
False,False,481,39201.82,4,0,3,normal,
False,False,421,12095.74,3,1,5,normal,
False,False,549,38785.86,4,1,4,normal,
False,False,1237,17191.3,1,0,2,normal,
False,False,866,5972.73,2,0,4,normal,
False,False,1150,7274.89,2,0,1,normal,
False,False,391,4784.42,2,1,3,normal,
False,False,973,14470.05,0,0,1,normal,
False,False,283,17636.68,0,0,3,normal,
False,False,761,38312.49,2,1,3,normal,
False,False,1579,9803.76,1,1,1,normal,
False,True,1033,18340.69,0,0,3,anomaly,impossible_location_change
True,False,1084,21767.94,3,0,5,normal,
False,False,1706,18238.52,3,1,1,normal,
False,False,1119,16749.87,3,1,5,normal,
False,False,507,37725.3,3,1,1,normal,
False,False,1946,17609.63,2,1,1,normal,
False,False,84,15320.1,2,0,5,normal,
False,False,1565,4481.96,0,1,1,normal,
False,False,104,63918.11,1,4,3,anomaly,failed_mpin_then_large_order
False,False,1555,18529.24,2,1,1,normal,
False,False,117,5049.05,0,0,1,normal,
False,False,1054,15262.79,2,0,2,normal,
False,False,358,36664.22,2,0,3,normal,
False,False,910,17986.45,2,1,2,normal,
False,False,692,24344.19,2,0,1,normal,
False,False,233,7273.87,3,1,4,normal,
False,False,1860,39153.91,2,0,3,normal,
False,False,805,6113.69,1,1,3,normal,
False,False,1732,17380.75,4,0,1,normal,
True,False,1793,7928.76,3,0,1,normal,
False,False,341,1590.31,4,0,2,normal,
False,False,1991,8813.67,0,0,4,normal,
False,False,1692,9787.81,3,0,1,normal,
False,False,651,16557.25,4,1,2,normal,
True,False,231,27247.0,1,0,5,normal,
False,True,827,3222.28,2,1,3,normal,
False,False,1167,27431.11,1,0,2,normal,
False,False,406,19140.22,1,1,1,normal,
False,False,732,9133.36,4,1,2,normal,
False,False,845,30294.59,0,0,2,normal,
False,False,237,39624.32,1,0,1,normal,
False,False,1084,39056.0,1,0,2,normal,
True,False,298,20149.23,0,0,3,normal,
False,False,213,19691.53,4,0,1,normal,
False,False,114,6849.15,0,0,2,normal,
False,False,181,11462.44,4,1,2,normal,
False,False,1429,19730.71,3,1,1,normal,
False,False,712,17805.37,4,0,5,normal,
False,False,712,9937.83,0,1,4,normal,
False,False,1263,4277.29,3,0,4,normal,
False,False,1503,23070.35,0,1,5,normal,
False,False,1347,15878.91,4,0,2,normal,
False,False,1090,38109.32,1,1,4,normal,
False,False,1461,11621.96,3,0,3,normal,
False,False,732,26116.04,3,1,1,normal,
False,False,1733,8460.69,4,1,4,normal,
True,False,321,28372.76,1,0,1,normal,
False,False,1334,9482.87,4,1,2,normal,
False,False,1267,7204.06,1,0,3,normal,
False,False,1128,23328.38,4,1,3,normal,
False,False,424,21897.6,0,0,1,normal,
False,False,721,26542.25,1,0,1,normal,
False,False,1602,18061.94,3,1,4,normal,
False,False,345,29718.59,2,1,1,normal,
False,False,1127,22920.55,1,1,5,normal,
False,False,918,30069.61,1,1,1,normal,
False,False,668,6344.39,1,0,3,normal,
True,False,0,128598.55,0,1,1,anomaly,new_account_large_order
False,False,1750,7966.79,4,0,1,normal,
False,False,1262,30810.34,3,1,4,normal,
False,False,1466,32278.5,0,1,4,normal,
False,False,579,12086.74,1,1,4,normal,
False,False,330,36087.53,3,0,4,normal,
False,False,873,28902.5,2,1,1,normal,
False,False,1988,11784.8,1,1,1,normal,
False,False,896,31689.45,4,0,1,normal,
False,False,1299,30248.7,3,0,1,normal,
False,False,1625,25539.28,1,1,1,normal,
True,False,1438,24686.94,4,1,3,normal,
False,False,631,2359.85,0,0,5,normal,
False,False,1570,6026.53,4,1,5,normal,
False,False,905,17424.59,1,0,5,normal,
False,False,1294,26012.58,2,1,1,normal,
False,False,550,16766.15,4,1,3,normal,
False,False,1036,918.37,1,0,5,normal,
False,False,159,18600.56,3,0,3,normal,
False,False,132,33485.27,3,0,1,normal,
False,False,1269,27323.27,1,1,4,normal,
False,False,26,5553.96,1,0,4,normal,
False,False,113,1835.29,12,0,1,anomaly,unusual_trading_velocity
False,False,1861,7097.14,3,1,5,normal,
False,False,1195,30266.33,0,0,3,normal,
False,False,1100,4719.3,3,1,5,normal,
False,False,412,6163.45,3,0,1,normal,
False,False,1767,14009.24,1,0,5,normal,
False,False,1733,32507.51,1,0,1,normal,
False,False,145,16555.8,2,1,4,normal,
False,False,94,38306.13,3,0,5,normal,
True,False,1940,39539.2,0,1,2,normal,
False,False,1866,19960.83,0,0,2,normal,
False,False,1945,23770.41,1,1,5,normal,
False,False,342,37119.32,1,1,3,normal,
False,False,406,11538.22,2,0,2,normal,
False,False,407,30498.94,3,1,3,normal,
False,False,326,38399.65,3,1,1,normal,
True,False,909,26801.94,0,1,4,normal,
False,False,1985,34918.3,3,1,1,normal,
False,True,560,38032.82,1,0,2,normal,
False,False,1468,31046.4,3,1,1,normal,
False,False,429,2457.04,2,1,1,normal,
False,False,733,27145.4,3,0,1,normal,
True,False,1200,37190.06,2,1,1,normal,
True,False,507,78292.56,2,0,1,anomaly,account_takeover
False,False,931,37198.51,0,0,1,normal,
False,False,783,24481.31,0,0,4,normal,
True,False,669,10818.3,4,1,5,normal,
False,False,1836,16356.9,4,0,2,normal,
False,False,1031,16137.39,3,1,5,normal,
False,False,651,8078.16,2,1,4,normal,
False,False,1414,28143.35,2,0,4,normal,
False,False,301,16095.05,4,0,2,normal,
False,False,1227,29548.57,0,1,5,normal,
False,False,599,3524.0,4,1,4,normal,
False,False,496,8929.5,2,1,1,normal,
False,False,835,19134.16,2,0,1,normal,
False,False,1342,8515.27,0,0,2,normal,
False,False,961,4592.18,2,1,5,normal,
False,False,1126,2558.43,3,0,3,normal,
False,False,805,935.28,2,0,5,normal,
False,False,1481,6593.31,3,0,5,normal,
False,False,1364,20887.69,2,0,4,normal,
False,False,450,38858.41,0,1,5,normal,
False,False,128,39271.98,1,0,4,normal,
False,False,288,11898.06,2,0,2,normal,
False,False,1479,10204.57,0,0,1,normal,
False,False,1114,16877.15,2,1,3,normal,
False,False,749,21467.98,3,0,1,normal,
True,True,1671,114391.44,1,1,1,anomaly,account_takeover
False,False,1201,16775.79,3,0,3,normal,
False,False,614,18231.93,1,1,4,normal,
True,False,1886,6095.28,0,1,1,normal,
False,False,580,3118.25,0,1,5,normal,
False,False,1204,22270.25,3,0,3,normal,
False,False,1298,6820.83,3,1,2,normal,
False,False,1672,3701.6,4,1,2,normal,
True,False,899,30179.35,2,1,5,normal,
False,False,1439,24436.83,3,1,4,normal,
False,False,1108,11594.43,2,1,5,normal,
False,False,1185,2077.01,2,1,3,normal,
False,False,773,30351.02,1,1,1,normal,
False,False,1445,3868.21,2,1,3,normal,
False,False,1408,28500.37,1,0,1,normal,
False,False,1101,1725.85,4,0,3,normal,
False,False,625,23623.77,4,1,1,normal,
False,False,1678,38403.28,0,0,1,normal,
False,False,1299,38522.4,1,1,4,normal,
False,False,1258,35529.39,2,0,1,normal,
False,False,781,1842.38,4,1,2,normal,
False,False,478,28281.52,4,0,1,normal,
False,False,1513,26223.9,2,0,2,normal,
False,False,1122,5001.92,4,0,2,normal,
False,False,191,14028.3,0,0,3,normal,
False,False,290,30087.09,0,1,1,normal,
False,False,678,18586.43,3,0,4,normal,
False,False,1554,23969.76,0,1,2,normal,
False,False,60,11538.89,4,0,1,normal,
False,False,227,18826.57,3,0,1,normal,
False,False,777,3230.03,2,0,5,normal,
False,False,1162,10346.62,4,0,2,normal,
False,False,1135,8447.17,17,1,2,anomaly,unusual_trading_velocity
False,False,1743,26274.28,4,1,1,normal,
False,False,1352,3520.03,1,0,5,normal,
False,False,1988,20064.53,1,0,3,normal,
False,False,1669,21153.54,0,1,3,normal,
False,False,254,12176.97,0,0,5,normal,
False,False,1435,12273.59,4,0,3,normal,
False,False,1940,13512.25,4,1,4,normal,
False,False,329,19850.91,4,0,5,normal,
False,False,1812,38374.5,0,1,4,normal,
False,False,226,19868.13,0,1,5,normal,
False,False,1036,29982.01,1,0,5,normal,
False,False,1500,11032.12,1,1,1,normal,
False,False,511,14649.55,3,1,3,normal,
False,False,1516,28005.15,2,1,4,normal,
False,False,802,3291.14,0,1,4,normal,
False,False,926,25047.18,4,0,2,normal,
False,False,1245,10074.84,2,1,1,normal,
False,False,790,27933.65,1,0,3,normal,
False,False,329,39533.49,3,1,5,normal,
False,False,93,4325.25,4,0,4,normal,
False,False,995,32066.3,3,1,4,normal,
False,False,1633,36444.33,0,1,4,normal,
False,False,1210,31944.74,3,0,3,normal,
False,False,1558,2806.39,3,1,5,normal,
True,False,42,24837.42,3,1,5,normal,
False,False,1024,6444.67,1,0,3,normal,
False,False,150,12024.91,16,1,2,anomaly,unusual_trading_velocity
False,False,1022,22241.31,4,1,2,normal,
True,False,1860,4070.82,1,0,4,normal,
False,False,619,4812.94,4,0,4,normal,
False,False,472,29852.71,0,0,5,normal,
False,False,355,33149.28,1,1,4,normal,
False,False,1493,32194.01,1,1,4,normal,
False,False,1363,32086.29,2,1,2,normal,
False,False,1551,16010.72,1,1,2,normal,
False,False,0,143864.53,2,0,2,anomaly,new_account_large_order
False,False,1025,24140.4,2,1,4,normal,
False,False,978,39050.78,2,1,3,normal,
False,False,1166,5173.37,4,1,5,normal,
False,False,499,29112.02,0,1,3,normal,
False,False,1630,9880.52,0,1,1,normal,
False,False,1056,9039.36,2,0,3,normal,
False,False,1281,15098.85,0,0,3,normal,
False,False,931,30777.49,4,1,1,normal,
False,False,1357,33706.89,1,0,3,normal,
False,False,1498,39188.6,3,1,5,normal,
False,False,470,33493.37,2,0,2,normal,
False,False,1476,20245.56,0,1,3,normal,
False,False,19,14164.66,0,1,4,normal,
False,False,1352,7877.06,4,1,3,normal,
False,False,1528,4752.41,1,0,3,normal,
False,False,648,15803.71,15,1,2,anomaly,unusual_trading_velocity
False,False,891,7567.49,1,1,3,normal,
False,False,111,7135.57,4,1,4,normal,
False,False,1384,5790.94,0,0,3,normal,
False,False,1675,39579.43,4,0,5,normal,
False,False,1696,7962.67,0,1,5,normal,
True,False,689,87480.61,2,1,1,anomaly,account_takeover
False,False,1834,7933.21,0,1,4,normal,
False,False,1118,16109.02,4,1,3,normal,
True,False,1081,32174.59,3,0,2,normal,
False,False,95,8255.86,0,0,4,normal,
False,False,483,9621.04,0,1,1,normal,
False,False,392,7900.94,2,1,1,normal,
False,False,1001,26110.87,4,1,2,normal,
False,False,275,24306.87,1,0,4,normal,
False,False,414,38959.07,3,0,4,normal,
False,False,1063,31763.87,0,1,5,normal,
False,False,753,12351.28,0,0,2,normal,
False,False,860,27401.99,3,0,4,normal,
False,False,1559,26761.2,4,1,2,normal,
False,False,126,31195.21,1,0,4,normal,
False,False,1894,21829.93,3,0,4,normal,
False,False,316,27138.22,1,0,5,normal,
False,False,370,10511.22,2,0,5,normal,
False,False,1270,17029.01,2,1,4,normal,
False,False,656,16897.55,1,0,5,normal,
False,False,1565,2064.5,3,1,1,normal,
False,False,1843,12728.5,2,1,2,normal,
False,False,315,24054.77,3,0,1,normal,
False,False,29,33045.31,1,1,2,normal,
False,False,989,2908.67,2,1,2,normal,
False,False,927,36471.63,3,1,3,normal,
False,False,805,5012.16,0,1,5,normal,
False,False,1773,32629.79,2,1,4,normal,
False,False,1216,32672.73,0,0,5,normal,
False,False,1185,31383.43,1,0,4,normal,
False,False,653,19974.41,1,1,1,normal,
False,False,1108,27068.67,2,0,5,normal,
False,False,1866,24867.85,2,1,3,normal,
False,False,1576,2207.11,1,0,1,normal,
False,False,1038,34388.11,1,0,2,normal,
False,False,1155,1908.32,1,1,1,normal,
False,False,1329,12349.88,2,0,1,normal,
False,False,1337,30644.93,4,1,3,normal,
False,True,655,28681.54,0,0,4,anomaly,impossible_location_change
False,False,1866,2750.87,4,1,1,normal,
False,False,1625,24875.29,3,1,3,normal,
False,False,1663,23263.21,0,0,3,normal,
False,False,1009,11624.82,0,1,1,normal,
False,False,262,13807.64,2,1,5,normal,
False,False,1141,12109.56,2,1,5,normal,
False,False,309,26201.61,0,0,1,normal,
False,False,1371,17235.68,4,1,4,normal,
False,False,689,27894.71,3,1,3,normal,
False,False,1487,16457.76,0,0,2,normal,
False,False,200,21085.0,1,1,4,normal,
False,False,1546,38019.98,1,1,3,normal,
False,False,1839,27311.98,3,1,5,normal,
False,False,1237,5983.97,1,0,3,normal,
False,False,465,29548.23,4,0,2,normal,
False,False,748,25726.0,4,1,2,normal,
False,False,1619,6031.55,2,1,1,normal,
False,False,41,35636.24,2,1,3,normal,
False,False,1863,26949.89,2,0,5,normal,
False,False,1482,16994.33,1,0,3,normal,
False,True,1708,25957.04,0,0,2,normal,
False,False,161,29080.76,0,1,2,normal,
False,False,1304,28023.72,1,1,5,normal,
False,False,1426,34245.78,4,0,1,normal,
False,True,1684,15433.89,3,0,3,normal,
False,False,585,24390.78,2,0,3,normal,
False,False,604,12677.88,0,1,4,normal,
False,False,945,27617.48,1,0,4,normal,
False,False,875,35974.39,2,1,5,normal,
False,False,192,19015.19,4,0,3,normal,
False,False,1562,36282.08,3,1,5,normal,
False,False,1036,28061.86,1,0,4,normal,
False,False,1665,14738.31,1,0,5,normal,
False,False,745,25127.1,3,0,4,normal,
True,False,1024,144236.24,1,3,2,anomaly,failed_mpin_then_large_order
False,False,853,33290.35,1,0,5,normal,
False,False,188,843.84,1,0,2,normal,
False,False,23,8388.1,1,1,4,normal,
False,False,1522,37954.81,3,1,5,normal,
False,False,574,25815.94,3,1,5,normal,
False,False,106,31733.75,0,1,4,normal,
False,False,1858,1213.84,4,0,4,normal,
False,False,687,17104.96,1,0,4,normal,
False,False,1336,35023.29,2,0,5,normal,
False,False,1176,16292.03,1,0,3,normal,
False,False,561,2494.2,4,0,2,normal,
False,False,913,23958.39,2,0,5,normal,
False,False,1021,21614.24,1,1,1,normal,
False,False,1512,30726.79,4,1,1,normal,
False,False,95,27186.5,4,1,5,normal,
False,False,1148,32810.45,2,0,3,normal,
False,False,669,6010.09,3,0,1,normal,
False,False,1133,26768.72,3,0,1,normal,
False,False,1002,803.29,0,1,2,normal,
False,False,1629,38545.3,1,1,5,normal,
False,True,646,28935.69,0,0,3,normal,
False,False,2000,36930.67,0,1,5,normal,
False,False,931,14698.69,0,1,2,normal,
False,False,907,32176.35,0,1,4,normal,
False,False,1865,39239.42,0,1,4,normal,
False,False,285,18192.23,1,1,4,normal,
False,False,1775,11978.73,4,0,2,normal,
False,False,1199,19443.88,1,1,3,normal,
True,False,1993,5918.61,2,1,2,normal,
False,False,517,853.72,4,1,5,normal,
False,False,1327,1259.25,4,1,5,normal,
True,False,1617,11326.37,0,0,3,normal,
False,False,1743,19668.17,4,0,5,normal,
False,False,1562,10066.1,4,0,1,normal,
False,False,757,20219.21,1,1,4,normal,
False,False,1715,4640.66,3,0,5,normal,
False,False,1153,14401.76,4,1,4,normal,
True,False,1048,26058.19,3,1,2,normal,
False,False,647,13205.43,10,1,3,anomaly,unusual_trading_velocity
False,False,1370,28311.05,3,1,4,normal,
False,False,1641,22980.55,4,1,1,normal,
False,False,1250,39714.65,3,0,2,normal,
False,False,1031,4110.36,4,1,1,normal,
True,False,90,32396.96,2,1,2,normal,
False,False,294,30085.24,4,1,4,normal,
False,False,737,12996.42,0,0,5,normal,
False,False,1699,36011.45,4,0,5,normal,
False,False,1043,17629.41,3,0,5,normal,
False,False,1059,38434.07,3,1,3,normal,
False,False,1127,24950.91,2,1,2,normal,
True,False,22,15417.58,0,1,3,normal,
False,False,1732,6903.05,4,0,2,normal,
False,False,1252,8391.22,2,1,2,normal,
False,False,1238,31307.54,4,0,5,normal,
True,False,1226,3653.6,4,1,4,normal,
False,False,965,30652.06,2,1,2,normal,
False,False,106,14453.98,4,1,2,normal,
False,False,373,804.5,4,0,2,normal,
False,False,69,6302.02,1,0,2,normal,
False,False,1701,2147.25,2,0,1,normal,
True,False,1508,28900.23,0,0,3,normal,
False,False,1945,15252.52,4,1,5,normal,
False,False,75,14042.5,0,0,5,normal,
False,False,489,1204.1,4,1,4,normal,
False,False,781,14141.41,2,0,3,normal,
False,False,1003,30000.08,2,1,3,normal,
False,False,107,27996.27,4,0,4,normal,
False,False,209,8703.92,2,0,2,normal,
False,False,931,22111.31,2,0,1,normal,
False,False,1046,19546.61,17,1,1,anomaly,unusual_trading_velocity
False,False,125,18051.08,2,1,3,normal,
False,False,540,19401.96,1,0,5,normal,
False,False,1588,26983.4,3,0,2,normal,
False,False,1439,38545.62,2,0,1,normal,
False,False,319,27637.06,3,1,4,normal,
False,False,1429,33333.3,3,1,1,normal,
False,False,1092,11634.11,4,1,1,normal,
False,False,1160,37556.68,1,1,1,normal,
False,False,507,6608.71,3,0,4,normal,
False,False,574,22897.36,3,0,3,normal,
False,False,1885,23576.46,2,0,2,normal,
True,False,708,12183.6,0,0,5,normal,
False,False,1765,16659.83,3,0,5,normal,
False,False,1618,37261.61,1,0,3,normal,
False,False,630,14557.96,1,1,3,normal,
False,False,634,7097.3,0,1,3,normal,
False,False,1964,34225.68,2,0,2,normal,
False,False,1200,3027.26,3,0,5,normal,
False,False,366,35725.08,2,1,1,normal,
False,False,1797,38426.55,2,1,2,normal,
False,False,1440,28221.36,3,1,2,normal,
False,False,831,18449.48,4,0,5,normal,
False,False,1106,26675.07,3,1,5,normal,
False,False,1384,1510.21,4,0,2,normal,
False,False,625,8615.11,4,0,4,normal,
False,False,1784,27387.56,4,1,4,normal,
False,False,1528,37058.46,3,0,2,normal,
False,False,1201,27528.55,3,0,1,normal,
False,False,89,9922.62,2,1,3,normal,
False,False,703,7081.78,2,1,4,normal,
False,False,1140,33358.75,4,0,1,normal,
False,False,1692,2456.53,4,0,4,normal,
True,False,1827,122906.3,3,0,1,anomaly,account_takeover
False,False,557,37759.3,0,0,5,normal,
False,False,508,5326.63,4,1,4,normal,
False,False,1509,24242.65,2,1,3,normal,
False,False,1591,34418.26,4,1,3,normal,
False,False,983,33773.66,4,1,4,normal,
False,False,709,2373.73,1,0,3,normal,
False,False,1619,32920.84,3,1,5,normal,
False,False,1310,20914.26,2,1,4,normal,
False,False,346,5477.84,4,1,4,normal,
False,False,1813,6487.29,2,0,3,normal,
False,False,977,18340.51,2,1,2,normal,
False,False,756,9600.85,4,0,5,normal,
False,False,347,25870.08,4,1,2,normal,
False,False,1241,27201.14,4,0,4,normal,
False,False,1706,29935.95,3,1,4,normal,
False,False,180,37250.62,2,1,2,normal,
False,False,665,38421.0,4,1,3,normal,
False,True,1634,20672.52,3,1,4,anomaly,impossible_location_change
False,False,1863,6575.94,1,0,1,normal,
False,False,1572,16999.29,0,1,2,normal,
False,False,122,32834.2,0,0,2,normal,
False,False,372,29921.43,3,0,4,normal,
False,True,993,31001.73,0,1,1,normal,
False,False,356,14796.77,1,0,4,normal,
False,False,111,25246.13,0,1,1,normal,
False,False,1357,34820.88,3,1,4,normal,
False,False,555,37290.1,3,0,4,normal,
False,False,1291,4432.03,0,0,5,normal,
False,False,765,35198.8,4,0,3,normal,
True,False,93,28246.47,4,0,4,normal,
False,False,984,33801.96,0,0,3,normal,
False,False,624,11222.63,2,0,5,normal,
False,False,1889,33416.41,0,0,5,normal,
False,False,1916,16821.22,3,1,4,normal,
False,False,1990,17470.9,1,1,3,normal,
False,False,1827,12093.32,3,1,1,normal,
False,False,1628,30054.59,0,0,1,normal,
False,False,708,112729.79,0,4,2,anomaly,failed_mpin_then_large_order
False,False,468,1605.61,1,0,4,normal,
False,False,798,26654.86,0,1,4,normal,
False,False,537,39798.13,3,0,3,normal,
False,False,1779,7737.38,2,0,5,normal,
False,False,649,25562.71,0,1,3,normal,
True,True,1472,36933.46,4,0,5,normal,
False,False,1568,22336.54,2,0,1,normal,
False,False,1264,6886.82,0,0,1,normal,
False,False,1106,22354.75,2,1,3,normal,
False,False,1866,7443.35,1,1,1,normal,
False,False,786,15841.69,2,1,3,normal,
False,False,1837,33299.58,1,0,3,normal,
False,False,1890,24854.77,0,1,1,normal,
False,False,1399,29225.78,0,0,3,normal,
False,False,578,34754.17,2,0,5,normal,
False,False,1368,18398.17,4,1,2,normal,
False,False,1696,18939.42,3,1,3,normal,
False,False,1713,9384.14,2,0,3,normal,
False,False,1011,28043.65,2,1,5,normal,
False,False,1624,12606.55,2,0,4,normal,
False,False,1172,11648.05,0,1,5,normal,
False,False,1458,15020.52,0,0,3,normal,
False,False,481,21345.62,1,1,2,normal,
False,False,1944,21868.62,2,0,5,normal,
False,False,102,10083.11,2,0,4,normal,
False,False,561,12965.17,4,1,2,normal,
False,False,331,39656.61,3,0,5,normal,
False,False,1954,28583.53,0,0,3,normal,
False,False,737,29715.97,3,0,1,normal,
False,True,1136,39936.35,1,1,2,anomaly,impossible_location_change
True,False,2,70862.98,1,1,3,anomaly,new_account_large_order
False,False,1279,37105.82,2,0,3,normal,
False,False,1159,32451.18,0,1,3,normal,
True,False,689,29563.39,1,1,4,normal,
False,False,1077,10970.15,4,0,2,normal,
False,False,1723,11219.43,1,1,3,normal,
True,False,1320,114753.32,3,4,2,anomaly,failed_mpin_then_large_order
False,False,1044,8166.79,3,0,2,normal,
False,False,1039,9383.84,3,0,5,normal,
False,False,1675,30510.31,3,1,1,normal,
False,False,1014,6368.97,1,0,2,normal,
False,False,1780,9468.5,4,1,5,normal,
False,False,71,39759.14,0,1,3,normal,
False,False,1956,6270.47,2,1,1,normal,
False,False,1456,21450.85,2,1,5,normal,
True,False,594,39373.91,4,0,2,normal,
False,False,695,23988.09,0,1,1,normal,
False,False,1680,35409.02,1,0,4,normal,
False,False,1182,59971.01,3,7,1,anomaly,failed_mpin_then_large_order
False,False,1748,22560.74,2,0,4,normal,
False,False,1142,15948.87,0,1,5,normal,
False,False,5,144721.75,1,1,1,anomaly,new_account_large_order
False,False,603,26145.19,3,1,3,normal,
False,False,11,30863.68,0,0,4,normal,
False,False,1916,32495.63,2,0,4,normal,
False,False,836,131830.68,3,6,1,anomaly,failed_mpin_then_large_order
False,False,1833,23192.27,3,0,5,normal,
False,True,368,38980.52,2,0,5,normal,
False,False,1368,12737.21,3,1,4,normal,
False,False,140,12066.89,1,0,3,normal,
False,True,1141,36051.75,0,0,2,normal,
False,False,14,34084.96,3,0,1,normal,
False,False,463,24518.5,3,1,2,normal,
False,False,1288,18135.02,0,0,1,normal,
False,False,888,10052.33,3,0,5,normal,
False,False,1709,12697.34,2,0,5,normal,
False,False,213,7890.9,2,1,2,normal,
False,False,849,37124.4,1,1,3,normal,
False,False,1493,4398.09,1,1,3,normal,
False,False,1120,9920.12,0,0,2,normal,
False,False,1032,2090.07,0,0,3,normal,
False,False,1674,13433.71,4,1,2,normal,
False,False,219,13880.81,0,0,4,normal,
False,False,1914,31409.2,0,0,1,normal,
False,False,1438,25806.67,0,1,1,normal,
False,False,807,17227.39,4,1,2,normal,
False,False,1203,39921.18,0,0,4,normal,
False,False,1922,6178.9,0,0,1,normal,
False,False,1880,36826.68,4,0,1,normal,
False,False,1228,11789.35,2,1,1,normal,
True,False,693,26787.73,0,1,1,normal,
False,False,1084,23218.14,4,1,2,normal,
False,False,307,560.65,4,0,2,normal,
False,False,1373,678.95,2,0,3,normal,
False,False,1976,19494.98,4,1,5,normal,
False,False,828,17335.4,3,1,5,normal,
False,False,1328,3819.56,4,1,1,normal,
False,False,621,19072.29,2,1,1,normal,
False,False,1376,30695.68,4,1,3,normal,
False,False,569,22991.75,3,0,2,normal,
True,False,1653,10461.19,1,1,4,normal,
False,False,1965,26582.73,0,0,4,normal,
False,False,1202,36228.35,3,1,3,normal,
False,False,1732,11522.37,1,1,3,normal,
False,False,1666,6170.29,3,0,2,normal,
True,True,891,185907.22,2,0,1,anomaly,account_takeover
False,False,1690,38281.49,3,1,1,normal,
True,False,1345,23182.75,4,0,3,normal,
False,False,1029,27092.28,0,1,3,normal,
False,False,666,13994.38,3,1,1,normal,
False,False,1482,15919.9,3,0,5,normal,
False,False,1002,26004.71,1,0,5,normal,
True,True,986,1747.35,1,0,4,anomaly,impossible_location_change
False,False,1573,752.16,1,0,1,normal,
True,False,642,24114.99,0,1,2,normal,
False,False,205,26777.81,3,1,3,normal,
False,False,1165,11462.87,2,0,2,normal,
False,False,936,19393.69,0,1,4,normal,
False,False,497,30074.62,2,1,4,normal,
False,False,47,4270.21,3,1,2,normal,
False,False,579,22544.42,1,1,3,normal,
False,False,1936,12708.63,2,1,1,normal,
False,False,633,26376.12,1,1,4,normal,
False,False,1753,30764.09,1,1,2,normal,
False,False,1392,34674.96,1,1,1,normal,
False,False,271,3867.28,1,1,4,normal,
False,False,1128,21383.57,4,0,5,normal,
False,False,1003,34952.79,0,1,2,normal,
False,False,929,34675.29,1,1,4,normal,
False,False,1762,24315.11,4,0,5,normal,
False,False,388,20106.99,2,0,3,normal,
False,False,1819,17636.42,1,0,2,normal,
False,False,282,39017.17,3,1,5,normal,
False,False,1705,6910.45,0,0,4,normal,
False,False,469,6492.47,3,0,1,normal,
False,False,1523,13576.17,2,1,3,normal,
False,False,102,2594.32,3,0,4,normal,
False,False,1372,31881.06,1,0,1,normal,
False,False,1690,13676.74,1,0,5,normal,
False,False,1322,19410.03,0,1,3,normal,
False,False,42,15885.32,0,0,5,normal,
False,False,1900,37148.75,4,1,5,normal,
True,False,1813,36667.45,4,0,3,normal,
False,False,1925,34829.56,0,1,1,normal,
False,False,1667,24937.64,1,0,1,normal,
True,False,1782,173659.35,3,6,3,anomaly,failed_mpin_then_large_order
False,False,352,605.5,1,0,1,normal,
False,False,534,38065.93,1,1,2,normal,
False,False,887,36189.86,3,1,5,normal,
False,False,627,11268.73,4,0,3,normal,
False,False,5,95212.5,0,1,3,anomaly,new_account_large_order
False,False,1259,21722.13,1,0,1,normal,
False,False,1585,13274.46,1,0,3,normal,
False,False,1805,36173.54,1,1,5,normal,
False,False,67,26239.58,3,0,3,normal,
False,False,1529,38932.46,2,1,4,normal,
False,False,711,36196.06,1,0,1,normal,
False,False,832,10826.28,0,1,3,normal,
False,False,766,22584.21,3,1,3,normal,
False,False,1591,26192.33,0,1,5,normal,
False,False,1360,16870.24,0,1,1,normal,
False,False,1947,38466.98,0,1,5,normal,
False,False,14,13371.14,0,1,4,normal,
False,False,1006,30286.01,4,0,1,normal,
False,False,1735,9397.3,0,0,4,normal,
False,False,57,14293.43,1,0,4,normal,
False,False,1488,34410.86,2,0,4,normal,
False,False,499,21703.29,4,1,5,normal,
False,False,294,20679.08,1,0,1,normal,
False,False,244,37472.49,2,0,3,normal,
False,False,165,28575.53,4,1,5,normal,
False,False,178,11799.65,1,1,2,normal,
False,False,187,34108.81,0,1,1,normal,
False,False,1202,25504.02,3,0,3,normal,
False,False,1209,24888.39,1,0,4,normal,
False,False,1401,16199.44,1,1,5,normal,
False,False,1332,8048.59,2,0,3,normal,
False,False,1155,32539.2,1,1,3,normal,
False,False,1353,4556.95,4,0,4,normal,
False,False,949,14510.12,0,1,1,normal,
False,False,1400,23515.63,3,1,5,normal,
False,False,1065,10978.61,3,0,5,normal,
False,False,58,14674.82,0,1,1,normal,
False,False,621,14874.79,1,1,5,normal,
False,False,1346,33526.74,0,0,4,normal,
False,False,161,12034.76,4,1,1,normal,
False,False,614,17044.14,0,0,4,normal,
False,False,922,39918.46,2,1,4,normal,
False,False,265,19917.36,0,1,3,normal,
False,False,339,15791.34,2,1,4,normal,
False,False,1192,18573.56,2,0,3,normal,
False,False,1567,4692.91,0,0,3,normal,
False,False,835,17894.49,3,1,4,normal,
False,False,1358,38887.53,3,0,5,normal,
False,False,24,39909.4,4,1,2,normal,
False,False,1025,4152.3,2,1,3,normal,
False,False,1501,1418.93,0,1,4,normal,
False,False,1283,32594.88,4,0,1,normal,
False,False,1893,13542.9,2,0,3,normal,
False,False,255,11423.22,3,1,4,normal,
False,False,1014,118707.76,2,7,2,anomaly,failed_mpin_then_large_order
False,False,844,21519.18,3,0,5,normal,
False,False,66,4143.28,0,0,3,normal,
False,False,1732,12288.47,4,1,4,normal,
False,False,1871,37781.17,0,0,2,normal,
False,False,228,2523.39,4,1,4,normal,
False,False,267,7223.5,2,1,1,normal,
False,False,699,18227.5,3,0,5,normal,
True,False,938,19986.8,0,1,5,normal,
False,False,96,9231.37,0,0,2,normal,
False,False,448,21752.46,0,0,3,normal,
False,False,1400,27926.79,2,1,3,normal,
True,False,58,33341.03,1,0,5,normal,
False,False,1546,15106.5,1,1,1,normal,
False,False,1007,14742.9,0,1,4,normal,
False,False,159,7906.15,3,1,3,normal,
False,False,289,11184.04,1,0,1,normal,
True,True,208,5880.14,1,1,3,anomaly,impossible_location_change
False,False,453,39166.21,4,1,4,normal,
False,False,797,6602.73,3,1,5,normal,
False,False,1455,13174.84,1,0,3,normal,
False,False,1108,36673.18,3,1,3,normal,
False,False,498,24290.08,3,1,3,normal,
False,False,555,25285.69,0,0,1,normal,
False,False,259,39949.07,2,0,5,normal,
False,False,863,14559.87,0,0,1,normal,
False,False,1609,24344.61,0,1,1,normal,
False,False,1508,25456.22,1,0,5,normal,
False,False,266,9279.74,3,0,3,normal,
False,False,1286,30633.48,2,0,5,normal,
False,False,24,36640.14,2,0,4,normal,
False,False,591,24392.3,0,0,1,normal,
False,False,424,38985.38,1,1,4,normal,
False,False,371,1827.06,3,1,5,normal,
False,False,1521,13068.95,2,0,5,normal,
False,False,641,35450.13,0,1,2,normal,
False,False,1477,19159.95,1,0,5,normal,
False,False,1182,34223.54,4,0,1,normal,
False,False,608,2614.67,3,0,4,normal,
False,False,1855,25234.52,1,1,4,normal,
False,False,167,28215.54,3,0,4,normal,
False,False,1088,29038.58,1,0,3,normal,
False,False,187,21334.19,2,1,1,normal,
False,False,1384,31193.3,2,0,4,normal,
False,False,1116,36036.7,0,0,5,normal,
False,False,880,16451.21,1,0,2,normal,
False,False,86,32275.47,4,0,3,normal,
False,False,147,22143.2,2,1,1,normal,
False,False,403,38184.57,1,1,4,normal,
False,False,1070,17949.73,3,0,3,normal,
False,False,1006,8878.73,2,1,3,normal,
False,False,1578,34020.45,4,1,2,normal,
False,False,785,6976.14,3,0,1,normal,
False,False,419,3587.79,2,1,4,normal,
False,False,1237,37262.79,1,0,4,normal,
False,False,304,19842.05,3,1,2,normal,
False,False,613,17401.82,2,1,3,normal,
False,False,1173,35158.12,4,0,1,normal,
False,False,100,32847.59,4,1,2,normal,
False,False,310,25181.18,0,1,5,normal,
True,False,1460,144112.91,3,0,1,anomaly,account_takeover
False,False,1454,10088.31,0,1,2,normal,
False,False,1972,38484.72,3,0,2,normal,
False,False,1934,32297.71,4,1,3,normal,
False,False,1688,21779.71,4,0,2,normal,
False,False,776,25247.18,1,1,2,normal,
False,False,1072,26435.01,2,0,1,normal,
False,False,1459,22735.51,3,0,3,normal,
False,False,880,33873.44,0,1,1,normal,
False,True,927,22072.46,4,0,2,normal,
False,False,1671,31522.58,4,0,1,normal,
False,False,1994,26710.69,1,1,4,normal,
False,False,1845,16357.9,4,0,1,normal,
False,False,1540,9163.69,0,0,3,normal,
False,False,1814,12302.9,4,1,5,normal,
False,False,188,29904.36,2,1,3,normal,
False,False,103,17042.11,2,1,1,normal,
False,False,54,27225.38,2,0,4,normal,
True,False,235,8987.76,23,1,2,anomaly,unusual_trading_velocity
False,False,885,26630.09,0,1,1,normal,
False,False,712,17307.4,4,1,3,normal,
False,False,1446,13252.9,1,0,4,normal,
False,False,971,3148.4,0,1,2,normal,
True,False,231,18631.0,1,0,5,normal,
False,False,756,660.65,3,0,1,normal,
False,False,477,32961.2,2,1,3,normal,
False,False,466,37305.31,4,0,3,normal,
False,False,398,3887.51,3,0,4,normal,
False,True,352,32747.38,0,0,1,normal,
False,False,1533,10651.8,3,0,1,normal,
False,False,1807,31601.24,4,0,5,normal,
False,False,1560,21514.23,4,0,5,normal,
False,False,1405,36724.66,4,0,3,normal,
False,False,188,3503.24,3,0,2,normal,
False,False,1540,26197.01,3,1,4,normal,
False,False,1436,25942.48,0,1,4,normal,
False,False,1938,39203.81,1,1,3,normal,
False,False,1747,18095.59,0,1,2,normal,
False,False,1696,19646.88,0,0,5,normal,
False,False,1873,13225.19,2,0,4,normal,
False,False,1735,37467.26,4,0,1,normal,
False,False,1304,4714.42,2,1,1,normal,
False,False,1539,26037.52,3,0,2,normal,
False,False,225,22356.62,3,0,1,normal,
False,False,876,37439.17,4,1,5,normal,
False,False,1296,34286.78,4,1,3,normal,
False,False,1094,32929.96,2,1,4,normal,
False,False,389,39761.23,4,0,5,normal,
False,False,616,12615.33,4,0,4,normal,
False,False,1722,33446.48,2,0,4,normal,
False,True,1523,6238.95,2,0,2,anomaly,impossible_location_change
False,False,1926,13509.58,3,0,4,normal,
False,False,134,18515.21,0,0,4,normal,
False,False,445,16020.8,0,1,2,normal,
False,False,1725,30175.72,0,1,3,normal,
False,False,1638,31039.22,4,1,1,normal,
False,False,521,16924.14,3,1,2,normal,
False,False,644,27520.27,3,0,5,normal,
True,False,1503,29151.14,3,1,4,normal,
False,False,1849,9780.26,0,1,5,normal,
False,False,1338,4728.43,4,0,3,normal,
False,False,1800,26151.44,1,0,1,normal,
False,False,1342,8290.19,0,0,2,normal,
False,False,1255,30278.25,4,0,2,normal,
False,False,1733,32980.2,1,0,2,normal,
False,False,779,11940.2,2,0,4,normal,
False,False,1128,30013.23,2,1,4,normal,
False,False,788,4506.46,0,0,5,normal,
False,False,400,30725.53,4,1,4,normal,
False,False,1946,4110.48,0,1,2,normal,
False,False,1550,29928.16,1,1,3,normal,
False,False,513,19287.28,2,1,1,normal,
False,False,1031,3563.65,0,1,2,normal,
False,False,1815,25309.29,2,0,2,normal,
False,False,205,30383.93,0,1,4,normal,
False,False,1639,23064.38,4,1,4,normal,
False,False,150,15963.45,1,1,4,normal,
False,False,1194,38654.66,4,0,4,normal,
False,False,1352,23766.57,2,1,4,normal,
False,False,36,28466.73,1,1,1,normal,
False,False,552,9830.73,2,1,2,normal,
False,False,67,11118.62,2,0,3,normal,
True,False,1400,34106.1,0,0,2,normal,
False,False,1886,29613.88,1,1,3,normal,
False,True,611,17782.17,1,0,5,normal,
False,False,1683,38586.47,1,1,1,normal,
False,False,253,3912.26,4,0,4,normal,
False,False,1883,31950.16,0,1,3,normal,
False,False,402,10267.01,1,0,2,normal,
False,False,1479,18724.0,3,0,5,normal,
False,False,1315,23144.57,2,0,2,normal,
False,False,1118,2969.59,3,0,2,normal,
False,False,1080,33048.22,4,0,2,normal,
False,False,1200,35713.72,0,0,4,normal,
False,False,685,37559.35,4,1,4,normal,
False,False,309,19046.19,4,1,3,normal,
False,False,918,7843.97,1,0,1,normal,
False,False,1042,24474.1,1,1,3,normal,
False,False,1910,7081.97,3,1,3,normal,
False,False,254,10451.26,1,1,4,normal,
False,False,394,15519.87,0,1,5,normal,
False,False,618,32490.67,2,0,2,normal,
False,False,670,39170.51,2,1,5,normal,
False,False,1550,7939.08,0,0,4,normal,
True,False,1469,5157.6,0,1,1,normal,
False,False,1520,5656.93,3,1,5,normal,
False,False,498,28536.42,2,0,5,normal,
False,False,355,24071.22,2,0,5,normal,
False,False,1841,24296.74,1,0,3,normal,
False,False,1626,29687.8,3,0,4,normal,
False,False,1894,11111.72,3,0,4,normal,
False,False,1175,30656.3,4,1,3,normal,
False,False,1284,18747.5,4,0,3,normal,
True,False,1415,21230.64,4,0,4,normal,
False,False,1639,23028.06,4,0,3,normal,
True,False,1316,27932.19,3,1,3,normal,
True,False,5,135075.14,1,0,1,anomaly,new_account_large_order
False,False,395,39551.96,4,1,2,normal,
False,False,1873,14784.72,2,1,5,normal,
False,False,824,29050.53,3,0,3,normal,
False,False,1470,23388.1,4,1,5,normal,
True,False,652,28111.75,3,0,1,normal,
False,False,742,32654.04,0,0,5,normal,
True,False,791,37544.0,0,1,3,normal,
False,False,1042,5013.42,4,1,1,normal,
False,False,1835,12222.41,2,1,3,normal,
False,False,1181,17750.15,3,0,1,normal,
False,False,829,12356.85,1,0,4,normal,
False,False,67,15784.62,1,0,1,normal,
False,False,1455,26743.52,3,1,3,normal,
False,False,223,29465.47,1,0,4,normal,
False,False,141,29436.4,0,0,1,normal,
False,False,1584,3638.92,1,1,5,normal,
False,False,1423,35162.33,0,1,4,normal,
False,False,250,27732.64,2,1,1,normal,
False,False,613,6878.16,2,1,3,normal,
False,False,630,782.26,2,1,2,normal,
False,False,1410,21532.56,4,0,2,normal,
False,False,1312,17596.53,2,1,2,normal,
False,False,1354,17569.31,0,0,4,normal,
False,False,1537,10828.95,2,1,4,normal,
False,False,1188,30697.11,3,0,2,normal,
False,False,1666,37788.83,4,0,1,normal,
False,False,225,5778.25,4,0,4,normal,
False,False,384,25391.18,1,0,4,normal,
False,False,1381,28627.95,1,1,1,normal,
False,False,1845,15767.6,2,0,1,normal,
False,False,1885,2852.05,3,1,1,normal,
False,False,1304,6860.81,1,0,5,normal,
False,False,1835,25837.78,1,1,3,normal,
False,False,1915,16685.8,4,1,1,normal,
False,False,992,22840.2,2,1,1,normal,
False,False,1267,11730.65,0,1,2,normal,
True,False,262,12699.52,3,0,5,normal,
False,False,20,13571.76,4,0,1,normal,
False,False,22,12219.69,3,0,5,normal,
False,True,1262,38446.86,4,0,3,normal,
True,False,1443,23134.03,2,0,5,normal,
False,False,1077,11975.12,2,0,3,normal,
True,False,1197,21400.28,2,1,1,normal,
False,False,1114,630.58,3,1,5,normal,
False,False,531,16416.06,4,0,4,normal,
False,False,760,32277.93,2,1,4,normal,
False,False,416,32140.55,1,0,2,normal,
False,False,392,36317.64,4,0,1,normal,
False,False,1462,9243.57,4,1,5,normal,
False,False,1566,10238.63,3,0,2,normal,
False,False,226,14949.64,3,1,5,normal,
False,False,844,15305.26,2,0,4,normal,
False,False,955,9516.85,1,0,4,normal,
False,False,391,1465.59,1,1,1,normal,
False,False,117,12666.73,4,1,1,normal,
True,False,25,33604.79,0,0,2,normal,
False,False,1290,2814.0,4,1,1,normal,
False,False,223,35957.79,4,1,2,normal,
False,False,100,7809.15,4,1,3,normal,
False,True,1901,12904.24,3,0,4,anomaly,impossible_location_change
False,False,590,35183.11,2,0,2,normal,
False,False,1214,8435.79,2,0,5,normal,
True,False,1706,25018.83,1,0,1,normal,
False,False,1077,25410.02,1,1,2,normal,
False,False,1753,26113.66,2,0,5,normal,
True,False,1155,35550.57,1,1,2,normal,
False,False,282,27735.44,3,0,2,normal,
False,False,1361,7268.71,4,1,1,normal,
False,True,1314,6893.72,2,0,1,normal,
False,True,1667,6267.83,0,0,4,anomaly,impossible_location_change
False,False,605,10301.72,0,1,2,normal,
False,False,34,26984.71,3,1,2,normal,
False,False,1803,10273.99,1,1,5,normal,
False,False,167,34422.71,4,0,2,normal,
False,False,1913,33809.22,0,1,4,normal,
False,False,738,8603.77,3,0,5,normal,
False,False,1705,19439.83,4,0,2,normal,
False,False,1776,4688.67,0,0,3,normal,
False,False,1075,37453.71,0,1,3,normal,
False,False,1561,15276.91,0,1,2,normal,
False,False,633,5509.25,1,1,1,normal,
False,False,1740,28930.68,1,0,3,normal,
False,False,1442,33951.49,2,1,1,normal,
True,False,1257,141536.12,3,3,3,anomaly,failed_mpin_then_large_order
False,False,420,12145.84,3,0,3,normal,
True,False,2,137589.27,3,0,2,anomaly,new_account_large_order
False,False,1319,16998.91,0,1,1,normal,
False,False,1339,17788.0,1,0,1,normal,
False,False,339,29172.12,1,1,5,normal,
False,False,1251,10577.52,3,1,2,normal,
False,False,1859,27687.09,4,0,2,normal,
False,False,898,36960.19,2,1,4,normal,
False,True,1284,26077.56,3,1,4,normal,
False,False,1469,34660.0,0,0,3,normal,
False,False,388,34371.04,0,0,5,normal,
False,False,163,19104.83,4,0,5,normal,
False,True,1314,19528.03,4,0,3,normal,
True,False,426,10906.72,3,0,1,normal,
False,False,1983,1320.57,4,1,4,normal,
True,False,251,64313.21,0,6,3,anomaly,failed_mpin_then_large_order
False,False,386,29151.51,1,1,5,normal,
False,False,1677,28736.75,1,1,5,normal,
False,False,1868,29439.44,0,1,3,normal,
False,False,720,15192.81,3,0,2,normal,
False,False,1759,17404.49,0,1,3,normal,
False,False,172,24182.94,3,0,3,normal,
False,False,1700,16995.38,1,1,1,normal,
False,False,6,145229.53,3,1,2,anomaly,new_account_large_order
True,False,1026,37229.81,4,1,5,normal,
False,True,1957,25308.82,1,0,5,normal,
True,False,1398,15535.61,4,0,3,normal,
False,False,985,29572.24,0,1,2,normal,
False,False,1025,39053.28,1,1,2,normal,
False,False,2,147533.65,0,0,1,anomaly,new_account_large_order
False,False,366,19084.78,3,1,2,normal,
False,False,1160,28375.12,0,0,3,normal,
True,False,962,30944.42,2,1,2,normal,
True,False,146,11793.74,2,1,2,normal,
False,False,1965,34415.04,3,0,2,normal,
False,False,1725,16559.61,2,0,4,normal,
False,False,392,5269.46,3,0,4,normal,
False,False,1544,39700.4,2,0,4,normal,
False,False,1759,37965.59,4,1,4,normal,
False,False,474,6915.73,4,1,5,normal,
False,False,1612,26661.42,0,0,2,normal,
False,False,631,14311.42,4,1,5,normal,
False,False,572,8779.7,0,0,1,normal,
False,False,1965,27468.47,4,1,4,normal,
False,False,406,28874.66,3,1,4,normal,
False,False,1054,2892.86,3,1,3,normal,
False,False,1982,17187.1,4,0,5,normal,
False,False,1379,23799.76,1,1,1,normal,
False,False,178,4605.17,4,0,1,normal,
False,False,183,34156.7,4,0,2,normal,
False,False,861,26353.59,3,0,2,normal,
False,False,1307,13063.65,0,1,5,normal,
False,False,1044,18772.46,1,1,2,normal,
False,False,266,34695.85,0,0,4,normal,
False,False,855,38467.25,2,1,3,normal,
False,False,743,3170.95,0,0,5,normal,
False,False,58,28237.0,4,1,4,normal,
False,False,797,32046.66,2,1,5,normal,
False,False,844,17130.39,1,1,2,normal,
False,False,1175,4105.94,2,1,2,normal,
False,False,1687,4465.62,1,1,5,normal,
False,False,1361,26781.64,0,1,1,normal,
False,False,1890,12334.72,2,0,3,normal,
False,False,859,15466.42,3,1,4,normal,
False,False,619,7971.53,2,1,4,normal,
False,False,76,38804.45,2,0,3,normal,
True,False,1063,17421.06,3,1,5,normal,
False,False,319,36094.77,4,1,2,normal,
False,False,768,4779.67,1,1,1,normal,
False,False,384,17527.76,1,1,1,normal,
False,False,1440,12161.61,3,1,1,normal,
False,False,518,4396.03,0,1,1,normal,
False,False,292,26622.0,4,1,2,normal,
False,False,60,38089.32,3,1,4,normal,
False,False,1638,2716.71,2,1,4,normal,
False,False,1763,9305.79,0,0,2,normal,
False,False,1595,4701.53,1,1,2,normal,
False,False,116,39763.29,0,0,5,normal,
False,False,408,23961.01,0,1,4,normal,
False,False,1812,25876.94,4,0,5,normal,
False,False,268,33957.29,0,1,2,normal,
False,False,1966,36751.28,0,0,3,normal,
False,False,781,15850.53,2,1,5,normal,
False,False,461,8986.86,2,0,5,normal,
False,False,779,26320.17,2,0,5,normal,
False,False,1857,27716.75,3,1,4,normal,
False,False,1659,20074.83,0,1,2,normal,
False,False,75,4642.73,3,0,2,normal,
False,False,658,19691.52,2,1,5,normal,
False,False,181,29131.33,4,0,5,normal,
True,False,845,26531.04,0,1,4,normal,
False,False,1646,25178.43,4,1,4,normal,
False,False,807,35203.52,3,0,1,normal,
False,False,874,6993.08,2,0,5,normal,
False,False,557,13231.03,1,0,3,normal,
True,False,174,2295.74,4,1,2,normal,
False,False,1382,6054.68,4,1,2,normal,
False,False,600,11787.69,1,0,4,normal,
False,False,1356,26137.91,1,1,1,normal,
False,False,562,26977.92,4,1,4,normal,
True,False,1914,28246.83,3,0,5,normal,
False,False,715,29848.91,4,1,5,normal,
False,False,698,31436.48,2,1,3,normal,
False,False,1894,15111.2,2,1,4,normal,
False,False,55,37375.79,1,0,2,normal,
False,False,422,21147.1,4,1,2,normal,
False,False,837,25822.44,2,0,2,normal,
False,False,1757,25092.12,4,0,5,normal,
False,False,1694,1175.0,0,0,4,normal,
False,False,653,15460.03,3,1,5,normal,
False,False,805,10068.61,3,0,1,normal,
False,False,723,5881.15,2,1,3,normal,
False,False,1905,25045.35,3,1,5,normal,
False,False,1060,38348.5,1,1,5,normal,
False,False,73,13304.38,4,1,3,normal,
False,False,548,29022.14,3,1,3,normal,
False,False,560,5312.93,1,0,4,normal,
False,False,330,9541.15,2,0,4,normal,
False,False,1422,3662.49,4,1,4,normal,
False,False,928,15216.68,4,1,4,normal,
False,False,1036,1317.57,2,0,1,normal,
False,False,1837,15785.08,0,1,2,normal,
True,False,1947,170601.74,1,1,1,anomaly,account_takeover
False,False,957,15004.55,0,1,1,normal,
False,False,187,3092.64,2,1,4,normal,
False,False,1548,3289.23,2,0,2,normal,
False,False,937,20469.27,3,0,1,normal,
False,False,511,10773.58,0,1,5,normal,
True,False,552,16417.88,3,0,3,normal,
False,False,1159,23037.08,0,0,1,normal,
False,False,121,11226.46,3,1,1,normal,
False,False,217,10900.24,2,1,4,normal,
False,False,1002,33326.79,4,0,5,normal,
False,False,1884,9941.94,2,0,1,normal,
False,False,807,19698.81,1,1,1,normal,
False,False,1327,1205.06,4,1,2,normal,
False,False,1771,36247.06,3,0,5,normal,
False,False,1460,9406.08,4,1,1,normal,
False,False,1867,24486.33,1,1,2,normal,
False,False,1163,2934.76,0,0,3,normal,
False,False,1198,32475.23,0,0,4,normal,
False,False,1889,38083.18,4,1,2,normal,
False,False,49,36510.11,1,1,4,normal,
False,False,626,10665.53,1,0,4,normal,
False,False,1453,119954.27,0,6,2,anomaly,failed_mpin_then_large_order
False,False,1507,37360.34,4,1,2,normal,
False,False,69,4200.96,1,0,5,normal,
False,False,1134,38181.83,2,1,3,normal,
False,False,1241,26380.75,1,1,2,normal,
False,False,464,23582.87,2,1,2,normal,
False,False,422,994.89,4,1,5,normal,
False,False,772,38392.26,3,0,2,normal,
False,False,787,10450.83,0,1,3,normal,
False,False,957,6047.5,4,0,3,normal,
False,False,811,15402.79,2,0,4,normal,
False,False,156,35108.76,4,0,2,normal,
False,False,1283,24998.13,1,0,1,normal,
False,False,1386,3960.62,1,1,1,normal,
False,False,592,23268.66,1,1,4,normal,
False,False,842,35912.19,4,0,5,normal,
False,False,1684,25058.09,4,0,5,normal,
False,False,350,35676.23,3,0,1,normal,
False,False,1383,32612.67,4,0,5,normal,
False,False,724,9829.97,0,1,2,normal,
False,False,988,30321.15,4,1,1,normal,
False,False,430,25860.23,2,0,2,normal,
False,False,942,14197.88,2,1,5,normal,
False,False,1824,4907.9,3,1,5,normal,
False,False,1785,5392.98,0,0,2,normal,
False,False,88,30440.15,3,0,4,normal,
False,False,1178,20761.73,4,1,2,normal,
True,False,1115,22453.54,3,1,2,normal,
False,False,1089,25188.59,1,1,4,normal,
False,False,1104,27639.18,3,0,4,normal,
False,False,1789,20771.48,1,1,5,normal,
False,False,1242,1575.01,1,1,5,normal,
False,False,1396,38939.81,3,0,5,normal,
False,False,596,35800.57,3,0,2,normal,
False,False,1748,16775.18,0,1,1,normal,
False,False,1137,27352.77,2,1,4,normal,
False,False,494,15177.55,2,0,5,normal,
False,True,247,14956.03,1,0,4,normal,
False,False,1126,8412.11,1,1,3,normal,
False,False,1354,28134.52,1,0,2,normal,
False,False,1894,11851.47,1,0,4,normal,
False,False,869,8317.08,1,0,3,normal,
False,False,97,36886.4,2,1,2,normal,
False,False,1108,15657.07,4,1,1,normal,
False,False,1669,23704.19,4,0,3,normal,
False,False,1815,8585.35,1,1,1,normal,
False,False,989,32574.48,1,1,5,normal,
False,False,1751,39654.84,3,1,3,normal,
False,False,52,11209.22,4,1,2,normal,
False,False,721,8024.34,2,0,3,normal,
False,False,81,14860.93,0,0,5,normal,
False,False,1077,32701.11,4,0,4,normal,
False,False,658,15566.61,3,0,4,normal,
False,False,298,32966.89,1,1,3,normal,
False,False,57,30065.23,2,0,1,normal,
False,False,33,1710.78,4,0,3,normal,
False,False,973,7367.52,4,0,5,normal,
False,False,522,27341.63,3,0,2,normal,
False,False,907,34751.6,3,1,4,normal,
False,False,794,38571.25,4,1,4,normal,
False,False,1627,11737.31,2,1,5,normal,
False,False,203,2813.13,1,1,1,normal,
False,False,1008,12579.95,3,1,1,normal,
False,False,1556,7598.57,0,0,1,normal,
False,False,574,35933.25,4,1,1,normal,
False,False,927,26186.4,1,1,1,normal,
False,True,1671,39773.23,1,1,4,normal,
False,False,1312,16737.45,3,0,2,normal,
False,False,558,4825.88,2,1,5,normal,
False,False,1396,27887.0,0,1,3,normal,
False,False,145,3937.58,4,1,5,normal,
False,False,940,16565.43,0,1,5,normal,
False,False,1675,19923.17,0,1,3,normal,
False,False,270,39070.56,3,0,2,normal,
False,False,947,4173.86,0,1,1,normal,
False,False,1922,22488.6,1,0,3,normal,
False,False,1756,13648.22,3,1,2,normal,
False,False,844,18392.04,1,0,4,normal,
False,False,851,21171.18,0,0,5,normal,
False,False,1068,11231.55,1,0,3,normal,
False,False,1991,2663.35,3,1,4,normal,
True,False,1294,24565.69,1,0,5,normal,
False,False,392,36541.42,1,1,4,normal,
False,False,1307,34428.16,1,0,5,normal,
False,False,1013,7369.79,3,1,2,normal,
False,False,1481,36945.23,0,1,4,normal,
False,False,1560,33098.33,4,0,1,normal,
False,False,1446,32328.22,4,1,2,normal,
False,False,772,15669.48,2,0,4,normal,
False,False,299,4468.96,4,1,1,normal,
False,True,95,32258.73,4,1,2,normal,
False,False,1288,20084.2,4,0,4,normal,
False,False,1276,12247.73,4,0,1,normal,
False,False,1643,10921.59,2,1,4,normal,
False,False,772,35580.3,4,1,4,normal,
False,False,1387,5779.5,3,1,2,normal,
False,False,231,19973.95,2,0,4,normal,
False,False,552,32014.8,0,0,1,normal,
False,False,1285,6557.88,4,1,5,normal,
False,False,1460,10031.7,4,0,1,normal,
False,False,215,1407.52,3,0,4,normal,
False,False,1988,21012.11,2,1,2,normal,
False,False,372,2033.1,2,1,5,normal,
False,False,1542,9992.44,2,0,4,normal,
False,False,1533,3550.34,24,0,2,anomaly,unusual_trading_velocity
False,False,820,35796.65,3,0,3,normal,
False,False,1221,16924.81,4,1,3,normal,
False,False,1763,19694.33,0,0,1,normal,
False,False,1851,14934.31,3,1,1,normal,
False,False,444,19266.86,3,0,3,normal,
False,False,556,28095.99,0,0,1,normal,
True,False,1195,30359.61,0,1,5,normal,
False,False,89,25313.05,1,0,4,normal,
True,False,1188,82734.62,1,0,1,anomaly,account_takeover
False,False,1372,13401.08,1,1,2,normal,
False,False,275,31898.48,1,1,3,normal,
False,False,1896,580.88,3,0,1,normal,
True,False,1854,58027.78,2,4,2,anomaly,failed_mpin_then_large_order
False,False,1874,34812.27,1,0,1,normal,
False,False,1980,24420.25,4,0,3,normal,
True,True,1451,197827.25,3,0,1,anomaly,account_takeover
True,False,779,87483.76,1,5,3,anomaly,failed_mpin_then_large_order
False,False,646,29003.04,4,0,1,normal,
False,False,1994,24188.23,0,1,5,normal,
False,False,1970,33456.78,4,0,4,normal,
False,False,492,37663.42,4,1,3,normal,
False,False,122,5724.85,2,1,1,normal,
False,False,271,7473.18,2,1,2,normal,
False,False,1777,33711.07,0,0,5,normal,
False,False,396,36577.22,2,0,3,normal,
False,False,287,39750.59,0,1,5,normal,
False,False,1176,11929.28,1,1,5,normal,
False,False,1007,39677.4,2,0,4,normal,
False,False,1327,24178.86,1,1,5,normal,
False,False,42,33555.77,2,1,2,normal,
False,False,802,23399.49,4,1,5,normal,
False,False,861,33406.69,2,1,2,normal,
False,False,1969,30199.8,2,0,2,normal,
False,False,910,14364.77,2,1,1,normal,
False,False,479,33127.8,1,0,2,normal,
False,False,1512,14121.39,3,1,4,normal,
False,False,40,17156.47,0,1,2,normal,
False,False,1689,35865.29,3,0,3,normal,
False,False,1851,27332.32,0,0,4,normal,
False,False,965,9728.62,4,0,5,normal,
False,False,1262,31861.43,2,1,4,normal,
False,False,748,18258.73,1,0,4,normal,
False,False,308,24569.46,0,1,5,normal,
False,False,1379,10704.97,2,0,4,normal,
False,False,833,8005.02,4,1,5,normal,
False,False,39,21354.2,4,1,5,normal,
False,False,1342,34361.0,3,0,4,normal,
False,False,1938,17952.09,4,1,3,normal,
False,False,1323,26548.18,2,1,1,normal,
False,False,709,10068.83,4,0,2,normal,
False,False,1086,18074.04,2,0,2,normal,
False,False,1664,28674.77,4,0,5,normal,
False,False,1486,32038.67,3,0,5,normal,
False,False,1879,1274.99,4,1,1,normal,
False,False,91,18446.3,0,1,2,normal,
False,False,1596,24834.55,2,0,4,normal,
False,False,509,37850.52,0,1,1,normal,
False,False,1764,4452.61,2,1,1,normal,
False,True,704,19480.9,4,0,4,normal,
False,False,405,30776.59,1,1,5,normal,
False,False,351,18047.46,2,1,1,normal,
False,False,1975,36109.96,4,0,3,normal,
False,True,1987,29994.29,3,0,1,normal,
False,False,1016,27719.26,2,0,1,normal,
False,False,519,9435.82,1,1,3,normal,
False,False,1285,10058.85,3,1,5,normal,
True,False,394,7422.87,0,0,5,normal,
False,False,484,36448.37,0,1,5,normal,
False,False,825,11502.4,4,0,4,normal,
False,False,207,13897.16,0,1,5,normal,
False,False,1453,13646.8,0,1,4,normal,
False,False,1191,4870.11,4,1,4,normal,
False,False,1868,7329.03,11,1,2,anomaly,unusual_trading_velocity
True,False,1566,12177.36,3,0,5,normal,
False,False,102,3001.77,2,0,5,normal,
False,False,1592,18350.52,4,1,5,normal,
False,False,143,8715.91,3,1,1,normal,
False,False,1582,22277.74,1,1,4,normal,
False,False,1737,21708.87,0,0,1,normal,
False,False,1543,1221.73,0,1,3,normal,
False,False,819,19507.41,3,0,2,normal,
False,False,1628,32229.59,3,0,2,normal,
False,False,335,33475.48,4,1,3,normal,
False,False,752,36354.77,1,1,5,normal,
False,False,531,12437.77,1,0,5,normal,
False,False,1675,23825.66,4,1,3,normal,
False,False,1363,34963.07,2,0,5,normal,
True,False,801,27087.44,4,1,3,normal,
False,False,1468,8510.63,0,0,3,normal,
False,False,774,10553.91,0,0,1,normal,
False,False,1777,13293.14,21,0,2,anomaly,unusual_trading_velocity
False,False,1215,12304.8,1,0,4,normal,
False,False,501,18578.32,1,1,3,normal,
False,False,1347,32432.57,4,1,5,normal,
False,False,1023,4882.89,1,0,4,normal,
False,False,1642,38440.0,4,0,4,normal,
False,False,1562,38450.16,0,1,3,normal,
False,False,1881,26679.51,4,1,4,normal,
False,True,352,35514.2,0,1,2,normal,
False,False,48,20842.04,0,1,4,normal,
False,False,1632,30774.73,2,0,2,normal,
False,False,781,5762.06,4,0,2,normal,
False,True,1493,23515.27,2,0,3,normal,
False,False,1213,26549.09,3,1,4,normal,
False,False,1835,15466.75,0,0,2,normal,
False,False,464,17838.06,3,1,3,normal,
False,False,545,20472.27,0,0,2,normal,
False,False,825,19206.1,1,1,3,normal,
False,False,800,20404.02,0,0,2,normal,
False,False,1377,37813.49,4,1,1,normal,
False,False,1370,26885.18,1,0,2,normal,
False,False,921,7514.56,3,1,3,normal,
False,False,1045,7054.84,0,0,5,normal,
True,False,1599,37374.99,3,0,3,normal,
False,False,608,13062.86,2,1,4,normal,
False,False,1273,33942.78,1,1,3,normal,
False,False,760,14406.38,1,0,4,normal,
False,False,242,8224.63,3,0,3,normal,
False,False,1615,23284.59,0,0,4,normal,
False,False,514,28840.24,0,1,5,normal,
False,False,997,38198.58,3,1,5,normal,
False,False,491,30621.33,1,1,3,normal,
False,False,375,32411.06,4,0,3,normal,
False,False,1744,20428.2,1,0,3,normal,
False,False,1536,19749.43,4,0,1,normal,
False,False,1801,7078.14,1,0,5,normal,
False,False,1894,11723.54,1,0,4,normal,
False,False,780,8330.0,2,0,5,normal,
True,False,415,125733.88,1,4,2,anomaly,failed_mpin_then_large_order
False,False,1263,26336.45,3,1,4,normal,
True,False,1843,16616.77,21,0,3,anomaly,unusual_trading_velocity
False,False,1579,24980.44,3,1,4,normal,
False,False,315,36518.97,0,0,5,normal,
False,False,756,15751.59,2,1,4,normal,
False,False,350,31878.42,4,0,4,normal,
False,False,1960,31255.75,4,0,5,normal,
False,False,376,15112.52,0,0,2,normal,
False,False,198,36505.51,0,0,3,normal,
False,False,1088,32029.12,4,1,5,normal,
False,False,1746,36413.48,4,1,2,normal,
False,False,1134,10369.18,3,0,2,normal,
True,False,774,24773.09,0,0,1,normal,
False,False,1113,19148.11,1,1,4,normal,
False,False,786,33911.9,1,1,2,normal,
False,False,608,32401.31,3,0,3,normal,
False,False,619,33745.94,4,0,2,normal,
False,False,694,4188.79,1,1,2,normal,
False,False,720,8112.3,3,1,3,normal,
False,False,789,17594.9,3,0,2,normal,
False,False,1684,26533.64,1,1,5,normal,
False,False,1989,7861.83,0,1,1,normal,
False,False,611,10186.22,19,1,3,anomaly,unusual_trading_velocity
False,False,1331,2057.19,3,0,5,normal,
False,False,675,37754.04,1,0,4,normal,
False,False,391,1668.73,1,1,5,normal,
False,False,929,31364.81,1,1,5,normal,
False,False,647,11459.52,0,1,4,normal,
False,False,1503,12603.3,3,1,1,normal,
False,False,1470,890.49,1,1,3,normal,
False,False,398,32054.08,2,1,4,normal,
False,False,1130,38213.81,3,0,4,normal,
True,False,1018,7291.53,2,0,2,normal,
False,False,1326,38965.97,2,0,5,normal,
False,False,1329,20879.87,3,0,3,normal,
False,False,1214,11445.22,3,0,5,normal,
False,False,1676,24005.12,2,1,1,normal,
False,False,1997,38314.81,3,1,4,normal,
False,False,1002,24200.12,1,0,3,normal,
False,False,930,33911.88,3,0,2,normal,
False,False,240,2042.95,3,1,2,normal,
False,False,236,17257.91,4,0,2,normal,
False,False,259,31962.76,1,0,5,normal,
True,True,1547,1384.42,3,1,2,anomaly,impossible_location_change
False,False,1214,30139.1,2,1,5,normal,
False,False,1257,24779.62,4,0,5,normal,
False,False,943,1147.84,0,1,1,normal,
False,False,929,4871.05,1,1,1,normal,
False,False,169,13113.77,2,1,5,normal,
False,False,1896,30591.31,4,1,2,normal,
False,False,1219,18345.38,0,1,1,normal,
False,False,1211,6404.26,0,1,3,normal,
False,False,1195,2231.87,3,0,4,normal,
False,False,721,10817.08,0,1,3,normal,
False,False,628,25067.69,0,0,5,normal,
False,False,584,37826.57,3,1,2,normal,
False,False,1523,14291.33,4,0,4,normal,
False,False,1939,8052.54,0,0,1,normal,
True,False,1685,30170.88,4,0,3,normal,
False,False,712,13868.05,0,0,4,normal,
False,False,651,28000.6,3,1,1,normal,
False,False,1015,98384.41,2,7,1,anomaly,failed_mpin_then_large_order
False,True,464,1540.57,1,1,3,anomaly,impossible_location_change
False,False,1941,11573.07,3,1,2,normal,
False,False,1290,39440.63,1,1,3,normal,
False,False,53,12042.15,1,0,5,normal,
False,False,803,21172.68,3,1,1,normal,
False,False,613,16931.03,0,0,2,normal,
True,False,610,22480.1,3,0,3,normal,
False,False,1271,6986.08,1,1,1,normal,
False,False,811,17573.59,1,0,5,normal,
False,False,967,15711.06,4,0,4,normal,
False,False,401,13203.21,0,0,1,normal,
False,False,800,39251.06,2,0,3,normal,
False,False,1449,21224.81,4,0,5,normal,
False,False,1055,19988.91,3,1,1,normal,
False,False,80,35200.2,2,0,3,normal,
False,False,775,24446.16,0,1,2,normal,
False,False,1841,35568.16,2,0,3,normal,
False,False,662,28235.06,4,1,5,normal,
False,False,396,5077.5,1,0,5,normal,
False,False,773,3175.95,3,0,2,normal,
False,False,747,10232.66,3,0,3,normal,
False,False,60,6063.41,3,0,4,normal,
False,False,96,14720.86,3,1,2,normal,
False,False,1872,13254.36,4,0,3,normal,
False,False,1142,13326.6,1,1,2,normal,
False,False,1459,19770.55,4,1,5,normal,
False,False,1772,37024.13,2,0,2,normal,
False,False,745,17075.32,0,0,1,normal,
False,False,870,12474.78,4,1,4,normal,
False,False,64,34451.86,1,0,2,normal,
False,False,1676,13594.85,3,0,4,normal,
False,False,659,39131.85,3,0,3,normal,
False,False,1125,21180.33,4,1,5,normal,
False,False,1963,21248.2,2,0,2,normal,
False,False,1306,5080.36,3,1,4,normal,
False,False,504,2505.23,4,0,2,normal,
False,False,1402,672.54,3,0,1,normal,
False,False,796,16334.39,2,1,4,normal,
False,False,347,31808.83,4,1,4,normal,
False,False,268,1767.74,4,0,3,normal,
False,False,1018,17534.45,3,1,2,normal,
False,False,1959,18341.5,0,1,2,normal,
False,False,1327,20012.65,3,0,3,normal,
False,False,971,21632.03,2,1,2,normal,
False,False,1856,12845.21,3,1,5,normal,
True,True,922,96803.36,1,0,1,anomaly,account_takeover
False,False,37,9982.43,4,1,4,normal,
False,False,765,35985.4,0,0,3,normal,
True,False,67,29184.87,4,1,3,normal,
False,False,1963,15422.24,0,1,5,normal,
False,False,325,30586.1,0,1,3,normal,
False,False,755,10010.42,0,0,2,normal,
False,False,1710,12734.82,1,1,5,normal,
False,False,1806,23356.76,2,0,1,normal,
False,False,1909,14163.86,2,1,4,normal,
False,False,765,15820.88,0,0,5,normal,
False,False,195,29971.41,1,1,4,normal,
False,False,1674,11793.65,2,0,2,normal,
False,False,892,3162.58,2,0,2,normal,
False,False,1012,30446.53,4,1,2,normal,
False,False,1941,30289.39,4,0,5,normal,
False,False,1258,36857.8,3,1,2,normal,
False,False,393,28900.19,4,1,3,normal,
False,True,1261,14079.7,1,0,3,normal,
False,False,844,14080.24,3,1,2,normal,
False,False,520,35005.04,4,0,2,normal,
True,False,267,17915.1,2,0,2,normal,
False,False,1918,36559.95,1,1,3,normal,
False,False,769,31707.18,4,0,5,normal,
True,False,1053,30000.69,4,0,4,normal,
False,False,1796,11116.2,0,0,3,normal,
False,False,612,28387.09,4,1,1,normal,
False,False,1806,24222.52,2,0,1,normal,
False,False,747,2028.35,3,1,1,normal,
False,False,350,8828.84,2,0,3,normal,
False,False,1810,24998.32,0,1,1,normal,
False,False,1228,22536.57,2,1,3,normal,
False,False,370,38925.81,4,0,5,normal,
False,False,1803,26443.71,2,1,3,normal,
False,False,91,32028.36,0,0,3,normal,
False,False,102,28062.45,1,0,2,normal,
False,False,1902,27978.86,0,1,4,normal,
False,False,1852,13086.91,3,1,3,normal,
False,False,801,15252.66,3,0,3,normal,
False,False,1080,29483.06,4,0,3,normal,
False,False,1719,24922.19,3,0,1,normal,
False,False,762,8000.1,2,1,5,normal,
False,False,1335,38672.95,3,1,1,normal,
False,False,208,37304.27,0,1,4,normal,
False,False,100,5434.93,2,1,4,normal,
False,False,876,25992.85,3,1,3,normal,
False,False,212,27789.13,1,1,4,normal,
True,False,167,36212.67,2,0,5,normal,
False,False,300,9462.73,2,1,2,normal,
False,True,730,10002.29,3,0,1,normal,
False,False,1136,39056.87,0,0,4,normal,
False,False,585,20215.48,4,0,3,normal,
False,False,698,14903.67,0,0,2,normal,
False,False,244,8686.2,0,1,4,normal,
False,True,1910,14837.74,2,0,1,normal,
False,False,285,8089.56,1,0,1,normal,
False,False,1694,1701.85,3,1,4,normal,
False,False,550,14548.11,24,1,3,anomaly,unusual_trading_velocity
False,False,1542,21807.05,2,0,1,normal,
False,False,1148,7230.95,3,1,3,normal,
False,False,26,30751.83,2,0,1,normal,
False,False,1910,15915.36,3,1,3,normal,
False,False,1542,8960.47,3,0,4,normal,
False,False,1115,7312.94,4,1,2,normal,
False,False,419,19420.88,1,1,3,normal,
False,False,717,37153.71,1,0,2,normal,
False,False,1803,31242.97,0,1,3,normal,
True,False,893,1049.15,3,1,1,normal,
False,False,850,23402.95,2,0,5,normal,
False,False,556,20513.72,2,0,3,normal,
False,False,1268,10040.42,2,0,5,normal,
False,False,1779,21710.22,2,1,4,normal,
False,True,1246,12811.39,2,1,2,anomaly,impossible_location_change
False,False,637,11621.26,1,0,5,normal,
False,False,817,55392.63,1,5,2,anomaly,failed_mpin_then_large_order
False,False,1803,7766.81,3,0,5,normal,
False,False,1388,23597.84,1,1,3,normal,
False,False,1664,15463.53,1,1,2,normal,
False,False,827,1136.14,1,1,1,normal,
False,False,261,4492.48,4,1,2,normal,
False,True,882,25818.17,0,1,4,normal,
False,False,382,33476.6,2,0,3,normal,
False,False,1294,19364.77,1,0,5,normal,
False,False,1634,16469.25,2,0,4,normal,
False,False,1267,27448.05,0,1,3,normal,
False,False,399,29105.38,1,1,2,normal,
False,False,1225,16737.5,1,0,4,normal,
False,False,814,21817.48,3,0,4,normal,
False,False,936,26719.37,2,0,2,normal,
False,False,304,37458.41,2,0,3,normal,
False,False,841,6197.21,4,1,1,normal,
False,False,101,28184.84,0,1,5,normal,
False,False,426,14982.38,2,1,2,normal,
False,True,1847,34241.63,2,1,1,normal,
False,False,1932,39793.14,1,1,5,normal,
False,False,381,37402.12,3,1,5,normal,
False,False,1996,8450.65,0,0,4,normal,
False,False,1053,29949.64,4,0,4,normal,
False,False,880,28597.51,4,0,5,normal,
False,False,1395,31849.3,0,0,5,normal,
False,False,1063,8767.27,4,1,5,normal,
False,False,131,37416.02,0,1,1,normal,
False,False,1663,35482.73,0,1,5,normal,
False,False,1893,25807.51,3,0,1,normal,
False,False,756,26835.06,2,0,2,normal,
False,False,1464,6143.92,3,1,4,normal,
False,False,1094,6915.04,2,0,5,normal,
False,False,1009,33719.83,1,0,4,normal,
False,False,6,83718.27,2,0,3,anomaly,new_account_large_order
False,False,841,1397.92,2,1,2,normal,
False,False,117,26465.58,4,0,2,normal,
False,False,323,15510.0,1,1,3,normal,
False,False,243,30622.92,4,0,4,normal,
False,False,231,16760.82,3,1,4,normal,
False,False,774,22074.82,4,1,5,normal,
False,False,1128,26881.88,3,0,4,normal,
False,True,635,27464.23,0,0,4,anomaly,impossible_location_change
False,False,183,8881.77,1,0,4,normal,
False,False,981,3395.36,4,0,4,normal,
False,False,1646,36443.2,2,1,5,normal,
False,False,285,1420.57,2,1,2,normal,
False,False,732,9246.42,3,1,4,normal,
False,False,549,37302.68,3,0,3,normal,
False,False,1975,35706.19,1,0,5,normal,
True,False,333,36307.75,0,1,4,normal,
False,False,1911,20637.33,0,1,2,normal,
False,False,986,34974.89,0,1,4,normal,
True,False,275,25665.98,2,0,4,normal,
False,False,871,23807.38,1,0,2,normal,
False,True,1054,35288.76,3,0,5,normal,
True,False,1009,10054.87,1,0,5,normal,
False,False,42,23700.86,0,1,2,normal,
False,False,1661,22099.5,1,1,1,normal,
False,False,253,23979.24,0,1,5,normal,
False,False,260,21796.47,4,0,1,normal,
False,False,1075,37402.16,1,0,1,normal,
False,False,1712,27085.96,4,1,2,normal,
False,False,947,6143.43,1,0,5,normal,
False,False,905,32515.57,3,1,1,normal,
False,False,1386,30518.18,4,1,5,normal,
False,False,1424,23352.9,1,0,4,normal,
False,False,873,15259.54,0,1,1,normal,
False,False,1916,5715.08,2,1,4,normal,
True,False,1955,16054.31,3,1,4,normal,
False,False,613,33159.1,1,0,4,normal,
False,False,1881,18742.75,1,1,2,normal,
False,False,840,34748.98,3,1,1,normal,
False,False,722,38436.06,3,0,2,normal,
False,False,834,14517.17,3,0,3,normal,
False,False,219,3998.63,4,1,2,normal,
False,False,1811,23485.85,0,1,5,normal,
False,False,1510,7828.6,0,1,5,normal,
False,False,1851,16390.7,3,0,3,normal,
False,False,1497,640.28,2,0,2,normal,
False,False,783,27928.23,3,1,4,normal,
False,False,1050,12602.75,3,1,2,normal,
False,False,380,15663.47,0,0,3,normal,
False,False,62,22815.03,4,1,2,normal,
False,False,351,32672.41,4,1,1,normal,
False,False,1353,29187.26,3,0,1,normal,
False,False,1701,33364.47,1,1,2,normal,
False,False,290,13735.76,2,0,3,normal,
False,False,685,22517.56,3,1,1,normal,
False,False,575,5933.06,4,0,3,normal,
False,False,1455,17098.86,4,1,1,normal,
False,False,1176,17101.24,1,0,2,normal,
False,False,1224,3304.97,0,1,3,normal,
False,False,241,18130.83,4,1,1,normal,
False,False,1155,36505.68,3,1,2,normal,
False,False,344,6343.86,3,1,3,normal,
False,False,1055,37764.39,2,1,2,normal,
False,False,1179,27858.46,3,1,2,normal,
False,False,937,21344.7,3,0,4,normal,
False,False,455,7940.02,2,0,1,normal,
False,False,582,33080.25,2,1,4,normal,
False,False,156,4553.3,4,1,2,normal,
True,False,777,18172.93,0,0,4,normal,
False,False,435,15526.45,3,1,4,normal,
False,False,1424,9175.79,1,0,5,normal,
False,False,1679,31623.63,0,0,4,normal,
False,False,1239,29584.73,1,0,1,normal,
False,False,567,6097.82,0,1,5,normal,
False,False,1882,802.34,4,1,2,normal,
False,False,556,29790.3,4,1,5,normal,
False,False,1364,21052.21,4,0,4,normal,
False,False,1480,2910.61,3,0,3,normal,
False,False,1912,32943.78,3,1,2,normal,
False,False,1272,6523.58,4,0,2,normal,
False,False,1218,31643.92,4,1,3,normal,
False,False,1324,9852.62,2,1,1,normal,
False,False,364,25235.27,0,1,2,normal,
False,False,424,16806.84,0,0,5,normal,
False,False,1484,23059.84,4,1,4,normal,
False,False,118,15264.69,2,1,4,normal,
False,False,671,16566.14,1,1,1,normal,
False,False,139,7979.04,3,1,5,normal,
False,False,1493,33499.14,1,0,5,normal,
False,False,19,15761.4,3,1,2,normal,
False,False,1879,29175.91,4,1,4,normal,
False,False,1933,30620.38,3,0,1,normal,
False,False,980,35475.88,3,1,3,normal,
False,False,541,4216.79,3,1,4,normal,
True,False,190,12346.04,1,0,5,normal,
False,False,1915,21235.7,4,0,3,normal,
False,False,1087,18121.26,3,0,5,normal,
False,False,1569,37037.09,0,1,2,normal,
False,False,1541,35213.24,4,0,3,normal,
False,False,914,7046.79,3,1,3,normal,
False,False,1414,32090.82,4,1,5,normal,
False,False,1667,8230.63,0,1,3,normal,
False,False,920,26281.75,3,0,2,normal,
False,False,1894,38798.26,3,0,5,normal,
False,False,913,35024.94,2,0,1,normal,
False,False,540,27476.54,4,0,4,normal,
False,False,439,33022.04,1,1,4,normal,
False,False,89,5807.97,3,0,3,normal,
False,False,1877,32547.35,3,0,4,normal,
False,False,1096,15720.58,1,0,5,normal,
False,False,1905,29206.99,2,1,1,normal,
False,False,1315,26157.91,0,1,3,normal,
False,False,743,34094.22,1,0,2,normal,
False,False,758,2857.46,3,0,5,normal,
False,False,843,24068.49,4,0,2,normal,
False,False,1641,24741.16,1,0,3,normal,
False,False,722,22640.74,1,1,4,normal,
True,False,1033,16062.52,1,0,1,normal,
False,False,915,36814.1,3,1,1,normal,
False,False,1644,13874.07,2,1,5,normal,
False,False,58,34331.08,2,1,1,normal,
False,False,1186,20436.81,1,1,3,normal,
False,False,1743,4491.19,3,1,4,normal,
False,False,1269,17561.57,16,1,2,anomaly,unusual_trading_velocity
False,False,1645,17571.83,2,0,3,normal,
False,False,994,36704.66,3,1,4,normal,
False,False,0,127388.15,2,1,2,anomaly,new_account_large_order
False,False,560,32477.24,0,0,2,normal,
False,False,1336,9979.62,3,0,5,normal,
False,False,485,8953.06,3,1,4,normal,
False,False,1156,13339.46,3,1,3,normal,
False,False,357,7259.1,4,1,1,normal,
False,False,992,7926.83,4,0,3,normal,
False,False,1058,27091.11,4,1,4,normal,
False,False,416,25339.46,4,1,1,normal,
True,False,906,8775.61,1,0,1,normal,
False,False,1960,36890.55,4,1,2,normal,
False,False,1152,18763.94,2,0,4,normal,
False,False,712,20250.04,1,0,3,normal,
False,False,59,12662.27,2,0,2,normal,
False,False,662,27711.63,2,1,3,normal,
False,False,506,17142.67,0,1,4,normal,
False,False,659,21797.85,3,0,4,normal,
False,False,718,27530.3,2,1,2,normal,
False,False,1377,21745.73,1,0,2,normal,
False,False,1979,39402.84,2,1,2,normal,
False,False,1775,6374.41,4,0,1,normal,
False,False,135,39980.35,1,0,5,normal,
False,False,355,37773.66,0,0,5,normal,
False,False,1103,16076.66,0,0,2,normal,
False,False,1420,4403.97,4,1,4,normal,
False,False,468,28166.09,0,0,4,normal,
False,False,1198,10335.38,1,1,3,normal,
False,False,1720,16181.29,3,0,3,normal,
False,False,1992,7070.37,3,1,4,normal,
False,False,447,1752.03,1,0,5,normal,
False,False,1188,14995.32,0,1,3,normal,
False,False,395,716.04,0,0,5,normal,
False,False,767,34303.21,3,1,4,normal,
False,False,1668,15106.33,4,0,2,normal,
False,False,67,5541.22,4,0,1,normal,
False,False,170,38301.57,0,1,1,normal,
False,False,209,15067.3,2,0,5,normal,
False,False,318,5130.49,0,0,3,normal,
False,True,811,11201.51,3,0,4,anomaly,impossible_location_change
False,False,1942,28775.55,4,1,4,normal,
False,False,1625,33483.98,0,0,5,normal,
False,False,1627,2535.04,1,0,5,normal,
False,False,1987,7852.86,0,1,2,normal,
False,False,815,15255.55,0,1,2,normal,
False,True,1722,71008.92,2,3,1,anomaly,failed_mpin_then_large_order
False,False,53,19435.19,3,0,5,normal,
True,True,480,72276.16,2,0,1,anomaly,account_takeover
False,False,1454,36835.32,2,0,2,normal,
False,False,563,21596.22,2,1,1,normal,
False,False,1056,37281.31,4,0,2,normal,
False,False,511,23333.54,2,0,1,normal,
False,False,665,18998.89,3,1,3,normal,
False,False,101,6875.94,4,0,3,normal,
True,False,1004,102082.99,1,1,1,anomaly,account_takeover
False,False,1829,14411.71,4,0,2,normal,
False,False,327,31831.94,3,0,5,normal,
False,False,1466,15325.33,4,1,5,normal,
False,False,1188,18296.34,2,0,2,normal,
False,False,1105,38931.88,4,0,4,normal,
False,False,129,4183.16,3,1,2,normal,
False,False,1458,23942.52,3,1,4,normal,
False,False,900,29916.9,0,1,3,normal,
False,False,917,24578.52,1,1,5,normal,
False,False,1983,7845.0,2,0,5,normal,
False,False,1578,27376.35,2,1,1,normal,
False,False,753,26964.9,3,0,2,normal,
False,False,375,21400.69,3,0,2,normal,
False,False,600,10870.42,2,0,1,normal,
False,False,1619,33682.04,2,1,4,normal,
False,False,17,35746.54,0,0,2,normal,
False,False,1071,12102.74,1,1,1,normal,
False,False,565,22432.59,2,0,4,normal,
False,False,519,22702.27,1,1,4,normal,
False,False,1549,16545.72,4,1,3,normal,
False,False,577,31527.13,2,0,3,normal,
False,False,1508,35018.08,4,0,2,normal,
False,False,1510,8470.24,4,0,4,normal,
False,False,859,30884.16,0,0,4,normal,
False,False,591,28891.92,2,1,5,normal,
True,True,734,182915.11,1,1,1,anomaly,account_takeover
False,False,484,13629.64,1,0,4,normal,
False,False,1891,10373.65,3,1,2,normal,
False,False,475,21694.18,2,0,2,normal,
False,False,1890,703.83,4,1,4,normal,
False,False,1048,36949.59,2,0,5,normal,
True,False,711,33449.78,0,1,4,normal,
False,False,22,16535.73,0,0,4,normal,
False,False,1550,23111.98,4,0,5,normal,
False,True,1084,18207.51,2,0,4,anomaly,impossible_location_change
False,False,1345,37433.77,3,1,2,normal,
False,False,226,7418.59,2,1,4,normal,
False,True,1891,32355.38,1,1,3,normal,
False,False,1732,32951.26,3,1,5,normal,
False,False,209,37784.79,2,0,1,normal,
False,False,978,36670.68,4,1,3,normal,
False,False,881,7325.88,1,0,3,normal,
False,False,672,3968.25,0,0,1,normal,
False,False,265,10676.52,3,1,4,normal,
False,False,1524,19002.46,2,0,3,normal,
False,False,544,3600.43,0,0,1,normal,
False,False,1039,22288.64,2,0,5,normal,
False,False,1125,20547.63,0,1,1,normal,
False,False,193,28808.77,4,1,1,normal,
False,False,1513,25309.38,0,0,1,normal,
False,False,58,16364.38,1,1,3,normal,
False,False,1761,4262.33,0,0,5,normal,
True,False,188,13076.72,2,0,5,normal,
False,False,1960,33804.99,3,0,1,normal,
True,False,193,9086.77,2,0,1,normal,
False,False,687,28131.56,4,0,1,normal,
False,False,1586,32679.92,1,0,5,normal,
False,False,1967,10678.89,4,1,4,normal,
False,False,294,14472.64,3,0,3,normal,
False,False,1315,10257.57,4,1,2,normal,
False,False,1761,15544.89,1,0,4,normal,
False,False,58,20199.43,3,0,3,normal,
True,False,567,23279.28,1,1,5,normal,
True,False,549,5637.63,4,1,1,normal,
False,False,1600,17556.0,0,0,5,normal,
False,False,353,2466.43,4,1,5,normal,
False,False,1530,5580.49,1,1,5,normal,
False,False,1768,39874.11,3,1,2,normal,
False,False,807,36799.94,4,1,1,normal,
False,False,14,33175.8,0,0,1,normal,
False,False,668,38940.51,0,1,4,normal,
False,False,1012,1441.45,0,1,5,normal,
False,False,1197,31741.48,1,1,5,normal,
False,False,1011,7996.15,1,1,3,normal,
False,False,401,31686.94,3,1,1,normal,
False,False,888,39153.15,1,0,2,normal,
False,False,846,16655.39,4,0,3,normal,
False,False,667,21757.05,4,0,4,normal,
False,False,773,17787.88,0,0,1,normal,
False,True,967,3359.94,3,0,4,anomaly,impossible_location_change
False,False,1957,29710.12,4,0,1,normal,
False,False,1098,29704.74,2,1,2,normal,
False,False,859,18497.29,1,1,3,normal,
False,False,629,17011.78,1,0,2,normal,
False,False,1997,36496.29,2,1,3,normal,
False,False,775,38234.54,2,1,3,normal,
False,False,1093,8443.64,4,0,2,normal,
False,False,164,31659.82,1,0,3,normal,
False,False,790,34667.67,0,1,4,normal,
False,False,826,38689.04,2,1,1,normal,
False,False,41,5000.45,3,0,2,normal,
True,False,230,32347.92,2,1,3,normal,
False,False,227,10229.5,1,1,3,normal,
True,True,652,22419.75,0,1,3,anomaly,impossible_location_change
False,False,997,105409.84,3,4,2,anomaly,failed_mpin_then_large_order
False,False,1040,33517.88,4,0,4,normal,
False,False,1608,37492.47,4,0,4,normal,
False,False,1705,11045.71,2,1,1,normal,
False,False,639,31832.58,1,1,3,normal,
False,False,474,7816.2,0,0,2,normal,
False,False,301,12997.15,1,0,4,normal,
False,False,1166,36206.9,1,1,1,normal,
True,False,1502,26070.7,2,0,2,normal,
False,False,1302,39882.12,0,1,5,normal,
False,False,1332,6081.75,1,1,4,normal,
False,True,946,23655.72,0,1,3,normal,
False,False,1009,25835.67,4,0,1,normal,
False,False,934,9350.4,0,1,2,normal,
False,False,568,26872.03,3,0,5,normal,
False,False,794,37620.91,2,0,1,normal,
False,False,1438,22960.3,3,0,2,normal,
False,False,382,19695.72,3,1,3,normal,
False,False,1836,31361.66,2,0,4,normal,
False,False,1355,16894.51,1,1,5,normal,
False,False,1958,35430.16,4,1,1,normal,
False,False,596,25921.53,0,1,3,normal,
False,False,1217,4618.56,4,1,1,normal,
False,False,439,39753.35,3,1,3,normal,
False,False,581,8628.13,1,1,1,normal,
False,False,420,16101.37,0,0,5,normal,
False,False,1650,14416.68,1,1,2,normal,
False,False,1310,10757.1,0,0,5,normal,
False,False,1458,31681.45,3,0,3,normal,
False,False,971,29472.31,4,0,4,normal,
False,False,61,18056.68,3,0,1,normal,
False,False,599,12724.95,4,0,1,normal,
False,False,383,1916.56,2,0,4,normal,
False,False,1594,3167.41,1,1,2,normal,
False,False,36,8945.33,4,1,1,normal,
False,False,780,23169.45,2,0,1,normal,
False,False,213,8971.1,3,1,5,normal,
True,False,496,19824.69,0,1,4,normal,
False,False,982,31290.93,3,0,1,normal,
True,False,485,35532.12,1,0,5,normal,
False,False,1652,23858.8,1,1,4,normal,
False,False,1891,7096.98,0,0,3,normal,
False,False,508,8425.28,1,1,2,normal,
False,False,714,520.48,1,1,3,normal,
False,False,1593,36144.27,4,1,5,normal,
False,False,1776,22474.07,1,0,3,normal,
False,False,871,12475.93,4,1,1,normal,
False,False,1615,4500.09,4,0,3,normal,
False,False,1945,18048.89,0,0,4,normal,
False,False,113,7059.82,1,0,3,normal,
False,False,1578,10699.01,1,1,4,normal,
False,False,548,30606.39,0,1,1,normal,
False,True,522,19967.65,0,0,2,anomaly,impossible_location_change
False,False,88,16169.95,2,0,1,normal,
False,False,515,18046.18,3,0,2,normal,
False,False,721,11716.38,0,0,2,normal,
False,False,68,649.32,3,1,2,normal,
False,False,950,23450.83,3,0,3,normal,
False,False,1617,26070.84,4,1,1,normal,
False,False,710,8538.31,21,0,1,anomaly,unusual_trading_velocity
False,False,721,18493.8,1,0,3,normal,
False,False,1653,31262.74,3,0,2,normal,
False,False,897,36582.76,3,0,3,normal,
False,False,1341,3562.16,0,1,1,normal,
False,False,855,17944.36,0,1,5,normal,
False,False,35,18390.85,2,0,3,normal,
False,False,264,5482.55,1,1,5,normal,
False,False,535,16003.29,1,1,4,normal,
False,False,1992,17750.67,1,1,1,normal,
False,False,1628,14769.43,3,1,1,normal,
False,False,741,17766.03,4,1,1,normal,
False,True,1965,114790.63,3,4,1,anomaly,failed_mpin_then_large_order
False,False,302,24992.14,3,0,4,normal,
False,False,713,32662.01,2,0,4,normal,
False,False,197,19182.46,2,1,4,normal,
False,False,1918,16634.64,4,1,3,normal,
False,False,657,14025.73,4,1,2,normal,
False,False,267,18928.42,2,1,1,normal,
False,False,50,17553.6,2,0,1,normal,
False,False,1387,30077.13,2,0,5,normal,
False,False,1440,5087.02,2,0,2,normal,
False,False,991,29193.18,0,0,2,normal,
False,False,1501,35522.81,3,0,3,normal,
False,False,277,27337.75,3,0,4,normal,
False,False,1247,39859.49,0,0,5,normal,
False,False,1099,5129.57,2,0,2,normal,
False,False,32,24330.09,3,1,1,normal,
False,False,1775,10676.87,1,0,2,normal,
False,True,1705,4326.33,0,1,4,anomaly,impossible_location_change
True,True,289,160456.8,3,0,1,anomaly,account_takeover
False,False,1860,25869.44,4,0,1,normal,
False,False,1149,11288.81,0,1,1,normal,
False,False,1430,30171.55,4,1,3,normal,
False,False,13,1414.13,0,1,5,normal,
False,False,1012,6190.86,1,1,4,normal,
False,False,1033,18146.47,1,0,4,normal,
False,False,135,19831.5,25,1,3,anomaly,unusual_trading_velocity
False,False,93,9441.37,0,0,5,normal,
False,False,1135,15606.14,3,1,4,normal,
False,False,1361,31822.46,3,0,3,normal,
False,False,482,2438.61,2,0,5,normal,
False,False,1581,12322.13,2,1,1,normal,
False,False,1753,3440.12,4,1,4,normal,
False,True,1327,13581.46,2,1,4,anomaly,impossible_location_change
False,False,1810,38752.97,4,1,3,normal,
False,False,1405,18075.12,4,0,1,normal,
False,False,1236,25326.08,4,1,3,normal,
False,False,13,13108.67,0,0,2,normal,
False,False,361,19705.77,1,0,1,normal,
False,False,1305,1368.09,2,0,5,normal,
False,False,326,19878.07,4,1,1,normal,
False,False,357,27008.38,1,1,3,normal,
False,False,1114,9500.4,1,0,5,normal,
False,False,898,10296.54,2,1,3,normal,
False,False,961,20065.58,3,0,1,normal,
False,False,668,32273.02,1,0,3,normal,
False,False,1485,9369.65,2,1,5,normal,
False,False,1372,29796.89,1,0,1,normal,
False,False,1514,16649.16,1,0,5,normal,
False,False,62,39891.89,0,0,3,normal,
False,False,1156,36901.6,2,0,2,normal,
False,False,1049,14792.21,2,1,2,normal,
True,False,775,13150.56,1,0,1,normal,
False,False,1264,27089.75,0,0,2,normal,
True,False,1787,39103.94,1,0,2,normal,
False,False,253,805.33,3,0,2,normal,
True,False,485,21891.04,0,1,1,normal,
False,False,512,38054.82,3,0,5,normal,
True,False,701,196455.26,0,1,1,anomaly,account_takeover
False,False,706,2145.49,4,0,3,normal,
False,False,1791,39118.36,3,1,2,normal,
False,False,1000,18723.6,0,0,4,normal,
False,False,767,15194.53,0,0,5,normal,
False,False,83,5690.82,0,0,3,normal,
False,False,1864,36900.53,4,0,5,normal,
False,False,1279,21874.77,4,0,2,normal,
False,False,1541,33319.37,0,1,1,normal,
False,False,374,17577.94,3,0,2,normal,
False,False,1890,34182.44,1,0,5,normal,
False,False,1700,32701.45,2,0,2,normal,
False,False,1266,18227.43,4,0,3,normal,
False,False,1662,4269.73,3,1,3,normal,
False,False,169,3883.31,3,0,5,normal,
False,False,1089,22485.89,1,0,2,normal,
False,False,1749,23697.06,3,0,1,normal,
False,False,1099,26590.41,1,1,4,normal,
False,False,542,18325.39,16,1,1,anomaly,unusual_trading_velocity
False,False,739,29175.91,1,0,3,normal,
False,False,1345,4616.92,1,1,4,normal,
False,False,309,33417.68,1,1,1,normal,
False,False,951,19018.12,0,1,3,normal,
False,True,1744,21226.94,0,1,3,normal,
False,False,1037,4533.35,3,1,1,normal,
False,False,1389,18961.51,1,0,5,normal,
False,False,594,16727.56,2,1,2,normal,
False,False,1180,31598.65,1,1,5,normal,
False,False,320,11291.34,1,1,5,normal,
False,False,368,37445.81,0,1,2,normal,
False,False,969,1856.51,2,1,2,normal,
False,False,1117,37535.86,1,0,2,normal,
False,False,1055,1033.58,1,0,1,normal,
False,False,35,35594.91,0,0,4,normal,
False,False,494,34382.48,2,0,5,normal,
True,False,1830,35047.48,0,0,3,normal,
False,False,241,33720.43,2,0,2,normal,
False,False,250,14725.28,0,0,4,normal,
False,False,852,29880.9,1,0,3,normal,
False,False,1366,2191.92,2,1,1,normal,
False,False,1312,28262.12,2,1,5,normal,
False,False,1457,21029.62,2,1,4,normal,
False,False,1409,36385.94,0,0,4,normal,
False,False,1791,22470.42,1,1,5,normal,
False,False,705,15374.63,2,1,1,normal,
False,False,259,2511.19,3,1,1,normal,
False,False,871,3219.97,1,1,2,normal,
False,False,1031,5811.63,4,1,4,normal,
False,False,90,32565.33,1,1,1,normal,
False,False,249,6068.84,3,1,2,normal,
False,False,503,13827.11,1,1,5,normal,
False,False,681,20538.07,4,1,3,normal,
False,False,1470,30926.8,3,0,2,normal,
False,False,47,22459.31,1,1,3,normal,
False,False,696,965.6,2,0,2,normal,
False,False,1709,5384.66,3,1,2,normal,
False,False,214,36646.73,0,1,1,normal,
False,False,0,98016.67,0,0,3,anomaly,new_account_large_order
False,False,1295,32678.6,2,0,5,normal,
False,False,609,15804.07,0,1,2,normal,
False,False,1765,27310.2,1,1,2,normal,
False,False,1202,37967.66,1,1,1,normal,
False,False,1405,5763.83,4,1,3,normal,
False,False,1024,30122.78,4,0,4,normal,
False,False,1085,6083.08,1,0,4,normal,
False,False,588,11533.46,3,0,4,normal,
False,False,1060,22130.16,3,0,2,normal,
False,False,294,7653.64,2,0,1,normal,
False,False,1708,6016.19,4,1,4,normal,
False,False,988,99276.65,2,5,2,anomaly,failed_mpin_then_large_order
False,False,1602,1866.99,3,0,2,normal,
False,False,1029,19375.49,3,0,4,normal,
False,False,1046,18030.6,4,0,2,normal,
False,False,201,39703.37,4,0,5,normal,
False,False,1176,22744.21,1,1,1,normal,
False,False,1147,31703.2,4,1,3,normal,
False,False,1144,1710.01,4,0,1,normal,
False,False,1014,13165.04,2,1,1,normal,
False,False,1568,35576.92,3,1,1,normal,
False,False,1221,5171.49,1,0,2,normal,
False,False,420,17130.13,4,0,4,normal,
False,False,1550,24434.58,4,1,2,normal,
False,False,1722,23298.34,4,1,1,normal,
False,False,1937,6837.92,2,0,3,normal,
False,False,851,30239.5,3,0,3,normal,
False,False,3,74214.13,3,1,1,anomaly,new_account_large_order
False,False,1776,15500.03,2,0,1,normal,
False,False,1068,18849.72,4,0,1,normal,
False,True,356,30851.55,3,1,5,normal,
False,False,964,27579.66,4,0,3,normal,
False,False,275,12805.99,2,0,1,normal,
False,False,1833,27491.98,4,0,5,normal,
False,False,4,78738.17,2,0,2,anomaly,new_account_large_order
False,False,1671,21438.46,0,0,2,normal,
False,False,1488,3400.97,2,1,5,normal,
True,False,1823,32855.21,2,0,2,normal,
False,False,1997,15330.99,4,0,5,normal,
True,False,879,6362.5,2,1,4,normal,
False,False,1300,31547.4,4,1,3,normal,
False,False,827,30265.21,4,0,5,normal,
False,False,1915,33265.36,1,1,4,normal,
False,False,1140,11479.17,4,0,4,normal,
False,False,495,11064.86,1,1,5,normal,
False,False,239,25262.48,3,0,4,normal,
False,False,1994,31015.64,4,0,5,normal,
True,True,579,32973.38,3,0,3,anomaly,impossible_location_change
False,False,1079,15918.44,4,0,1,normal,
False,False,1262,25411.55,3,1,2,normal,
False,False,1241,34211.42,3,0,3,normal,
False,False,719,25517.69,4,0,1,normal,
True,False,716,4209.98,0,1,4,normal,
False,False,1342,14761.91,0,0,5,normal,
False,False,1461,21919.47,0,0,2,normal,
False,False,874,29802.94,2,0,3,normal,
False,False,293,4464.52,0,1,2,normal,
True,False,1819,6669.77,3,1,2,normal,
False,False,1282,35175.42,3,0,4,normal,
False,False,1146,39721.27,1,1,2,normal,
False,False,1247,27111.48,0,1,2,normal,
False,False,961,10908.09,0,1,2,normal,
False,False,1035,19873.22,3,1,1,normal,
False,False,1881,13519.68,1,1,3,normal,
False,False,1369,8262.42,4,1,5,normal,
False,False,1267,5788.94,0,0,2,normal,
False,False,1137,15650.12,3,1,2,normal,
False,False,104,33508.59,2,0,5,normal,
False,False,1789,26801.35,1,1,4,normal,
False,False,726,34511.42,4,1,2,normal,
False,False,1658,4545.87,2,1,3,normal,
False,False,864,19390.92,0,1,2,normal,
False,False,1165,9347.4,2,0,4,normal,
False,False,1310,10159.71,0,0,5,normal,
False,True,1184,1213.44,0,0,4,normal,
False,False,1865,549.86,0,1,5,normal,
False,False,906,22089.98,2,1,1,normal,
False,True,1844,12625.13,0,1,4,normal,
False,False,1054,19190.85,1,0,3,normal,
False,True,672,157808.78,3,4,2,anomaly,failed_mpin_then_large_order
False,False,453,2964.63,3,1,5,normal,
False,False,984,19447.92,2,0,1,normal,
False,True,403,33076.43,0,1,1,normal,
False,False,1698,30533.88,4,1,5,normal,
False,False,1755,8712.18,2,1,5,normal,
False,False,1490,28360.51,0,1,4,normal,
False,False,1089,9474.48,1,1,2,normal,
False,False,1453,4984.55,3,1,5,normal,
False,False,32,19427.11,1,1,2,normal,
False,False,218,9303.69,0,0,5,normal,
False,False,1124,26416.05,0,1,1,normal,
False,False,120,12918.5,4,1,5,normal,
True,False,4,92574.0,0,1,3,anomaly,new_account_large_order
False,False,1833,34961.82,1,0,3,normal,
False,False,357,8003.35,4,1,3,normal,
False,False,967,38496.01,2,1,3,normal,
False,False,739,30008.13,2,0,3,normal,
True,False,1267,12180.48,2,0,5,normal,
True,False,917,2254.41,1,1,2,normal,
False,False,1486,4072.08,3,1,5,normal,
False,False,1055,25083.47,1,0,1,normal,
False,False,11,28804.84,4,0,3,normal,
False,False,649,38185.71,4,0,3,normal,
False,False,184,33623.23,1,1,3,normal,
False,False,1543,36762.53,0,0,5,normal,
False,False,1842,15325.74,3,1,1,normal,
False,False,47,2913.39,1,1,5,normal,
False,False,328,37919.2,4,1,3,normal,
False,False,1692,36188.91,1,1,5,normal,
False,False,1072,9619.67,1,0,4,normal,
False,False,1651,8788.11,2,1,5,normal,
False,False,393,127573.32,1,7,3,anomaly,failed_mpin_then_large_order
False,False,854,23497.49,0,1,1,normal,
False,False,322,21328.66,3,0,5,normal,
False,False,625,24476.48,2,1,3,normal,
False,False,438,29133.95,0,0,2,normal,
True,False,943,15625.83,4,0,5,normal,
False,False,1593,33120.02,2,1,5,normal,
False,False,631,38341.2,0,0,4,normal,
False,False,1766,7774.53,2,1,3,normal,
False,False,1442,36939.42,3,1,4,normal,
False,False,1140,16929.18,4,0,1,normal,
False,False,1388,38538.66,1,0,3,normal,
False,True,1308,4719.32,2,0,1,normal,
False,False,1395,30051.32,1,1,4,normal,
False,False,402,4766.26,0,0,5,normal,
False,False,1072,14480.45,4,1,3,normal,
False,False,1433,27700.91,0,0,1,normal,
False,False,884,7640.43,18,0,2,anomaly,unusual_trading_velocity
False,False,1377,15562.41,4,1,1,normal,
False,False,1444,21685.96,0,0,4,normal,
False,False,1442,23448.51,0,0,3,normal,
False,False,10,9665.37,2,1,4,normal,
False,False,549,10893.27,16,1,3,anomaly,unusual_trading_velocity
False,False,1208,22041.22,1,1,4,normal,
False,False,1447,11778.66,4,1,3,normal,
False,False,35,32114.46,3,0,1,normal,
False,False,201,7677.3,2,1,2,normal,
False,False,418,9452.29,0,1,4,normal,
False,False,611,9227.91,0,0,4,normal,
False,False,1691,28959.62,4,0,3,normal,
False,False,871,31595.02,1,1,4,normal,
False,False,1620,9445.73,2,0,4,normal,
False,False,1313,39567.08,0,1,1,normal,
False,False,389,35341.39,2,0,2,normal,
False,False,116,13706.89,4,0,5,normal,
False,False,1014,13881.64,1,0,4,normal,
False,False,398,38373.88,1,1,5,normal,
False,False,1132,39713.66,4,1,4,normal,
False,False,1009,13023.11,2,1,3,normal,
False,False,1720,34490.42,4,0,3,normal,
False,False,1691,37660.81,0,0,2,normal,
False,False,1896,739.99,3,1,5,normal,
False,True,1382,5195.86,0,0,3,normal,
False,False,197,16254.91,1,0,4,normal,
False,False,1999,17938.13,3,1,1,normal,
False,False,655,17057.29,1,1,3,normal,
True,True,263,6660.85,0,1,5,normal,
False,False,1526,21740.3,0,0,4,normal,
False,False,1907,37474.01,2,0,1,normal,
False,False,940,24020.83,1,0,5,normal,
False,False,1457,30307.16,4,0,5,normal,
False,False,1444,35830.6,0,0,5,normal,
False,False,129,4506.88,2,1,5,normal,
False,False,1369,9405.89,2,1,3,normal,
False,False,1,72691.26,1,1,2,anomaly,new_account_large_order
True,False,473,36629.79,3,0,5,normal,
False,False,435,38081.11,4,0,5,normal,
False,False,91,10213.19,1,1,1,normal,
False,False,1435,22819.47,4,0,3,normal,
False,False,701,27721.31,3,0,2,normal,
False,False,1201,36464.29,2,0,3,normal,
True,True,148,37522.13,2,1,4,anomaly,impossible_location_change
False,False,266,21030.18,4,0,1,normal,
False,False,1956,15521.98,3,0,4,normal,
False,False,1203,30921.24,0,1,5,normal,
False,False,578,34641.94,2,1,5,normal,
False,False,1526,28110.97,1,0,2,normal,
False,False,1532,9915.0,4,0,3,normal,
False,False,1594,35469.18,1,1,5,normal,
False,False,1799,12231.09,2,1,3,normal,
False,False,1838,12466.25,3,1,1,normal,
False,False,404,23149.74,3,0,1,normal,
False,False,1445,15927.56,1,1,1,normal,
True,False,1917,32622.89,3,1,5,normal,
False,False,926,25379.65,0,1,1,normal,
False,True,1548,5534.71,4,0,4,normal,
False,False,132,16226.52,1,0,4,normal,
False,True,1894,36137.25,4,0,1,normal,
False,False,1748,9142.28,21,1,1,anomaly,unusual_trading_velocity
False,False,1660,36650.16,3,0,2,normal,
False,False,1382,4298.65,4,0,2,normal,
True,True,1987,194209.84,3,0,1,anomaly,account_takeover
False,True,1126,36607.63,2,1,3,normal,
False,False,1613,18232.65,4,0,3,normal,
False,True,930,37761.29,1,1,5,normal,
False,False,1124,33391.13,2,1,1,normal,
False,False,720,7946.74,1,0,4,normal,
False,False,1662,20993.75,0,1,4,normal,
False,False,902,31361.08,4,1,1,normal,
False,False,741,20778.73,0,0,1,normal,
False,False,1018,4090.92,0,0,2,normal,
True,False,295,10414.27,2,0,4,normal,
False,False,978,20283.59,2,0,1,normal,
True,False,246,4288.56,0,0,2,normal,
False,False,761,7219.85,4,0,1,normal,
False,False,116,29749.31,4,1,4,normal,
False,False,1358,26061.8,1,0,1,normal,
False,False,1169,35116.52,2,0,4,normal,
False,False,900,28358.64,1,1,3,normal,
False,False,309,21696.92,4,1,5,normal,
False,False,1417,29980.25,2,1,5,normal,
False,False,1993,29327.41,2,1,4,normal,
False,False,1712,16525.73,4,0,2,normal,
False,False,942,526.7,3,0,2,normal,
False,False,71,37754.64,1,1,4,normal,
False,False,1951,39382.54,1,0,2,normal,
False,False,1968,5775.97,1,1,5,normal,
False,False,19,30607.8,3,0,4,normal,
False,False,1608,11243.6,0,1,2,normal,
False,False,692,31714.42,1,1,3,normal,
False,False,1883,17834.41,2,1,1,normal,
False,False,1245,20577.52,4,0,4,normal,
False,False,535,1136.67,2,0,5,normal,
False,False,1880,20408.79,2,1,3,normal,
False,False,1371,26648.19,2,1,3,normal,
False,False,1779,37712.68,4,0,1,normal,
False,False,566,13731.21,2,0,3,normal,
False,False,1780,11638.87,2,0,1,normal,
False,False,369,25669.62,1,1,3,normal,
False,False,1290,25555.07,4,0,4,normal,
False,False,1098,2577.65,2,0,4,normal,
False,False,951,7003.07,2,1,1,normal,
False,False,1898,27402.92,2,0,4,normal,
False,False,160,36721.31,1,0,3,normal,
False,False,1298,37608.08,0,1,4,normal,
False,False,575,15832.6,3,0,2,normal,
False,False,1626,1705.46,1,0,5,normal,
False,False,1705,22132.15,4,0,5,normal,
False,False,781,26383.4,1,1,1,normal,
False,False,821,23587.24,0,1,5,normal,
False,False,1025,15231.93,1,0,1,normal,
False,False,0,128276.0,2,0,1,anomaly,new_account_large_order
False,False,518,691.96,4,1,4,normal,
False,False,1626,18508.71,1,1,5,normal,
False,False,382,25085.79,4,0,2,normal,
True,False,849,34455.32,2,1,1,normal,
False,False,1257,23756.96,1,0,5,normal,
False,False,652,19745.25,0,0,4,normal,
False,False,1992,14070.05,4,0,4,normal,
True,False,1902,12397.61,3,1,4,normal,
False,False,119,33006.94,1,1,1,normal,
False,False,153,38431.14,3,0,2,normal,
False,False,1249,28309.69,4,1,3,normal,
False,False,570,20844.54,1,1,3,normal,
False,False,271,937.65,3,1,1,normal,
False,False,255,30697.4,1,0,4,normal,
False,False,249,27931.54,0,1,5,normal,
False,False,544,4621.02,3,0,3,normal,
False,False,761,18775.86,4,1,3,normal,
False,False,1959,9334.27,0,0,5,normal,
False,False,1676,8044.76,0,0,3,normal,
False,True,904,19807.73,3,0,5,normal,
False,False,1779,1288.71,0,0,5,normal,
False,False,1510,21461.98,4,0,4,normal,
False,False,1932,3777.21,4,0,4,normal,
True,False,2,89203.34,0,0,3,anomaly,new_account_large_order
False,False,1783,14913.18,1,0,3,normal,
False,False,736,37782.3,2,0,2,normal,
False,False,780,4855.5,1,1,5,normal,
True,False,31,10054.99,2,1,3,normal,
False,False,1621,25557.58,0,0,4,normal,
False,False,1394,18203.88,4,1,5,normal,
False,False,1614,18060.23,3,0,2,normal,
False,False,747,36670.6,0,0,2,normal,
False,False,1878,32550.65,3,0,4,normal,
False,False,1441,16399.09,2,1,4,normal,
False,False,1145,32047.35,3,1,4,normal,
False,False,1544,28519.24,3,0,1,normal,
False,False,1019,5883.49,4,0,3,normal,
False,False,500,18544.2,1,1,3,normal,
False,False,215,20553.74,4,0,3,normal,
False,False,76,9603.67,1,0,3,normal,
False,False,59,20789.81,2,0,4,normal,
False,False,113,17939.13,2,0,4,normal,
False,False,675,5936.12,3,1,2,normal,
False,False,1127,28316.07,0,1,3,normal,
False,False,1717,11599.53,2,1,3,normal,
False,False,553,11899.24,3,1,3,normal,
False,False,198,8929.26,2,0,2,normal,
False,False,239,34589.51,3,0,5,normal,
False,False,464,21391.73,2,0,4,normal,
False,False,1424,37624.0,2,1,4,normal,
False,False,601,842.59,0,1,4,normal,
False,False,540,4596.84,3,1,3,normal,
False,False,20,24813.44,2,1,3,normal,
False,False,118,27097.9,0,0,4,normal,
False,False,551,6621.67,0,1,4,normal,
False,False,1736,17697.86,2,0,2,normal,
False,False,279,31080.62,4,1,3,normal,
True,False,1352,31505.9,1,1,2,normal,
False,False,1893,10125.21,3,0,2,normal,
False,False,1001,25882.13,3,0,5,normal,
False,False,766,38620.54,4,0,3,normal,
False,False,1733,33011.03,0,1,4,normal,
False,False,459,31129.54,3,0,3,normal,
False,False,1893,33022.85,4,0,5,normal,
False,False,1232,32429.36,0,1,4,normal,
False,False,832,20297.68,0,0,4,normal,
False,False,809,36118.87,2,1,2,normal,
False,False,1304,6995.69,2,1,4,normal,
True,False,662,39693.2,2,1,2,normal,
False,False,974,2787.47,2,1,4,normal,
False,False,1051,25854.6,1,0,3,normal,
False,False,1045,3217.56,4,0,4,normal,
False,False,470,11737.37,1,0,4,normal,
False,False,856,13398.07,3,0,2,normal,
False,False,65,6427.86,1,1,4,normal,
False,False,37,6146.7,0,0,2,normal,
False,False,1387,30506.36,1,0,1,normal,
False,False,630,6258.15,0,0,5,normal,
True,False,1903,148064.51,2,5,2,anomaly,failed_mpin_then_large_order
False,False,1467,34439.08,0,1,1,normal,
False,False,522,10227.21,2,0,2,normal,
False,False,1435,27149.37,2,0,5,normal,
False,False,771,4005.43,0,1,5,normal,
False,False,904,37537.65,2,0,1,normal,
False,False,492,35919.91,2,1,2,normal,
False,False,515,39576.39,0,0,2,normal,
False,False,142,36958.7,0,1,4,normal,
False,False,1214,16317.77,0,1,3,normal,
False,False,265,4450.33,4,1,3,normal,
False,False,174,22872.21,4,0,5,normal,
False,False,67,11353.46,1,1,3,normal,
False,False,633,33381.1,4,0,4,normal,
False,False,1192,2873.54,1,1,1,normal,
False,False,757,3484.14,2,1,5,normal,
False,False,1156,23528.81,3,1,4,normal,
False,False,1893,12054.7,3,1,3,normal,
False,False,557,26956.45,3,1,4,normal,
False,True,506,12445.08,1,0,2,normal,
False,False,735,7070.37,4,0,5,normal,
False,False,1852,7005.25,0,0,2,normal,
False,False,1998,29282.74,4,1,4,normal,
False,False,1549,24922.08,3,0,1,normal,
False,False,1791,8363.5,0,1,4,normal,
False,False,44,4554.41,3,0,5,normal,
False,True,998,24757.32,0,1,2,anomaly,impossible_location_change
True,False,904,10958.4,3,0,2,normal,
False,False,690,31648.49,0,0,3,normal,
False,False,406,7238.73,1,0,5,normal,
False,False,1952,14617.96,2,0,5,normal,
False,False,463,34008.78,2,0,5,normal,
False,False,167,28901.1,3,0,4,normal,
True,False,1761,27455.53,1,0,3,normal,
False,False,647,21841.64,2,1,3,normal,
False,False,731,20836.35,3,0,3,normal,
False,False,1971,4887.77,0,0,1,normal,
False,False,763,2871.04,0,1,5,normal,
False,True,180,9047.76,4,1,4,normal,
False,False,333,19212.34,0,0,3,normal,
False,False,335,11398.17,0,1,3,normal,
True,False,1892,7630.1,3,1,3,normal,
True,False,1563,32592.01,0,0,3,normal,
False,False,813,27310.51,2,0,3,normal,
False,False,512,6941.46,2,1,1,normal,
False,False,550,30985.26,1,0,4,normal,
False,False,864,20064.24,2,0,5,normal,
False,False,1967,31800.17,1,0,3,normal,
False,False,677,29715.95,0,1,2,normal,
False,False,742,26817.98,1,1,1,normal,
False,False,1540,17809.99,1,1,1,normal,
False,False,1400,17592.18,4,1,2,normal,
False,False,974,2440.41,4,1,4,normal,
False,False,1742,27168.34,2,1,1,normal,
False,False,1552,24134.69,3,0,3,normal,
False,False,100,1539.87,4,1,1,normal,
False,False,1935,5008.59,2,0,3,normal,
False,False,1042,5097.72,1,0,4,normal,
False,False,1263,10051.99,4,0,1,normal,
False,False,563,6091.49,2,0,2,normal,
False,False,897,14344.95,2,0,4,normal,
False,False,1441,32279.02,3,1,2,normal,
False,False,1807,32766.77,4,1,3,normal,
False,False,1353,36479.62,2,0,1,normal,
False,False,1145,30447.5,3,1,4,normal,
False,False,1967,20900.42,3,1,3,normal,
False,False,1688,12995.72,2,0,5,normal,
False,False,895,23577.56,0,1,5,normal,
False,False,705,14553.92,3,0,4,normal,
False,False,753,14857.06,0,1,1,normal,
False,False,92,970.82,3,0,4,normal,
False,False,1891,15157.21,1,0,4,normal,
False,False,1194,31317.79,0,0,4,normal,
False,False,1777,25293.0,2,0,3,normal,
False,False,264,35781.67,0,1,4,normal,
False,False,931,14645.44,3,1,4,normal,
False,False,222,34380.46,2,1,4,normal,
False,False,1684,851.65,0,1,1,normal,
False,False,1847,17768.58,0,0,2,normal,
False,False,33,28814.57,2,1,1,normal,
False,False,1237,28172.27,1,1,5,normal,
False,False,764,23084.71,0,0,1,normal,
False,False,1817,12342.11,4,0,2,normal,
False,False,322,3280.91,2,1,1,normal,
False,False,403,38466.8,0,1,5,normal,
False,False,1165,29921.58,0,1,5,normal,
False,False,27,25720.3,0,1,2,normal,
False,False,770,22768.89,4,0,3,normal,
False,False,974,1958.86,3,1,2,normal,
False,False,1849,20333.87,0,1,1,normal,
False,False,190,12631.23,4,0,3,normal,
False,False,1160,32637.25,0,1,5,normal,
False,False,1432,7199.88,1,1,1,normal,
False,False,1277,3526.62,3,0,4,normal,
False,False,523,16317.66,4,1,1,normal,
False,True,878,29530.4,3,1,2,anomaly,impossible_location_change
False,False,1453,33637.24,4,1,1,normal,
False,False,551,2011.16,4,1,3,normal,
False,False,1896,33211.87,3,1,1,normal,
False,False,1821,6019.35,3,1,2,normal,
False,False,286,37090.8,4,1,5,normal,
False,False,1243,38402.25,3,1,3,normal,
False,False,1308,12616.95,25,0,2,anomaly,unusual_trading_velocity
True,False,308,27542.98,1,0,5,normal,
False,False,1569,38598.63,4,0,3,normal,
True,False,1933,21298.94,4,1,4,normal,
False,False,1768,10454.29,2,0,3,normal,
False,False,1116,11564.5,2,0,3,normal,
True,True,1627,34869.0,2,1,2,anomaly,impossible_location_change
False,False,1784,27285.18,2,0,1,normal,
False,False,1589,13869.43,2,0,2,normal,
False,False,4,114810.16,1,1,3,anomaly,new_account_large_order
False,False,836,7554.28,3,0,5,normal,
False,False,1744,28570.59,4,0,5,normal,
False,False,736,6562.45,3,0,3,normal,
False,False,1375,27521.08,1,0,4,normal,
False,False,255,23650.69,2,0,3,normal,
False,False,1360,26569.46,3,0,5,normal,
False,False,1289,19140.58,0,1,1,normal,
False,False,1744,27280.16,4,1,5,normal,
False,False,89,29403.6,0,0,2,normal,
False,False,1921,16625.07,2,1,2,normal,
False,False,1545,23399.34,0,0,2,normal,
False,False,887,8388.97,2,1,1,normal,
False,False,1874,37288.64,0,0,3,normal,
False,False,897,2887.64,4,0,2,normal,
False,False,1640,21269.66,4,0,4,normal,
False,False,573,22453.75,4,0,1,normal,
True,False,1026,38407.4,4,0,1,normal,
False,False,305,15953.2,0,0,1,normal,
False,False,1232,4800.95,1,1,1,normal,
False,False,1494,2877.73,4,0,3,normal,
False,False,1630,31165.8,2,0,4,normal,
False,False,1899,18388.96,0,1,4,normal,
False,False,491,15262.66,1,1,3,normal,
False,False,892,29514.09,4,1,1,normal,
False,False,1482,32588.38,3,0,5,normal,
False,False,919,1739.78,0,1,5,normal,
False,False,1568,32028.58,3,1,4,normal,
False,False,1268,14413.83,1,0,2,normal,
False,False,1425,35434.39,4,0,3,normal,
False,False,1242,19373.71,0,1,5,normal,
False,False,1106,21737.39,1,1,1,normal,
False,False,478,12633.28,3,0,3,normal,
False,False,1579,21086.65,4,0,3,normal,
False,False,670,31751.55,3,1,5,normal,
False,False,1155,20027.51,4,0,2,normal,
False,False,823,29563.41,0,0,4,normal,
False,False,492,24828.49,4,0,4,normal,
False,False,1227,29583.08,3,0,5,normal,
False,False,1061,36247.62,3,1,2,normal,
False,False,1008,33383.93,0,1,2,normal,
False,False,1952,18426.32,0,1,2,normal,
False,False,1622,9898.3,2,0,2,normal,
False,False,1410,16540.65,3,0,1,normal,
True,False,394,29405.83,3,0,3,normal,
False,False,1285,28285.11,3,0,3,normal,
False,False,1316,19599.46,3,1,4,normal,
False,False,480,2533.42,4,1,1,normal,
False,False,1857,29752.12,4,1,4,normal,
False,False,805,14332.27,4,1,5,normal,
False,False,556,35244.48,2,1,4,normal,
False,False,937,28092.24,3,0,4,normal,
False,False,435,7449.88,2,0,1,normal,
False,False,983,39579.85,4,1,3,normal,
False,True,1673,28065.43,3,0,1,normal,
True,False,839,25938.28,2,1,1,normal,
False,False,68,674.55,0,1,3,normal,
False,True,952,39896.8,3,0,4,normal,
True,False,3,106749.58,2,1,2,anomaly,new_account_large_order
False,False,483,715.07,4,0,1,normal,
False,False,1548,28454.9,2,0,1,normal,
False,False,1544,28006.06,0,0,2,normal,
False,False,1342,8937.44,3,0,1,normal,
False,False,143,19498.04,3,0,2,normal,
False,False,1610,37267.23,1,1,2,normal,
False,False,1512,8427.49,0,1,3,normal,
False,False,868,36933.84,0,1,1,normal,
False,False,1813,20017.24,3,1,2,normal,
False,False,1195,7823.42,4,0,1,normal,
False,False,1495,3576.45,4,0,5,normal,
False,False,1354,35121.54,1,1,1,normal,
False,False,1487,7853.23,2,0,1,normal,
False,False,130,8776.43,1,0,4,normal,
False,False,488,8190.58,1,0,4,normal,
False,False,701,4442.62,1,1,1,normal,
False,False,770,36948.5,2,1,1,normal,
True,True,607,18485.28,1,0,2,anomaly,impossible_location_change
False,False,1513,12760.38,2,0,3,normal,
False,False,88,2868.54,1,0,5,normal,
False,False,1695,25245.42,2,1,3,normal,
True,False,960,135850.82,1,0,1,anomaly,account_takeover
True,False,936,32583.72,3,1,5,normal,
False,False,497,6862.66,4,0,5,normal,
False,False,1666,19138.94,2,1,4,normal,
False,False,1634,3319.19,3,1,2,normal,
True,False,1500,5220.25,0,0,4,normal,
False,False,1274,26255.46,2,1,2,normal,
True,True,1473,58302.9,2,7,2,anomaly,failed_mpin_then_large_order
False,False,152,1572.87,1,1,4,normal,
False,False,237,37823.43,0,0,4,normal,
True,False,1908,5032.91,4,0,2,normal,
False,False,161,3738.9,4,0,3,normal,
False,False,355,39171.92,0,0,4,normal,
False,False,1185,14880.05,0,1,4,normal,
False,False,1145,36335.03,0,0,4,normal,
False,False,663,8183.5,3,1,5,normal,
False,True,243,14015.73,0,0,3,anomaly,impossible_location_change
False,False,1852,26088.5,3,0,2,normal,
False,False,1755,33996.27,0,0,3,normal,
False,False,1785,17333.54,2,1,5,normal,
False,False,1893,6318.09,2,0,2,normal,
False,False,1737,21661.9,0,1,4,normal,
True,True,578,188130.53,2,1,1,anomaly,account_takeover
False,False,942,11762.58,2,0,5,normal,
False,False,505,10572.33,2,0,4,normal,
False,False,1645,8571.74,0,1,2,normal,
False,False,228,21597.33,4,1,4,normal,
False,False,445,18882.38,2,0,5,normal,
False,False,286,3844.21,3,1,5,normal,
False,False,978,28920.5,1,1,5,normal,
False,False,1792,35622.21,2,1,2,normal,
False,False,1345,23373.02,4,1,2,normal,
False,True,219,17843.89,0,0,2,anomaly,impossible_location_change
False,False,667,38856.46,2,0,4,normal,
False,False,185,2885.63,2,1,3,normal,
False,False,83,34093.45,4,1,4,normal,
True,True,499,34320.18,0,1,4,anomaly,impossible_location_change
True,False,295,17124.16,4,1,4,normal,
False,False,1329,14969.97,3,0,5,normal,
False,False,77,33738.48,1,1,2,normal,
False,False,165,23674.51,0,0,5,normal,
False,False,409,19855.58,2,1,3,normal,
False,False,1550,35042.64,1,0,5,normal,
False,False,1897,8715.01,3,0,1,normal,
False,False,284,25993.35,1,1,4,normal,
True,False,147,18491.63,24,1,1,anomaly,unusual_trading_velocity
False,False,335,37250.01,0,0,4,normal,
False,False,540,32893.54,1,0,4,normal,
False,False,0,69022.07,3,0,2,anomaly,new_account_large_order
False,False,518,31575.17,1,1,1,normal,
False,False,142,22216.43,2,0,4,normal,
False,False,412,39832.7,2,0,5,normal,
False,False,1892,32838.73,3,1,3,normal,
False,False,742,22905.93,0,1,1,normal,
False,False,1549,21324.77,4,0,4,normal,
False,False,870,35802.91,3,1,2,normal,
False,False,1241,39806.38,1,1,3,normal,
False,False,1832,2102.89,1,1,2,normal,
False,False,1249,38540.76,3,1,5,normal,
False,False,1807,18552.12,2,1,4,normal,
False,False,556,3344.82,4,1,3,normal,
False,False,1717,28403.07,2,0,5,normal,
False,False,705,10193.65,0,0,3,normal,
False,False,1969,27478.53,0,0,5,normal,
False,False,1922,33212.98,3,1,3,normal,
False,False,973,8642.93,0,0,1,normal,
False,False,641,9559.56,2,1,2,normal,
False,False,1534,4601.22,0,1,1,normal,
False,False,1885,14317.92,3,0,5,normal,
False,False,933,39924.06,1,1,3,normal,
False,False,388,14604.2,0,0,4,normal,
False,False,1148,19661.98,1,0,4,normal,
True,False,2,94989.98,0,1,1,anomaly,new_account_large_order
False,True,999,4299.61,4,0,2,normal,
True,True,1229,23804.99,2,1,3,anomaly,impossible_location_change
False,False,643,4508.1,1,0,3,normal,
False,False,1740,19892.92,3,1,2,normal,
False,False,1610,38496.24,3,0,5,normal,
False,False,218,19337.84,3,0,5,normal,
False,False,1593,1183.69,1,0,3,normal,
False,False,1194,3406.95,3,1,4,normal,
False,False,1359,12117.56,0,1,5,normal,
False,False,94,8683.47,2,0,1,normal,
False,False,1523,14985.95,3,1,1,normal,
False,False,1392,20215.93,1,1,1,normal,
True,True,1386,90987.49,2,1,1,anomaly,account_takeover
False,False,1797,3299.27,0,0,5,normal,
False,False,1535,787.97,3,1,2,normal,
False,False,1142,34742.53,0,1,5,normal,
False,False,368,33793.82,0,0,2,normal,
True,False,1421,191440.24,3,0,1,anomaly,account_takeover
False,False,645,9505.68,1,0,3,normal,
False,False,144,2229.2,1,0,1,normal,
False,False,812,39629.32,2,1,5,normal,
False,False,389,35061.96,2,1,4,normal,
False,False,1333,21224.77,2,1,4,normal,
False,False,1910,11927.96,4,1,1,normal,
True,False,1201,4596.47,1,1,3,normal,
False,False,459,38762.63,3,1,3,normal,
False,False,1015,21727.89,0,1,1,normal,
False,True,1109,35289.08,2,1,2,normal,
False,False,649,30159.04,2,1,4,normal,
True,False,742,32192.5,4,0,5,normal,
False,False,1783,36596.5,2,0,1,normal,
False,False,821,14737.65,0,1,3,normal,
False,False,1070,37471.26,0,0,1,normal,
False,False,945,4257.53,3,0,1,normal,
False,False,1770,37823.17,4,0,1,normal,
False,False,1399,33187.22,0,0,4,normal,
False,False,242,27937.75,2,0,3,normal,
False,False,1011,8229.88,2,1,4,normal,
False,False,604,39356.19,2,1,5,normal,
False,False,860,35131.84,2,1,5,normal,
False,False,609,23752.88,1,0,3,normal,
False,False,1013,17229.01,3,1,1,normal,
False,False,1292,3513.92,4,1,5,normal,
False,False,1090,12614.11,4,0,1,normal,
False,False,1682,33388.08,2,1,1,normal,
False,False,82,27968.97,2,0,5,normal,
False,False,1781,4201.85,2,0,5,normal,
False,False,1030,38729.38,2,0,5,normal,
False,False,676,24716.74,0,1,3,normal,
False,False,1203,32744.19,4,1,5,normal,
False,False,1031,30676.39,2,1,5,normal,
True,False,1749,29195.53,1,0,4,normal,
False,False,681,4402.77,3,0,4,normal,
False,False,1421,24480.57,0,1,4,normal,
False,False,1824,26310.56,3,0,5,normal,
False,False,1878,21898.7,1,1,5,normal,
False,False,1605,14090.78,4,0,1,normal,
False,False,1269,5830.87,1,1,2,normal,
True,False,1440,6273.04,1,1,5,normal,
False,False,858,10340.83,4,1,4,normal,
False,False,433,10838.14,2,1,5,normal,
False,False,1434,36961.02,4,1,1,normal,
False,False,1090,5960.77,4,1,4,normal,
False,False,1573,31504.11,4,0,3,normal,
False,False,771,32691.09,1,0,4,normal,
True,False,1241,26921.14,3,1,4,normal,
False,False,1951,16879.1,3,0,4,normal,
False,False,902,17253.49,3,0,2,normal,
False,False,909,23405.68,0,0,1,normal,
False,False,1567,33820.45,3,1,2,normal,
False,False,704,3495.99,1,1,2,normal,
False,False,1436,22049.03,2,0,3,normal,
False,False,421,1029.17,2,1,2,normal,
False,False,126,10156.95,3,0,4,normal,
False,False,788,15493.17,3,0,5,normal,
False,False,1800,19639.84,0,0,2,normal,
False,False,985,24974.46,4,1,3,normal,
False,False,161,9005.5,3,0,2,normal,
False,False,1355,18853.94,2,1,4,normal,
False,False,965,32244.64,4,0,5,normal,
False,False,1152,16049.67,1,0,2,normal,
False,False,777,3993.71,3,1,4,normal,
True,False,1382,32244.31,1,1,2,normal,
False,True,1013,17047.04,3,1,4,anomaly,impossible_location_change
False,False,181,5277.91,3,1,2,normal,
False,False,1241,28150.56,4,1,5,normal,
False,False,1821,2797.82,2,0,5,normal,
False,False,1420,33340.94,4,0,4,normal,
False,False,1240,37766.15,4,0,5,normal,
False,False,1027,39695.35,2,0,5,normal,
False,False,927,31559.01,1,0,5,normal,
False,False,980,6465.42,3,1,5,normal,
False,False,1031,27766.64,1,0,3,normal,
False,False,324,17221.36,4,0,1,normal,
False,False,1687,24932.85,1,0,5,normal,
False,False,350,31279.21,4,1,1,normal,
False,False,1434,36792.73,0,1,2,normal,
False,False,1584,15598.13,2,0,1,normal,
False,False,1485,29843.66,0,1,1,normal,
False,False,379,5327.97,2,1,3,normal,
False,False,1412,37023.56,3,0,4,normal,
True,False,1407,10440.89,1,0,1,normal,
False,False,23,3817.32,4,1,3,normal,
True,False,1264,36452.05,3,0,2,normal,
False,False,1054,11570.53,1,0,1,normal,
False,False,419,32934.76,3,1,2,normal,
False,False,1336,1738.19,2,1,5,normal,
False,False,1385,15993.95,3,1,4,normal,
False,False,1083,12604.61,1,0,3,normal,
False,False,1868,18309.7,1,0,3,normal,
False,True,1683,30632.9,2,1,2,normal,
False,False,64,4986.75,1,1,5,normal,
False,False,1465,25234.09,2,0,1,normal,
False,False,76,24326.72,2,1,4,normal,
False,False,1308,36004.73,4,0,3,normal,
False,False,672,25297.52,3,0,1,normal,
False,False,966,12885.24,4,0,4,normal,
False,False,957,12580.97,2,1,5,normal,
False,False,4,64975.91,2,0,2,anomaly,new_account_large_order
False,False,122,35056.65,2,0,2,normal,
False,False,1395,30293.21,4,1,5,normal,
False,False,55,28406.63,1,1,1,normal,
False,False,1630,4576.53,0,1,1,normal,
False,False,333,9277.48,2,1,5,normal,
True,False,355,20398.0,2,1,2,normal,
False,False,1085,30566.6,1,0,5,normal,
False,False,1556,39497.77,4,0,5,normal,
False,False,613,3864.62,11,0,1,anomaly,unusual_trading_velocity
False,False,1901,32019.62,2,1,5,normal,
False,False,714,15351.25,1,0,4,normal,
True,False,928,25608.79,2,0,2,normal,
False,False,855,15396.7,1,1,3,normal,
False,False,44,5774.02,3,1,3,normal,
False,False,1743,13429.72,4,1,4,normal,
False,False,1369,18663.54,2,1,4,normal,
False,False,1475,22187.12,2,1,5,normal,
False,False,1974,29935.35,4,1,2,normal,
False,False,764,9157.43,3,1,2,normal,
False,False,871,16032.78,1,1,1,normal,
False,False,10,2631.99,4,0,5,normal,
False,False,345,10259.18,3,1,2,normal,
False,False,1951,11196.4,3,1,3,normal,
False,False,1570,35058.98,3,0,1,normal,
False,False,1475,27810.55,4,1,2,normal,
False,False,1715,24262.18,4,0,4,normal,
False,False,1061,31170.92,2,1,5,normal,
False,False,1377,24409.48,4,1,4,normal,
False,False,124,32314.48,4,1,3,normal,
False,False,442,30723.46,3,0,4,normal,
False,False,495,22230.39,3,1,4,normal,
False,False,1726,1493.91,0,0,1,normal,
False,False,858,36708.55,4,0,4,normal,
False,False,1022,32092.89,1,1,4,normal,
False,False,693,34234.13,1,0,5,normal,
False,False,778,19407.78,3,0,4,normal,
False,False,741,3828.4,1,0,5,normal,
True,False,1624,16220.01,2,1,4,normal,
False,False,1319,7237.51,4,0,2,normal,
False,False,853,36365.75,3,0,3,normal,
False,False,597,13118.26,3,0,2,normal,
False,False,1980,37763.7,4,1,5,normal,
False,False,650,27356.21,3,0,1,normal,
False,False,361,2027.58,1,0,3,normal,
False,False,1938,13851.34,0,1,1,normal,
False,False,273,9365.96,2,0,3,normal,
False,True,372,38479.77,1,1,3,normal,
False,False,168,27194.58,3,0,5,normal,
True,False,142,20407.23,4,0,1,normal,
False,False,1330,33182.89,2,0,4,normal,
False,False,1113,20547.86,3,0,3,normal,
False,False,1705,4217.68,4,1,3,normal,
False,False,8,3077.72,4,0,2,normal,
False,False,1752,15345.35,1,0,3,normal,
False,False,1271,23420.71,3,0,4,normal,
False,False,1243,8403.45,3,1,2,normal,
False,False,482,3443.27,3,1,3,normal,
False,False,1768,27121.62,0,1,5,normal,
False,False,376,24611.75,0,1,5,normal,
False,False,50,7511.84,2,0,2,normal,
False,False,274,27260.75,2,1,1,normal,
False,False,717,3164.2,1,1,4,normal,
False,False,878,5033.66,1,0,3,normal,
False,False,1900,548.63,2,0,1,normal,
False,False,912,27120.61,1,1,3,normal,
False,False,1782,4489.56,2,1,3,normal,
False,False,908,36917.79,3,1,4,normal,
False,False,751,3473.69,4,0,1,normal,
False,False,1292,19738.72,4,0,4,normal,
False,False,1728,14368.33,1,1,4,normal,
False,False,1197,17574.47,4,1,3,normal,
False,False,159,17972.82,4,1,1,normal,
False,False,538,10586.63,0,0,1,normal,
False,False,1085,25751.89,4,1,1,normal,
False,False,1922,11260.37,3,0,5,normal,
False,False,649,39171.86,4,1,5,normal,
False,False,1289,28868.79,3,0,2,normal,
False,False,265,27316.07,3,1,4,normal,
False,False,1425,2518.95,2,1,2,normal,
False,False,1100,9909.56,0,0,3,normal,
False,False,1268,22555.62,2,0,5,normal,
False,False,988,26240.51,2,1,5,normal,
False,False,1926,9770.88,4,1,1,normal,
False,False,1751,13860.97,0,0,1,normal,
False,False,1837,12540.38,4,0,5,normal,
False,False,1756,670.39,4,0,2,normal,
False,False,1882,10000.16,1,0,2,normal,
True,False,1227,183829.31,3,0,1,anomaly,account_takeover
False,False,65,65912.06,2,7,2,anomaly,failed_mpin_then_large_order
False,False,837,8040.96,4,1,4,normal,
False,False,551,31595.33,2,1,3,normal,
False,False,88,22151.48,1,1,3,normal,
False,False,129,20596.29,1,1,4,normal,
False,False,193,26474.04,1,0,2,normal,
False,False,17,632.67,4,0,1,normal,
False,False,637,22093.72,4,0,5,normal,
False,False,273,5790.33,1,1,4,normal,
False,False,995,31886.77,0,0,1,normal,
False,False,221,25103.62,2,1,4,normal,
False,False,454,19776.14,4,0,1,normal,
True,False,1080,18133.23,4,1,5,normal,
False,False,145,4117.84,4,0,1,normal,
False,False,173,26322.56,0,0,4,normal,
False,False,1197,25565.07,2,1,5,normal,
False,False,868,35295.22,4,0,4,normal,
False,False,324,26657.06,3,0,3,normal,
False,False,1203,37471.44,4,1,1,normal,
False,False,215,26851.88,4,0,5,normal,
False,False,490,13212.6,3,0,1,normal,
False,False,325,2077.65,2,0,5,normal,
False,False,1630,11557.97,3,0,3,normal,
False,False,1476,2450.59,1,1,3,normal,
False,False,1487,813.48,0,0,3,normal,
False,False,1935,16300.81,4,1,4,normal,
False,False,1614,8725.87,4,0,4,normal,
False,False,1007,25301.47,4,0,2,normal,
False,False,1479,35314.81,1,1,1,normal,
False,False,1184,22192.83,4,1,3,normal,
False,False,569,20850.93,3,1,4,normal,
False,False,1374,20286.98,3,1,2,normal,
False,False,1335,25917.0,0,0,4,normal,
False,False,148,13991.3,3,1,5,normal,
False,False,206,1600.97,3,0,5,normal,
False,False,442,22745.05,4,0,5,normal,
False,False,1802,38872.89,0,0,1,normal,
False,False,198,12508.36,3,0,2,normal,
False,False,1907,25651.27,2,1,4,normal,
False,False,1521,13338.86,2,1,4,normal,
False,False,1381,20889.12,4,1,2,normal,
False,False,1177,4289.92,3,0,3,normal,
False,False,673,29190.5,4,0,5,normal,
False,False,539,32895.15,4,0,3,normal,
False,False,1500,14813.86,1,0,1,normal,
False,False,1456,13298.37,0,0,3,normal,
False,False,997,3307.31,2,0,4,normal,
False,False,847,18865.32,3,1,4,normal,
False,False,1343,17135.8,0,0,1,normal,
False,False,3,113791.34,1,1,3,anomaly,new_account_large_order
False,False,1358,38310.05,3,0,2,normal,
False,False,5,116947.27,2,0,1,anomaly,new_account_large_order
False,False,1381,5815.87,0,0,3,normal,
False,False,179,25736.73,1,1,2,normal,
False,False,1500,22600.98,0,0,2,normal,
False,False,801,25388.09,0,0,3,normal,
False,False,1637,26715.69,3,0,3,normal,
False,False,1951,25808.5,4,0,2,normal,
False,False,1842,33740.8,3,0,1,normal,
False,False,1610,38417.81,0,1,2,normal,
False,False,1670,34383.39,4,1,5,normal,
False,False,713,7483.41,3,1,1,normal,
False,False,950,30400.56,4,1,5,normal,
False,False,711,11749.97,1,1,4,normal,
False,False,1257,14065.16,4,0,3,normal,
False,False,394,23764.8,2,0,1,normal,
False,False,350,26463.23,0,1,2,normal,
False,False,1249,32866.74,4,1,5,normal,
True,False,434,39343.75,4,0,5,normal,
False,False,99,21404.17,4,1,3,normal,
False,False,1976,9637.4,0,1,5,normal,
True,False,1888,14565.04,4,0,2,normal,
False,False,767,12784.58,2,0,2,normal,
False,False,761,34625.81,0,0,5,normal,
False,False,295,19359.44,1,0,3,normal,
False,False,1946,3757.1,1,1,2,normal,
False,False,1054,8197.68,1,0,2,normal,
False,False,1532,30436.07,2,1,4,normal,
False,False,1496,34690.7,2,0,5,normal,
False,False,1040,5175.72,4,1,3,normal,
False,False,1434,18742.17,2,0,3,normal,
False,False,435,24143.66,4,1,4,normal,
False,False,1190,18335.28,0,0,5,normal,
False,False,1139,36739.64,3,1,1,normal,
False,False,3,116403.19,2,1,1,anomaly,new_account_large_order
False,False,1398,3129.43,0,0,1,normal,
False,False,434,2125.13,3,0,4,normal,
False,False,14,18571.74,4,0,1,normal,
False,False,362,12814.39,1,0,5,normal,
False,False,480,36278.11,0,0,5,normal,
False,False,206,12494.6,0,1,5,normal,
False,False,1616,1648.08,4,0,1,normal,
False,False,271,17456.34,1,0,1,normal,
False,False,430,9023.81,4,1,2,normal,
False,False,845,16517.24,2,0,3,normal,
False,False,822,1017.9,2,0,3,normal,
False,False,759,14758.18,16,1,2,anomaly,unusual_trading_velocity
False,False,951,12979.09,2,0,4,normal,
False,False,1562,5486.78,4,0,3,normal,
False,False,905,38909.16,2,1,2,normal,
False,False,1221,14288.46,0,1,1,normal,
False,False,334,4898.79,3,1,4,normal,
False,False,1405,16689.75,4,1,3,normal,
False,False,61,7110.34,2,1,2,normal,
False,False,1125,14687.38,1,1,5,normal,
False,False,1900,5648.18,0,1,1,normal,
False,False,1972,3139.18,3,0,2,normal,
False,False,980,5929.06,1,1,2,normal,
False,False,1592,12002.85,3,0,5,normal,
True,False,1851,147622.4,0,1,1,anomaly,account_takeover
False,False,1584,10109.29,2,1,4,normal,
False,False,868,33626.42,2,0,1,normal,
False,False,1917,8593.83,0,0,4,normal,
False,False,1689,9616.57,2,1,3,normal,
False,False,1119,3607.15,1,1,4,normal,
False,False,1929,18958.16,4,1,5,normal,
False,False,1267,30152.42,0,1,2,normal,
False,False,542,5463.87,0,1,1,normal,
False,False,977,31369.3,2,0,4,normal,
False,False,1421,20425.34,4,1,2,normal,
False,False,1581,6234.44,0,0,4,normal,
False,False,1743,25274.4,3,1,4,normal,
False,False,539,4399.5,1,0,4,normal,
True,False,1788,39739.06,2,1,4,normal,
True,False,1680,101077.92,3,1,1,anomaly,account_takeover
False,False,653,5422.05,3,1,5,normal,
False,False,1987,33457.73,0,1,2,normal,
False,False,132,37919.43,3,0,3,normal,
False,False,1985,26193.07,4,1,4,normal,
False,False,80,20115.57,1,1,4,normal,
False,False,1230,35143.25,4,0,2,normal,
False,False,1264,27816.91,1,1,3,normal,
False,False,462,586.78,2,1,5,normal,
False,False,1176,29606.07,0,0,2,normal,
False,False,482,35051.96,4,0,1,normal,
False,False,1850,39548.42,3,1,5,normal,
False,False,1715,16446.28,3,1,1,normal,
False,False,1810,17428.39,0,1,3,normal,
True,False,1643,39773.15,2,0,3,normal,
False,False,565,25232.79,0,1,1,normal,
False,False,941,2441.67,1,0,2,normal,
False,False,1516,2495.21,4,0,2,normal,
False,False,756,14576.93,4,0,4,normal,
False,False,544,17802.35,2,1,3,normal,
False,True,406,13720.88,4,0,2,normal,
False,False,1367,25267.06,3,1,2,normal,
False,False,1876,32764.67,1,0,3,normal,
False,False,6,60731.07,2,1,3,anomaly,new_account_large_order
False,False,890,35299.56,3,1,1,normal,
False,False,754,17793.21,0,1,5,normal,
False,False,1258,21604.29,4,0,1,normal,
False,False,585,33910.86,4,0,4,normal,
True,False,1739,21030.49,2,1,1,normal,
True,False,863,10368.91,3,1,1,normal,
False,False,1433,1405.78,3,1,5,normal,
False,False,1103,25975.06,2,1,3,normal,
False,False,1231,15380.43,1,0,5,normal,
False,False,592,26012.97,0,0,5,normal,
False,False,542,37135.47,3,0,3,normal,
False,False,1589,22746.88,3,0,2,normal,
False,False,320,4574.95,2,1,2,normal,
False,False,215,13578.24,1,1,5,normal,
False,False,0,147610.18,0,0,1,anomaly,new_account_large_order
False,False,176,25382.96,0,0,3,normal,
False,False,975,30532.02,0,0,2,normal,
False,False,1965,33129.34,1,0,5,normal,
False,False,915,28894.22,0,1,4,normal,
False,False,1433,26654.56,0,0,3,normal,
False,False,309,29110.41,0,1,3,normal,
False,True,903,19287.45,2,1,3,anomaly,impossible_location_change
False,False,1130,6781.3,3,1,1,normal,
False,False,1433,31284.41,3,1,2,normal,
False,False,581,33771.84,2,1,5,normal,
False,False,135,35740.26,2,1,4,normal,
False,False,1590,21650.19,0,0,2,normal,
False,False,1441,35016.05,1,0,2,normal,
False,False,910,30065.67,4,0,4,normal,
False,False,521,37170.41,1,1,1,normal,
False,False,963,13121.75,0,0,3,normal,
False,False,1858,20160.65,1,1,4,normal,
False,False,1192,11843.0,1,1,3,normal,
False,False,33,6048.9,2,0,3,normal,
False,False,887,31740.41,2,0,1,normal,
False,False,725,10637.99,0,0,1,normal,
True,False,691,36846.45,0,0,1,normal,
False,False,145,22873.92,4,1,4,normal,
False,False,1731,22258.19,1,0,2,normal,
False,False,21,24882.2,4,0,4,normal,
False,False,123,35582.96,0,0,1,normal,
False,False,1076,1922.3,22,0,2,anomaly,unusual_trading_velocity
False,False,1070,32891.36,4,1,3,normal,
False,False,1774,7456.37,4,1,2,normal,
False,False,1564,21147.34,0,1,2,normal,
False,False,1546,13227.97,3,0,5,normal,
False,False,59,15298.99,4,0,2,normal,
False,False,215,25220.82,1,0,2,normal,
False,False,285,25722.16,0,0,2,normal,
False,False,483,8944.31,2,1,2,normal,
False,False,1976,17077.83,3,0,4,normal,
False,True,1285,38956.92,1,1,4,normal,
False,False,129,25044.67,4,1,1,normal,
False,False,1583,18590.94,0,1,2,normal,
False,False,1704,2704.29,0,1,4,normal,
False,False,1530,6448.82,1,1,1,normal,
False,False,1823,29116.89,3,1,1,normal,
False,False,1653,30399.67,4,0,4,normal,
False,False,769,25853.06,3,0,3,normal,
False,False,649,25671.94,2,1,2,normal,
False,False,1617,32078.76,2,1,1,normal,
False,False,281,27361.95,1,1,5,normal,
False,False,628,16598.75,3,0,4,normal,
False,False,187,29541.22,3,1,2,normal,
False,False,817,33676.01,1,0,4,normal,
False,False,1078,19579.24,4,0,5,normal,
False,False,480,33666.13,2,1,5,normal,
False,False,830,12269.19,0,0,5,normal,
False,False,619,12905.88,2,0,2,normal,
False,False,408,2841.85,2,1,5,normal,
False,False,1646,12485.53,2,1,2,normal,
False,False,1015,6700.78,4,0,5,normal,
False,False,588,35509.44,2,1,4,normal,
False,False,1288,8167.72,1,0,2,normal,
False,False,602,10413.71,1,1,5,normal,
False,True,24,24515.23,3,0,5,normal,
False,False,580,12978.95,2,0,2,normal,
False,False,120,16608.85,0,1,2,normal,
False,False,608,32509.14,3,1,4,normal,
False,False,276,32779.92,4,1,1,normal,
False,False,1584,18316.53,4,1,4,normal,
False,False,1717,28703.18,4,1,4,normal,
False,False,1268,39959.99,3,0,3,normal,
False,False,486,15815.07,0,0,2,normal,
False,False,1495,31977.51,3,0,4,normal,
False,False,900,33618.27,4,0,5,normal,
False,False,1946,27034.59,2,1,1,normal,
False,False,124,39182.3,4,0,2,normal,
False,False,196,37563.59,2,0,4,normal,
True,True,1957,18323.81,3,1,3,anomaly,impossible_location_change
False,False,1394,29689.93,1,1,1,normal,
False,False,190,5050.4,0,1,5,normal,
False,False,1708,25447.41,3,0,1,normal,
False,False,993,9826.75,2,1,5,normal,
False,False,1526,18996.87,4,0,4,normal,
False,False,984,1095.46,1,0,2,normal,
False,False,1698,12494.51,3,1,3,normal,
False,False,1618,23406.25,3,0,1,normal,
False,False,845,31091.36,4,0,3,normal,
False,False,1450,30692.43,1,1,2,normal,
False,False,899,38668.37,0,0,1,normal,
False,False,1755,16971.25,0,1,5,normal,
False,False,995,34060.96,3,0,1,normal,
False,False,500,23326.45,3,1,3,normal,
False,False,1403,33844.23,2,1,1,normal,
False,False,25,11166.06,1,1,2,normal,
False,False,220,8620.39,3,0,2,normal,
True,False,609,10070.18,2,0,3,normal,
False,False,57,27616.44,4,0,1,normal,
False,False,1205,14538.36,4,0,2,normal,
False,False,1015,27819.86,2,0,4,normal,
False,False,1802,22293.27,1,0,5,normal,
False,False,685,7929.58,0,0,2,normal,
False,False,254,22145.75,1,0,2,normal,
False,False,289,11168.97,4,1,3,normal,
False,False,356,4555.81,3,1,3,normal,
False,False,717,67479.82,3,3,3,anomaly,failed_mpin_then_large_order
False,False,348,17893.88,1,1,3,normal,
False,False,928,17299.8,3,1,3,normal,
True,True,1955,143603.38,1,0,1,anomaly,account_takeover
False,False,1877,33613.48,3,0,4,normal,
False,False,1570,19425.78,0,1,1,normal,
False,False,1151,12083.74,3,1,3,normal,
True,False,1097,4043.25,24,0,1,anomaly,unusual_trading_velocity
False,False,272,33644.41,2,1,5,normal,
False,False,1019,37268.13,4,0,5,normal,
False,False,1978,23618.09,1,0,3,normal,
True,False,1376,26207.13,3,0,1,normal,
False,False,998,660.42,4,1,2,normal,
False,False,223,33162.04,1,1,2,normal,
False,False,155,8732.6,3,1,4,normal,
False,False,1224,21678.3,0,0,4,normal,
True,False,1380,59541.3,0,1,1,anomaly,account_takeover
False,True,982,9302.1,3,0,2,normal,
False,False,1489,922.17,0,1,4,normal,
False,False,51,37916.39,4,1,3,normal,
False,False,1675,26649.15,0,1,1,normal,
False,False,807,33330.12,0,1,5,normal,
False,False,102,10171.28,3,0,4,normal,
False,False,1633,39783.65,1,0,4,normal,
False,False,1420,27131.15,4,1,3,normal,
False,False,119,17230.53,3,1,2,normal,
False,False,499,18585.14,3,0,2,normal,
False,False,164,30342.25,2,1,5,normal,
True,False,1361,18800.45,2,1,5,normal,
False,False,733,20600.9,2,1,5,normal,
True,False,361,115349.66,3,1,1,anomaly,account_takeover
False,False,484,2740.71,4,0,3,normal,
False,False,401,28330.59,0,0,3,normal,
False,False,1100,32320.47,0,0,3,normal,
False,False,1877,10101.21,3,0,3,normal,
False,False,1628,36113.46,2,0,5,normal,
False,False,668,29309.6,0,0,3,normal,
False,False,633,32911.19,1,0,1,normal,
False,False,207,19638.27,4,0,2,normal,
False,True,1971,1273.02,4,1,5,normal,
False,False,316,22915.82,1,0,4,normal,
False,False,1830,6690.41,3,1,2,normal,
False,False,1084,21774.1,1,1,4,normal,
False,False,414,3573.44,4,0,3,normal,
False,False,543,36847.67,4,1,2,normal,
True,False,160,16622.56,2,1,1,normal,
False,False,883,31325.55,1,0,2,normal,
False,False,177,36532.94,4,1,5,normal,
False,False,1181,6091.06,4,0,5,normal,
False,False,1732,28594.78,1,0,1,normal,
True,False,1642,17833.15,4,0,5,normal,
False,False,1652,23997.05,1,1,3,normal,
False,False,1379,3576.83,4,1,1,normal,
False,False,1309,21726.48,1,0,4,normal,
False,False,1419,33614.34,3,0,1,normal,
False,False,1482,33543.86,1,1,1,normal,
False,False,1596,21475.12,4,0,3,normal,
False,False,625,24624.18,3,0,1,normal,
False,False,1982,2547.25,3,1,4,normal,
False,False,129,38755.03,1,0,3,normal,
False,False,554,30974.08,0,1,2,normal,
False,False,281,10887.03,3,1,3,normal,
False,False,1776,15263.67,4,0,2,normal,
False,False,857,16883.07,0,1,1,normal,
False,False,1742,12370.83,2,0,2,normal,
False,False,461,16473.84,1,1,5,normal,
False,True,1707,13695.17,3,0,1,normal,
False,False,551,18198.9,4,1,5,normal,
False,False,886,21036.56,2,1,4,normal,
False,False,346,10976.1,1,1,2,normal,
False,False,600,4158.09,1,1,5,normal,
False,False,1572,25557.59,3,0,1,normal,
False,False,52,36445.39,2,1,3,normal,
False,True,688,141297.88,3,4,2,anomaly,failed_mpin_then_large_order
False,False,1590,12223.08,1,1,3,normal,
False,False,95,33268.53,0,1,2,normal,
False,False,577,8424.2,4,0,5,normal,
False,False,1210,34965.95,3,1,1,normal,
False,False,625,22391.85,3,1,1,normal,
False,False,1440,23208.2,1,1,3,normal,
False,False,946,36727.9,0,1,1,normal,
False,False,1971,35350.3,1,0,1,normal,
False,False,818,22604.32,1,0,3,normal,
False,False,1426,26409.7,0,1,1,normal,
False,True,1789,19919.87,1,0,2,normal,
False,False,1629,24366.03,4,1,5,normal,
False,False,568,1590.6,3,0,5,normal,
False,False,1422,17214.44,3,1,5,normal,
False,False,948,16592.44,0,0,5,normal,
False,False,262,35834.58,3,1,4,normal,
False,False,400,7756.81,0,1,5,normal,
False,False,1953,37484.62,2,0,1,normal,
False,False,107,9522.77,1,0,1,normal,
False,False,739,19294.7,1,1,3,normal,
False,False,1780,22654.62,4,0,5,normal,
False,False,28,4368.9,1,1,1,normal,
False,False,1532,11789.36,3,1,1,normal,
False,False,86,31789.02,3,0,1,normal,
False,False,1400,16897.19,1,1,2,normal,
False,False,516,14631.01,4,0,2,normal,
False,False,861,37244.72,0,0,5,normal,
False,False,268,30397.02,1,0,2,normal,
True,False,1858,30477.7,2,0,2,normal,
False,False,183,7620.8,0,1,4,normal,
False,False,269,2152.24,2,0,3,normal,
False,False,1746,34048.5,1,1,4,normal,
True,True,1713,111666.07,0,0,1,anomaly,account_takeover
False,False,195,22135.4,0,0,2,normal,
False,False,1022,29977.42,1,0,3,normal,
False,False,652,19509.01,1,1,1,normal,
False,False,1941,28574.41,3,0,2,normal,
False,False,1949,6426.82,4,0,2,normal,
False,False,1144,4357.33,3,0,3,normal,
False,False,1144,665.76,2,0,3,normal,
False,False,1744,11316.42,0,0,1,normal,
False,False,1082,2490.85,3,1,5,normal,
False,False,1886,23126.45,1,1,3,normal,
False,False,226,152786.41,1,7,2,anomaly,failed_mpin_then_large_order
False,False,850,14768.32,0,0,3,normal,
False,False,446,17947.16,2,1,4,normal,
False,False,1029,4099.14,3,0,5,normal,
False,False,762,14527.65,4,0,1,normal,
True,False,4,58388.44,0,0,2,anomaly,new_account_large_order
False,False,192,17989.85,2,0,3,normal,
False,False,450,24512.49,4,0,1,normal,
False,False,897,30222.0,1,1,2,normal,
False,False,1902,2389.33,3,1,2,normal,
False,False,143,12415.01,0,0,1,normal,
False,False,882,10804.0,2,1,3,normal,
False,False,443,6514.11,0,1,3,normal,
True,False,213,57362.95,0,7,3,anomaly,failed_mpin_then_large_order
False,False,237,32138.37,4,1,1,normal,
False,False,1206,17991.36,0,0,2,normal,
False,False,1594,21380.96,1,0,2,normal,
False,False,938,33638.51,3,0,2,normal,
False,False,1253,21115.28,0,0,3,normal,
False,False,536,2489.11,3,0,2,normal,
False,False,1541,23923.68,2,0,3,normal,
False,False,1921,21480.97,2,0,4,normal,
False,False,1681,27559.53,3,0,3,normal,
False,False,384,33306.69,0,1,3,normal,
False,False,456,36876.39,0,0,2,normal,
False,False,1901,36835.01,0,0,2,normal,
False,False,1816,5621.02,4,1,5,normal,
False,False,769,16787.56,3,1,5,normal,
False,False,329,3918.57,4,0,5,normal,
False,False,1028,12780.68,3,1,1,normal,
True,False,1363,36261.81,1,0,2,normal,
False,False,1243,8260.53,1,1,4,normal,
False,False,1706,30581.77,2,1,4,normal,
False,False,568,16215.86,2,1,4,normal,
False,False,737,17281.8,3,0,3,normal,
False,False,1606,26442.46,4,1,1,normal,
False,False,1306,14495.62,0,1,4,normal,
False,False,1905,33627.97,1,0,2,normal,
False,False,796,30963.4,3,0,1,normal,
True,False,380,56126.42,0,0,1,anomaly,account_takeover
False,False,1831,28416.01,3,0,1,normal,
False,False,352,11771.39,1,1,1,normal,
False,False,164,14352.77,3,0,2,normal,
False,False,553,7579.67,0,0,1,normal,
False,True,1070,15387.68,2,1,4,normal,
False,False,1570,26597.29,4,1,1,normal,
False,False,263,24509.59,3,0,2,normal,
False,False,1584,20568.04,4,1,3,normal,
False,False,2,100445.38,2,0,1,anomaly,new_account_large_order
False,False,51,25213.14,0,1,3,normal,
False,False,1798,16267.14,2,1,1,normal,
False,False,900,38024.29,2,0,1,normal,
False,False,1749,6280.54,1,1,4,normal,
False,False,1686,10902.3,2,1,1,normal,
False,False,1494,33061.97,3,1,2,normal,
True,True,1563,107802.61,2,1,1,anomaly,account_takeover
False,False,645,29750.19,1,0,3,normal,
False,False,154,15625.1,0,1,4,normal,
False,False,1545,18070.53,2,0,3,normal,
False,False,372,22290.95,2,0,1,normal,
False,False,1346,19213.41,3,0,2,normal,
False,False,193,34947.32,1,0,3,normal,
False,True,889,30036.52,1,1,2,anomaly,impossible_location_change
False,False,582,33466.66,3,1,5,normal,
False,False,1937,1272.63,2,1,3,normal,
False,False,1728,34067.99,4,0,2,normal,
False,False,438,10006.71,1,0,1,normal,
False,False,1532,39075.82,0,1,4,normal,
False,False,261,38881.39,3,0,3,normal,
False,False,1169,18845.47,4,1,2,normal,
False,False,334,26644.13,4,1,2,normal,
False,False,1950,10556.15,0,1,2,normal,
True,False,1158,8188.88,4,1,1,normal,
False,False,305,23385.06,0,1,1,normal,
False,False,1586,22231.84,1,0,4,normal,
False,False,1035,28944.54,0,1,2,normal,
False,False,984,28705.54,0,1,2,normal,
True,False,1705,36426.45,3,0,1,normal,
False,False,1963,17122.81,0,0,3,normal,
False,False,1373,27767.44,3,1,4,normal,
False,False,254,23313.2,0,0,3,normal,
True,False,127,12244.12,2,0,3,normal,
False,False,1375,21479.71,4,1,4,normal,
False,False,1352,8317.94,0,1,3,normal,
False,False,1298,29788.08,3,0,2,normal,
False,False,851,28741.86,4,1,3,normal,
False,False,1909,6681.37,3,1,1,normal,
False,False,190,14831.37,2,1,2,normal,
False,False,1802,39104.84,0,1,5,normal,
False,False,1454,32330.94,0,1,3,normal,
False,False,1577,16395.67,0,1,1,normal,
False,False,207,31993.06,4,1,1,normal,
True,False,449,36279.26,4,0,4,normal,
False,False,1371,10229.26,2,1,4,normal,
False,False,766,12967.1,4,1,4,normal,
False,False,565,22819.33,4,0,4,normal,
False,False,1111,34087.07,2,1,3,normal,
False,False,1872,30048.74,3,1,3,normal,
False,False,1182,7240.64,0,0,4,normal,
False,False,706,38127.72,3,0,2,normal,
False,False,1825,7557.7,3,1,5,normal,
True,True,1840,114367.06,2,1,1,anomaly,account_takeover
False,False,1714,19540.23,1,1,5,normal,
False,False,1717,23840.3,3,1,3,normal,
False,False,57,2486.75,3,0,3,normal,
True,True,1426,90815.81,0,1,1,anomaly,account_takeover
False,False,1706,5557.65,0,1,1,normal,
False,False,24,33577.01,1,0,3,normal,
False,False,1428,154365.45,2,7,1,anomaly,failed_mpin_then_large_order
False,False,37,15810.4,1,0,5,normal,
False,True,1949,35317.27,1,0,4,anomaly,impossible_location_change
False,False,703,35825.92,4,1,1,normal,
True,True,735,186937.35,2,0,1,anomaly,account_takeover
False,False,1091,39493.98,3,1,4,normal,
False,False,1191,20146.27,4,1,2,normal,
False,False,117,13890.57,2,1,4,normal,
False,False,1860,8408.28,0,1,3,normal,
False,False,1807,33493.52,4,1,2,normal,
False,False,117,17752.9,2,1,2,normal,
False,False,575,18895.75,1,1,1,normal,
False,False,581,19164.33,1,1,3,normal,
False,False,1117,23285.8,0,0,4,normal,
False,False,622,28075.26,3,1,5,normal,
False,False,486,5983.88,2,0,4,normal,
False,False,711,35134.56,4,0,5,normal,
False,False,1064,2765.47,0,0,2,normal,
False,False,188,7863.49,4,1,5,normal,
False,False,496,39540.06,0,0,5,normal,
False,False,228,13766.77,4,1,3,normal,
False,False,989,1574.92,2,1,3,normal,
False,False,30,7037.56,2,1,2,normal,
False,False,32,35978.23,1,1,1,normal,
False,False,1654,16771.29,3,0,3,normal,
False,False,503,18925.67,2,1,2,normal,
False,False,231,38748.77,0,0,2,normal,
False,False,939,7418.23,0,0,2,normal,
False,False,1430,27368.61,1,0,5,normal,
False,False,990,1317.29,1,1,2,normal,
False,False,1064,32733.63,0,1,1,normal,
False,False,541,14999.79,3,1,4,normal,
False,False,232,1591.55,4,1,1,normal,
False,False,508,30242.77,1,1,3,normal,
False,False,889,8515.04,0,1,3,normal,
False,False,320,18580.12,3,1,1,normal,
False,False,648,10437.23,3,0,3,normal,
False,False,1138,3336.31,2,0,2,normal,
False,False,1687,10539.68,4,1,1,normal,
False,False,1448,30614.25,3,0,1,normal,
False,False,1027,8431.13,4,0,4,normal,
False,False,1092,29641.33,1,0,1,normal,
False,False,363,31109.12,2,1,1,normal,
False,False,1808,32513.71,4,1,4,normal,
False,False,1196,5279.39,1,1,3,normal,
False,False,1659,3615.81,4,0,1,normal,
False,False,1646,18438.22,1,0,2,normal,
False,False,1896,14141.7,0,0,5,normal,
True,False,1158,31112.55,1,1,1,normal,
False,False,1561,12148.98,0,0,3,normal,
False,False,949,1654.9,1,1,4,normal,
False,False,1907,39057.26,1,1,3,normal,
False,False,1055,32385.76,3,1,3,normal,
False,False,1607,39311.41,1,0,4,normal,
False,False,1548,17558.91,2,1,1,normal,
False,False,1540,39516.68,2,1,2,normal,
False,False,34,5909.5,2,1,4,normal,
False,False,1977,22933.04,2,1,2,normal,
False,False,1683,26534.06,0,0,5,normal,
False,False,342,21754.68,4,1,3,normal,
False,False,1724,27998.37,4,0,2,normal,
False,False,1896,8125.64,1,0,3,normal,
False,True,507,6320.01,4,0,5,normal,
False,False,563,37354.45,2,0,1,normal,
False,False,414,978.63,0,1,3,normal,
False,False,565,28168.67,3,0,3,normal,
False,True,945,8284.41,1,0,5,normal,
False,False,1808,13120.03,0,1,5,normal,
False,False,249,19086.19,4,0,4,normal,
False,False,1816,17907.94,3,1,5,normal,
False,False,362,14167.46,3,1,1,normal,
False,False,31,19980.19,4,0,3,normal,
False,False,238,14181.02,1,1,5,normal,
False,False,1487,21245.58,1,0,1,normal,
False,False,180,12336.88,10,1,2,anomaly,unusual_trading_velocity
False,False,450,3391.25,1,0,4,normal,
False,True,870,24773.52,2,0,3,anomaly,impossible_location_change
False,False,226,28466.75,3,1,1,normal,
False,False,1131,10414.81,1,1,4,normal,
False,False,1246,23235.87,3,1,3,normal,
False,False,575,37515.63,1,0,2,normal,
False,False,792,37686.96,0,0,2,normal,
False,False,84,34276.1,2,1,3,normal,
False,False,992,10905.7,0,1,4,normal,
False,False,1790,12726.92,0,1,1,normal,
False,False,1754,8170.2,4,0,3,normal,
False,False,389,34241.23,4,0,3,normal,
False,False,1715,22972.88,3,1,5,normal,
False,False,440,9945.84,1,0,4,normal,
False,False,828,12262.31,0,0,5,normal,
False,False,84,36572.57,1,1,2,normal,
False,False,1131,21641.29,1,0,4,normal,
False,False,602,26930.28,1,0,5,normal,
False,False,1279,5626.54,1,0,1,normal,
False,False,1920,29626.9,2,1,1,normal,
False,False,1821,36793.65,2,0,2,normal,
False,False,1826,30311.05,1,1,2,normal,
False,False,1641,22155.95,0,1,3,normal,
False,False,1129,6975.56,3,0,3,normal,
False,False,1468,29324.55,3,0,4,normal,
False,False,1288,6229.49,2,0,5,normal,
False,False,986,79678.75,1,6,2,anomaly,failed_mpin_then_large_order
False,False,1759,16723.52,2,1,1,normal,
False,False,1463,30723.33,1,0,3,normal,
False,False,728,33897.95,4,0,3,normal,
False,False,810,39082.83,0,0,5,normal,
False,False,1741,1209.77,0,0,1,normal,
False,False,551,2736.27,3,1,3,normal,
False,False,1591,27174.0,1,0,5,normal,
False,False,48,20047.78,3,1,2,normal,
False,False,1382,17688.63,0,1,3,normal,
False,False,1694,3628.05,1,1,5,normal,
False,False,1521,15459.4,0,0,2,normal,
False,True,143,25164.29,3,1,2,normal,
False,False,229,11920.48,0,0,4,normal,
False,True,595,8802.22,4,1,4,normal,
False,False,1332,22281.2,2,0,5,normal,
False,False,1711,22491.51,1,1,2,normal,
False,False,820,5183.52,0,1,5,normal,
False,False,484,38972.2,0,0,2,normal,
False,False,26,36726.36,4,0,1,normal,
False,False,655,24724.29,3,0,1,normal,
False,False,182,24642.92,2,1,4,normal,
False,False,1047,25285.18,3,0,1,normal,
True,True,313,138924.26,2,0,1,anomaly,account_takeover
True,False,1456,36676.07,0,0,3,normal,
False,False,1778,3904.7,2,0,2,normal,
False,False,195,12947.03,0,0,5,normal,
False,False,1035,22924.02,3,1,1,normal,
False,False,1354,17869.69,1,0,5,normal,
False,False,1192,7783.34,1,0,5,normal,
True,False,263,18225.11,4,0,4,normal,
False,False,14,3128.58,2,1,4,normal,
False,False,1955,28120.95,1,1,4,normal,
False,False,1891,30002.37,0,0,5,normal,
False,True,1859,7969.07,4,1,2,normal,
False,False,1419,39405.49,1,1,2,normal,
False,False,56,7223.74,0,1,3,normal,
False,False,1818,31384.84,0,1,3,normal,
False,False,234,2396.13,2,0,3,normal,
False,False,885,24960.68,3,0,4,normal,
False,False,542,18536.76,4,0,5,normal,
False,False,1493,17342.07,4,0,1,normal,
False,False,1731,12173.6,0,1,3,normal,
True,False,1884,11738.92,3,0,1,normal,
False,False,589,28997.66,2,0,1,normal,
False,False,378,20841.45,2,0,3,normal,
False,False,262,3760.41,0,0,1,normal,
True,True,470,37309.21,0,0,3,anomaly,impossible_location_change
True,False,1746,21406.59,4,0,5,normal,
False,False,1481,2947.29,1,0,1,normal,
False,False,1770,13863.96,2,1,1,normal,
False,False,1261,30573.47,3,1,4,normal,
False,True,1563,17535.99,4,0,2,normal,
False,False,1653,39339.36,1,1,5,normal,
False,False,748,16501.2,0,1,4,normal,
False,False,312,9903.61,3,1,3,normal,
False,False,947,17019.84,2,0,3,normal,
False,False,965,10803.41,0,0,4,normal,
False,False,1489,6274.73,3,0,1,normal,
False,False,1978,15710.29,3,1,5,normal,
False,False,1080,33236.65,4,1,3,normal,
True,False,291,10967.03,4,0,2,normal,
False,False,1889,8487.18,1,0,2,normal,
True,False,806,8532.3,0,1,2,normal,
False,False,912,27990.24,2,0,2,normal,
False,False,1334,30148.16,0,0,3,normal,
False,False,540,6717.06,4,0,4,normal,
False,False,5,84891.95,3,0,3,anomaly,new_account_large_order
False,False,429,9705.06,4,0,4,normal,
False,False,1874,39077.52,4,0,1,normal,
False,False,1178,5886.95,1,1,1,normal,
False,False,676,30214.5,0,0,4,normal,
True,True,1017,27213.76,2,0,4,anomaly,impossible_location_change
False,False,1203,14645.03,2,1,4,normal,
False,False,66,5540.52,4,0,2,normal,
False,False,1453,27574.16,2,0,4,normal,
False,False,1548,32991.76,0,1,1,normal,
False,False,1109,6574.17,3,1,2,normal,
False,False,851,7903.52,13,1,1,anomaly,unusual_trading_velocity
False,False,1377,8286.71,2,1,1,normal,
False,False,77,18466.71,1,0,1,normal,
False,False,1536,22208.2,2,1,3,normal,
False,False,595,9793.7,4,1,5,normal,
False,False,1355,36002.52,1,0,3,normal,
False,False,146,36575.77,2,1,4,normal,
False,False,464,12130.05,1,1,4,normal,
False,False,1125,29394.5,4,1,5,normal,
False,False,738,28212.01,2,1,2,normal,
False,False,851,16662.53,4,0,3,normal,
False,False,756,14871.58,0,1,2,normal,
False,False,403,14970.13,3,1,4,normal,
False,False,1017,25544.87,4,0,2,normal,
False,False,1664,11221.24,1,0,4,normal,
False,False,806,6231.18,0,0,3,normal,
False,False,1268,16620.58,2,0,3,normal,
False,False,147,20176.33,0,0,4,normal,
False,False,1149,34886.77,3,0,4,normal,
False,False,864,22596.77,0,1,4,normal,
False,False,279,6858.82,3,0,4,normal,
False,False,1672,25371.07,4,1,5,normal,
False,False,1330,32950.33,0,0,2,normal,
False,False,1639,31529.07,3,0,1,normal,
False,False,1910,24585.12,1,1,5,normal,
False,False,155,15447.46,4,1,2,normal,
False,False,1329,36654.96,2,0,5,normal,
False,False,259,34592.0,2,1,1,normal,
False,False,263,11432.11,2,0,5,normal,
False,False,1767,18030.43,3,0,4,normal,
False,False,1930,14845.01,4,1,4,normal,
False,False,1974,36186.62,1,0,3,normal,
False,False,995,26674.36,1,0,2,normal,
False,False,235,17618.31,2,1,2,normal,
False,False,1065,8948.78,24,0,2,anomaly,unusual_trading_velocity
False,True,1924,17673.76,1,1,1,normal,
False,False,1058,38409.78,2,1,5,normal,
False,False,540,37541.35,3,0,1,normal,
True,False,1849,36946.68,0,0,5,normal,
False,False,1023,18424.39,1,1,4,normal,
False,False,1126,10661.26,4,1,3,normal,
False,False,1732,18314.54,0,1,1,normal,
False,False,362,9671.78,1,1,1,normal,
False,True,1300,34199.83,3,0,3,normal,
False,False,342,37637.95,0,0,4,normal,
False,False,1734,29962.16,2,1,1,normal,
False,False,104,38687.34,3,0,3,normal,
False,False,263,31400.5,2,1,1,normal,
False,False,455,28494.11,2,0,1,normal,
False,True,293,24923.48,2,0,4,anomaly,impossible_location_change
False,False,527,16136.98,0,0,3,normal,
False,False,591,15765.31,3,1,4,normal,
False,False,1623,12285.03,2,1,1,normal,
False,False,1892,37167.25,3,0,2,normal,
True,False,1887,4103.54,1,1,1,normal,
False,False,249,1876.12,0,1,2,normal,
False,False,1680,39973.29,1,1,4,normal,
False,False,350,35134.28,0,0,1,normal,
False,False,692,7704.1,2,0,2,normal,
False,False,204,561.77,0,0,4,normal,
False,False,1194,29561.62,0,1,1,normal,
False,False,832,24668.67,4,0,3,normal,
False,False,1405,32313.7,0,1,1,normal,
False,False,1061,36993.48,2,0,3,normal,
False,False,1664,39533.58,0,0,4,normal,
False,False,1750,8309.31,3,1,5,normal,
False,False,1430,27003.38,2,0,3,normal,
False,False,976,13025.59,2,1,4,normal,
False,False,1174,37890.38,4,1,3,normal,
False,False,1094,5772.02,0,0,5,normal,
False,False,358,22010.64,1,1,2,normal,
False,False,464,36158.07,4,0,1,normal,
False,False,1753,5236.59,1,1,5,normal,
False,False,471,21018.05,3,0,1,normal,
False,False,1521,33800.19,2,1,4,normal,
True,False,165,38467.34,1,0,1,normal,
False,False,772,22163.8,3,1,2,normal,
False,False,950,1666.93,4,0,3,normal,
True,False,1566,22391.3,4,1,5,normal,
False,False,1783,26255.14,0,0,1,normal,
False,False,646,23243.97,3,1,2,normal,
False,False,321,10610.63,1,1,3,normal,
False,False,1580,34239.09,0,0,4,normal,
False,False,989,36688.44,0,0,4,normal,
False,False,639,22247.45,2,1,5,normal,
False,False,1034,11838.01,0,1,2,normal,
False,False,201,10476.97,2,0,2,normal,
False,False,795,27826.22,4,1,2,normal,
False,False,1246,6979.7,1,1,4,normal,
False,False,977,39617.41,3,1,1,normal,
False,False,1816,36902.37,1,0,2,normal,
False,False,1848,31185.42,1,0,4,normal,
False,False,450,9230.66,4,1,4,normal,
False,False,1389,7351.32,2,1,5,normal,
False,False,416,20688.94,4,0,4,normal,
False,False,1894,10446.02,1,1,4,normal,
False,False,1234,2315.93,4,1,1,normal,
False,False,225,20106.31,2,0,2,normal,
False,False,529,2149.47,1,1,3,normal,
False,False,603,26232.32,2,0,1,normal,
True,False,1825,22621.0,0,1,1,normal,
True,True,1772,171748.38,3,0,1,anomaly,account_takeover
False,False,1330,24461.79,2,0,5,normal,
False,False,1709,25012.74,2,1,5,normal,
False,False,1180,5155.98,3,0,3,normal,
False,False,115,14985.78,2,0,3,normal,
False,False,84,7781.72,4,1,1,normal,
False,False,1920,137284.45,2,3,2,anomaly,failed_mpin_then_large_order
False,False,887,38239.68,0,0,3,normal,
False,False,431,24203.27,2,0,4,normal,
False,False,1794,18472.08,0,1,3,normal,
False,False,841,20243.98,3,1,4,normal,
False,False,883,39018.16,4,0,1,normal,
False,False,1523,21764.51,1,1,4,normal,
False,False,579,38283.72,0,1,1,normal,
False,False,1124,19403.76,1,1,3,normal,
False,False,117,5724.92,3,1,1,normal,
False,False,574,3935.93,0,1,5,normal,
False,False,285,14616.73,0,1,3,normal,
False,False,650,15260.48,3,1,3,normal,
True,False,157,173224.35,2,0,1,anomaly,account_takeover
True,True,1601,12758.22,4,1,4,normal,
False,False,1521,5758.94,3,1,1,normal,
False,False,245,16420.6,3,0,5,normal,
False,False,688,11226.23,0,1,2,normal,
False,False,811,26211.8,4,1,4,normal,
False,False,637,38084.04,4,0,2,normal,
False,False,312,615.42,1,0,3,normal,
False,False,1672,28168.89,0,0,2,normal,
False,True,36,7962.02,3,0,5,normal,
False,False,769,27058.91,0,1,3,normal,
False,False,808,19399.19,4,1,1,normal,
False,False,544,33330.37,1,1,1,normal,
False,False,341,35467.5,3,0,1,normal,
False,False,1799,24471.63,2,1,5,normal,
False,False,1998,14912.04,1,1,5,normal,
False,False,199,7136.72,0,1,1,normal,
False,False,1014,14101.22,4,1,5,normal,
False,False,1195,33811.24,4,0,5,normal,
False,False,327,6095.94,1,1,4,normal,
False,False,635,23558.2,3,0,5,normal,
False,False,192,13429.4,4,1,3,normal,
False,False,902,35634.72,3,1,3,normal,
False,False,978,1208.03,11,0,1,anomaly,unusual_trading_velocity
False,False,1691,33918.09,2,0,3,normal,
False,True,300,19720.95,1,1,2,normal,
False,False,510,21732.66,3,1,1,normal,
False,False,170,23779.46,3,1,3,normal,
False,False,1119,24601.33,0,0,3,normal,
False,False,924,3800.68,0,0,2,normal,
False,False,42,8688.92,0,1,5,normal,
False,False,1726,25379.56,3,1,3,normal,
False,False,1276,35500.91,3,1,5,normal,
False,False,1812,4511.21,3,0,5,normal,
False,False,1920,28039.42,4,0,4,normal,
False,False,686,2530.27,4,1,2,normal,
False,False,1022,1990.31,1,1,2,normal,
False,False,1410,36470.82,0,0,1,normal,
False,False,1847,16415.86,0,1,5,normal,
False,False,1458,12648.85,2,0,4,normal,
False,False,1879,3147.59,3,1,1,normal,
False,False,963,18305.37,4,0,1,normal,
False,False,1897,7611.48,3,0,3,normal,
False,False,1209,31663.72,4,0,1,normal,
False,False,1094,11871.46,3,0,5,normal,
False,False,597,9753.95,0,1,2,normal,
False,False,1621,27433.9,3,1,5,normal,
False,False,1270,28273.96,1,0,3,normal,
False,False,284,39771.53,3,1,2,normal,
False,False,351,9831.69,1,0,1,normal,
False,False,125,27582.43,2,0,4,normal,
False,False,271,13250.75,0,0,1,normal,
False,False,353,7758.17,1,0,2,normal,
False,True,1799,22425.25,0,0,1,normal,
False,False,1772,3140.13,2,0,1,normal,
False,False,139,19775.92,4,1,2,normal,
False,False,990,33819.36,0,0,5,normal,
False,False,1252,32139.6,3,0,4,normal,
False,False,942,25459.47,4,0,1,normal,
False,False,518,13638.53,3,0,4,normal,
False,False,1158,29218.87,1,0,4,normal,
False,False,1076,9068.54,4,1,1,normal,
False,False,478,23007.12,1,1,4,normal,
False,False,1907,6727.88,4,1,1,normal,
False,False,1773,39828.74,4,1,4,normal,
False,False,987,27850.22,0,1,2,normal,
False,False,1625,35068.3,2,1,1,normal,
False,False,1177,37714.44,2,0,5,normal,
True,False,1306,16348.51,12,0,3,anomaly,unusual_trading_velocity
False,False,1158,5151.56,2,1,2,normal,
False,False,1879,28389.6,3,0,5,normal,
False,False,1950,7913.69,0,1,4,normal,
False,False,967,35370.08,4,0,5,normal,
True,False,320,135354.63,1,5,1,anomaly,failed_mpin_then_large_order
False,False,1398,25146.71,3,1,3,normal,
False,False,816,1348.39,4,0,5,normal,
True,False,317,61076.35,2,3,3,anomaly,failed_mpin_then_large_order
False,False,1073,18620.79,4,0,2,normal,
True,False,647,16525.37,0,0,2,normal,
False,False,322,12177.61,2,1,3,normal,
False,False,628,24815.47,4,0,1,normal,
False,False,967,4552.14,3,0,3,normal,
False,False,696,36946.6,2,0,1,normal,
False,False,0,131565.92,0,0,2,anomaly,new_account_large_order
False,False,969,4769.75,23,1,1,anomaly,unusual_trading_velocity
True,False,28,12507.29,3,1,1,normal,
False,False,1531,11796.87,2,1,3,normal,
False,False,370,16441.96,2,1,3,normal,
False,False,1156,9358.42,1,0,1,normal,
False,False,1578,5768.56,2,0,4,normal,
False,False,42,36849.0,0,0,3,normal,
True,False,865,6199.94,15,0,2,anomaly,unusual_trading_velocity
False,False,1779,11881.24,1,1,2,normal,
False,False,1180,22196.33,0,1,5,normal,
False,False,991,25182.85,1,0,1,normal,
False,False,191,14942.68,2,1,5,normal,
False,False,578,36423.15,4,1,1,normal,
True,False,1635,30222.2,0,0,3,normal,
False,False,1704,5363.53,2,1,3,normal,
False,True,1371,34717.96,3,0,1,normal,
False,False,1878,848.98,0,1,2,normal,
False,False,502,37578.76,1,1,4,normal,
False,False,1381,17227.24,4,0,4,normal,
False,False,839,1935.26,4,1,2,normal,
True,False,3,58172.33,3,1,1,anomaly,new_account_large_order
False,False,1331,14197.18,3,0,2,normal,
False,False,980,2426.52,1,1,3,normal,
False,False,1798,21272.44,3,0,3,normal,
False,False,1704,21927.45,4,1,1,normal,
False,False,976,32799.13,3,1,2,normal,
False,False,1804,11136.99,1,0,2,normal,
False,False,1002,32342.1,4,1,2,normal,
False,False,167,18479.77,2,1,4,normal,
False,False,1080,32137.4,2,0,4,normal,
False,False,319,20808.91,0,0,2,normal,
False,False,464,13756.45,0,1,5,normal,
False,False,127,2203.61,1,0,1,normal,
False,False,1714,36527.2,0,0,5,normal,
False,False,1427,9595.82,4,0,2,normal,
False,False,1817,27291.69,1,0,5,normal,
False,False,522,9606.25,1,1,1,normal,
True,False,1841,9553.29,1,0,4,normal,
False,False,1986,7299.84,3,1,3,normal,
False,False,785,12776.66,2,0,5,normal,
False,False,775,18683.79,1,1,2,normal,
False,False,1732,33097.66,2,1,3,normal,
True,False,148,24168.36,2,0,4,normal,
False,False,1378,14946.94,4,0,4,normal,
False,False,983,10320.74,0,1,2,normal,
False,False,405,30020.64,1,1,3,normal,
False,False,6,130577.96,0,0,1,anomaly,new_account_large_order
False,False,305,31290.82,0,0,3,normal,
False,False,1868,35642.66,4,0,5,normal,
False,False,560,14478.45,25,0,1,anomaly,unusual_trading_velocity
True,False,1001,33225.4,1,0,5,normal,
False,False,474,24756.17,3,0,3,normal,
False,False,670,27547.15,4,0,1,normal,
False,False,196,10920.58,2,0,3,normal,
False,False,390,38517.77,4,0,4,normal,
False,False,1245,23358.21,3,0,2,normal,
False,False,1446,16484.43,0,0,5,normal,
False,False,338,21396.14,3,1,2,normal,
False,True,34,37958.03,1,0,5,normal,
False,False,894,13381.09,2,0,5,normal,
True,False,25,20255.29,2,0,5,normal,
False,False,665,34661.08,2,0,3,normal,
False,False,33,26374.66,0,0,5,normal,
False,False,1158,9351.78,2,1,3,normal,
False,False,431,14647.19,0,0,1,normal,
False,False,959,8558.91,4,0,3,normal,
False,False,659,23531.17,3,0,1,normal,
False,False,986,5831.54,1,0,5,normal,
True,False,677,34719.96,4,0,3,normal,
False,False,856,17470.55,0,1,4,normal,
False,True,119,29685.82,0,1,2,normal,
False,False,1212,17167.6,2,1,5,normal,
False,False,1408,17205.35,2,0,1,normal,
False,False,321,13232.2,2,0,1,normal,
False,False,1489,10288.61,3,0,2,normal,
False,False,544,17934.54,3,1,4,normal,
False,False,407,24955.28,4,0,1,normal,
False,False,45,14672.08,2,1,2,normal,
False,False,717,30726.21,4,0,5,normal,
False,False,922,19189.59,1,0,2,normal,
False,False,374,25317.27,3,0,4,normal,
False,False,37,34458.02,4,0,2,normal,
False,False,303,84083.71,3,6,1,anomaly,failed_mpin_then_large_order
False,False,135,16309.06,1,0,5,normal,
False,False,1448,36659.1,3,1,2,normal,
False,False,578,19747.35,2,0,2,normal,
False,False,1287,3610.07,3,1,4,normal,
False,False,1663,1548.84,3,0,4,normal,
False,False,589,38757.56,4,0,5,normal,
False,False,613,33396.55,4,1,2,normal,
False,False,1337,9932.76,2,1,4,normal,
False,False,1938,26769.12,1,0,2,normal,
False,False,1768,15357.87,0,1,1,normal,
False,False,401,5141.56,4,0,5,normal,
False,False,498,38428.3,1,0,1,normal,
False,False,881,2262.13,3,1,1,normal,
False,True,94,23452.54,3,0,3,normal,
False,False,556,37870.53,1,0,3,normal,
False,False,1429,37321.02,0,0,1,normal,
False,False,1626,25190.49,1,0,5,normal,
False,False,1495,6793.22,1,0,3,normal,
False,False,1816,18123.23,4,1,3,normal,
True,False,240,195756.15,0,1,1,anomaly,account_takeover
False,False,151,26963.67,4,0,4,normal,
True,False,892,17178.81,0,0,1,normal,
False,False,1054,23807.58,1,0,1,normal,
False,False,1002,16559.41,0,0,5,normal,
False,False,996,36015.54,2,0,3,normal,
False,False,1560,31311.53,4,1,1,normal,
False,False,1970,19977.16,2,1,4,normal,
False,False,1848,32082.75,4,1,4,normal,
False,False,882,3940.75,2,0,4,normal,
False,False,854,35662.59,3,0,4,normal,
False,False,279,20838.44,4,1,4,normal,
True,True,799,181637.73,2,1,1,anomaly,account_takeover
False,False,741,6713.26,3,0,3,normal,
False,False,1909,8426.43,3,0,4,normal,
False,False,567,35286.78,1,0,5,normal,
False,False,1147,21720.73,3,1,3,normal,
False,False,731,30618.62,2,1,2,normal,
False,False,1773,33937.29,4,1,4,normal,
False,False,1939,39790.33,1,0,3,normal,
False,False,369,15656.9,4,0,5,normal,
False,False,918,38519.51,4,1,5,normal,
False,False,1243,37164.53,1,1,1,normal,
False,False,1753,32137.79,3,0,3,normal,
False,False,446,1962.41,4,0,4,normal,
False,False,1285,15074.71,0,0,4,normal,
False,False,453,7827.34,3,0,3,normal,
False,False,1843,25330.96,1,0,1,normal,
False,False,393,8618.12,0,0,5,normal,
False,False,1214,7757.64,3,0,1,normal,
False,False,529,24436.36,2,0,4,normal,
False,False,1000,16161.7,0,1,1,normal,
False,False,588,6261.89,0,1,3,normal,
False,False,338,18665.66,3,0,5,normal,
True,False,1768,30980.93,2,0,1,normal,
False,False,887,17963.1,2,1,4,normal,
False,False,671,3045.21,3,0,2,normal,
False,False,1137,29173.2,2,0,5,normal,
False,False,1547,2993.64,3,0,5,normal,
False,False,332,25237.41,3,0,2,normal,
False,False,338,13969.81,3,1,1,normal,
False,False,1402,8755.74,3,1,2,normal,
False,False,1013,29934.98,1,0,5,normal,
False,False,1248,31712.57,4,0,4,normal,
False,False,1129,37905.69,2,0,3,normal,
False,False,1575,34534.09,3,1,5,normal,
False,False,1080,23242.27,4,1,1,normal,
False,False,1055,33087.35,2,1,5,normal,
False,False,1735,31636.32,3,0,3,normal,
False,False,125,39024.55,2,0,1,normal,
False,False,992,6438.42,4,0,3,normal,
False,False,1171,38467.73,0,0,3,normal,
False,False,197,7830.97,1,1,4,normal,
False,False,258,22127.72,0,0,4,normal,
False,False,417,25621.97,2,0,1,normal,
False,False,1712,17543.75,0,0,5,normal,
False,False,386,10464.39,3,1,3,normal,
False,False,1085,33844.32,0,0,5,normal,
True,True,479,194582.66,2,1,1,anomaly,account_takeover
False,False,957,6352.54,3,0,1,normal,
False,False,1814,26319.63,4,0,3,normal,
False,False,1890,20735.48,0,0,1,normal,
False,False,1630,12433.67,3,1,5,normal,
False,False,317,4505.77,4,0,5,normal,
False,False,1476,5655.16,4,1,2,normal,
False,False,128,112889.84,3,6,3,anomaly,failed_mpin_then_large_order
False,False,1605,37213.81,1,1,1,normal,
False,False,1194,20327.49,3,0,1,normal,
False,False,1802,20790.1,4,1,3,normal,
True,False,210,22950.62,3,1,3,normal,
False,False,734,62451.54,0,4,3,anomaly,failed_mpin_then_large_order
False,False,1550,37977.26,0,0,5,normal,
False,False,452,3924.18,0,0,1,normal,
False,False,1567,31518.32,1,0,5,normal,
False,False,1134,11548.97,4,0,2,normal,
True,False,1820,4731.21,2,1,2,normal,
False,False,677,28273.36,4,1,1,normal,
False,False,1568,30168.96,0,0,1,normal,
False,False,1291,7073.28,3,1,5,normal,
False,False,78,24757.21,4,0,3,normal,
False,False,1542,36077.86,4,0,2,normal,
False,False,160,17111.55,4,0,1,normal,
False,False,221,12412.85,4,1,1,normal,
False,False,1442,21574.94,0,1,4,normal,
False,False,1393,18703.99,0,0,5,normal,
False,False,470,17052.23,4,0,1,normal,
False,False,395,35743.16,0,0,2,normal,
False,False,596,14861.83,3,0,3,normal,
False,False,435,8372.42,3,0,3,normal,
False,False,1886,27650.88,1,0,3,normal,
False,True,1026,18432.56,2,0,1,normal,
False,False,478,23883.12,1,0,5,normal,
False,False,1068,12041.03,2,0,4,normal,
False,False,1784,21657.52,2,1,3,normal,
False,False,901,12215.65,1,0,2,normal,
False,False,1604,37649.57,3,1,3,normal,
False,False,1091,15166.92,0,0,5,normal,
False,False,976,23171.94,2,0,4,normal,
False,False,1950,17756.3,3,1,2,normal,
False,False,224,17624.17,2,1,2,normal,
False,False,689,39840.36,2,1,2,normal,
False,False,774,28102.71,4,0,3,normal,
False,False,679,5773.39,4,0,3,normal,
False,False,1201,38390.9,1,0,4,normal,
False,False,722,12033.25,3,0,5,normal,
False,False,604,15904.32,4,1,2,normal,
False,False,1761,35717.79,0,0,3,normal,
False,False,58,27630.02,4,0,5,normal,
True,False,214,505.75,2,1,4,normal,
False,False,1936,25910.98,3,1,4,normal,
False,True,1320,38024.94,3,0,5,normal,
True,False,1419,35282.9,1,0,5,normal,
False,False,1095,5583.88,1,0,1,normal,
False,False,1203,18779.05,4,0,2,normal,
False,True,1436,23074.08,1,0,4,anomaly,impossible_location_change
False,False,904,29545.31,1,0,2,normal,
False,False,1886,19481.16,0,1,5,normal,
False,False,1502,27069.78,0,1,1,normal,
False,False,1242,33598.65,4,1,5,normal,
False,False,572,32569.77,2,1,1,normal,
False,False,684,22943.54,4,1,4,normal,
False,False,706,11373.89,4,1,4,normal,
False,False,610,9010.22,0,0,1,normal,
False,False,740,17211.86,2,0,1,normal,
True,False,402,13152.35,0,0,2,normal,
False,False,478,10132.46,2,0,5,normal,
False,False,1211,28411.23,0,1,2,normal,
False,False,1488,23298.71,3,1,4,normal,
False,False,1003,16663.67,4,0,3,normal,
True,True,1797,19523.01,1,1,2,anomaly,impossible_location_change
False,False,167,8645.97,4,1,3,normal,
False,False,407,31674.17,0,1,1,normal,
True,True,249,162671.26,1,1,1,anomaly,account_takeover
False,False,1721,5118.44,4,1,2,normal,
False,False,421,27190.74,4,1,4,normal,
False,False,59,15544.38,0,0,2,normal,
False,False,1829,2348.52,1,0,2,normal,
False,False,1117,27082.48,4,0,3,normal,
False,False,1584,11410.31,1,1,1,normal,
False,False,142,22857.1,4,0,3,normal,
True,False,220,33591.71,2,1,5,normal,
False,False,1125,10664.91,3,1,3,normal,
False,False,1861,33423.8,2,1,5,normal,
False,False,667,20412.35,3,1,5,normal,
False,False,1122,26003.98,0,1,5,normal,
False,False,1484,34058.97,1,1,5,normal,
False,False,774,26140.66,0,1,4,normal,
False,False,1191,12105.37,4,1,1,normal,
False,False,892,29414.13,2,1,1,normal,
False,False,314,11200.16,1,0,4,normal,
False,False,831,15553.35,1,0,5,normal,
False,False,523,3745.65,0,1,3,normal,
False,False,1702,36299.19,2,0,4,normal,
False,False,1398,29931.8,1,0,2,normal,
False,False,1778,16107.72,3,0,4,normal,
False,False,944,39072.03,4,1,3,normal,
False,False,1384,33342.45,1,0,1,normal,
False,False,470,33302.22,2,0,4,normal,
False,False,1556,29478.57,2,0,4,normal,
False,False,1533,27379.76,2,0,5,normal,
False,False,449,24719.74,0,0,4,normal,
False,False,934,16089.15,1,1,4,normal,
False,False,675,35157.8,1,0,2,normal,
False,False,1851,30005.86,4,1,1,normal,
False,False,369,32547.75,0,1,4,normal,
False,False,687,15865.15,2,0,5,normal,
False,False,541,36434.41,2,1,2,normal,
False,False,989,9616.87,3,1,1,normal,
False,False,321,20336.51,4,1,4,normal,
False,False,772,27182.77,3,1,4,normal,
False,False,923,12549.36,0,1,2,normal,
False,False,1907,30879.4,0,1,2,normal,
False,False,776,30745.47,2,1,4,normal,
False,True,1942,5868.92,3,1,4,anomaly,impossible_location_change
False,False,1227,35332.52,3,1,3,normal,
False,False,1477,22333.47,2,0,5,normal,
False,False,687,20330.44,4,1,2,normal,
False,False,1209,18449.95,2,0,4,normal,
False,False,1469,38169.8,1,0,1,normal,
False,False,175,25312.74,2,0,5,normal,
False,False,1990,31773.18,3,1,2,normal,
False,False,1343,27342.21,0,0,1,normal,
False,False,1254,31231.57,0,0,3,normal,
False,True,660,28028.05,3,1,1,normal,
False,False,41,28785.38,1,0,5,normal,
False,False,922,26772.54,0,1,5,normal,
False,True,992,19611.87,2,0,5,normal,
False,False,1040,35114.6,1,0,1,normal,
False,False,981,20839.1,1,0,3,normal,
False,False,1926,35822.99,2,0,2,normal,
False,False,688,27219.83,3,0,3,normal,
False,False,1069,32364.41,4,1,1,normal,
False,False,1660,39473.82,2,1,5,normal,
True,False,156,36779.01,2,0,4,normal,
True,False,208,32074.89,1,1,1,normal,
False,False,1519,9925.23,3,1,3,normal,
False,False,773,1424.1,0,1,3,normal,
True,False,976,606.37,2,0,5,normal,
False,False,785,21912.7,1,1,4,normal,
False,False,319,35743.92,4,0,1,normal,
False,False,942,25907.31,1,0,3,normal,
False,False,1102,39925.41,0,0,3,normal,
False,False,712,11827.11,4,0,4,normal,
False,False,614,10753.85,1,0,5,normal,
False,False,1767,171909.49,3,5,2,anomaly,failed_mpin_then_large_order
False,False,817,23382.43,1,1,4,normal,
False,False,1938,10724.32,3,1,3,normal,
False,False,870,11272.01,3,0,3,normal,
True,True,500,131961.44,2,0,1,anomaly,account_takeover
False,False,1607,22556.65,4,0,3,normal,
False,False,1862,17491.5,3,1,3,normal,
False,False,1619,32859.89,3,1,3,normal,
False,False,396,3981.91,2,0,5,normal,
False,False,1253,24879.23,1,0,3,normal,
False,False,1145,23513.59,3,0,3,normal,
False,False,500,29885.89,2,0,2,normal,
False,False,1091,9071.42,1,1,2,normal,
False,False,945,18344.45,2,1,5,normal,
False,False,242,35198.83,2,1,3,normal,
False,False,798,15226.83,2,1,3,normal,
False,True,1695,36477.05,4,1,3,normal,
False,False,1480,24899.07,2,0,1,normal,
False,True,1712,35657.92,1,0,4,normal,
False,False,944,26509.04,4,0,4,normal,
False,True,658,36617.73,3,0,3,normal,
False,False,1489,10892.23,1,1,5,normal,
False,False,554,38184.38,2,0,3,normal,
False,False,655,31110.72,0,0,4,normal,
False,False,1343,18955.35,1,0,1,normal,
False,False,1682,947.59,1,1,2,normal,
False,False,1532,33726.77,0,0,2,normal,
False,False,1565,21798.95,3,1,1,normal,
False,False,1644,11640.84,4,0,3,normal,
False,False,2,94822.57,1,0,1,anomaly,new_account_large_order
False,False,252,3504.63,3,1,3,normal,
True,True,195,8598.63,0,0,4,anomaly,impossible_location_change
False,False,873,13939.9,1,0,3,normal,
False,False,1059,25198.3,3,1,3,normal,
False,False,84,20555.35,2,1,2,normal,
False,False,1317,24533.22,3,0,4,normal,
False,True,71,24961.43,0,1,1,normal,
False,False,936,25041.85,4,1,1,normal,
False,False,1288,21230.25,2,0,5,normal,
False,False,569,8843.33,1,1,1,normal,
False,False,1303,24403.8,2,1,1,normal,
True,False,1949,16164.81,0,0,1,normal,
False,False,1231,15015.4,3,1,3,normal,
True,False,10,23114.72,2,0,4,normal,
False,False,149,32849.14,3,1,2,normal,
False,False,1990,30966.98,4,0,2,normal,
False,False,788,8677.24,2,0,2,normal,
True,False,1310,22428.76,2,0,1,normal,
False,False,1691,29745.04,3,0,4,normal,
False,False,678,31668.23,0,0,2,normal,
False,False,187,4899.61,2,0,1,normal,
False,False,100,29431.39,1,0,2,normal,
False,False,1848,28678.11,0,1,3,normal,
False,False,825,26243.18,2,1,5,normal,
False,False,1101,21764.07,2,0,2,normal,
False,False,324,27934.13,1,1,4,normal,
False,False,1019,35677.89,0,1,4,normal,
False,False,1485,9453.85,0,1,2,normal,
False,False,242,12364.32,2,1,1,normal,
True,False,387,4883.06,1,0,2,normal,
False,False,1660,12879.71,4,1,2,normal,
False,False,856,29173.39,2,1,5,normal,
False,False,959,23009.06,3,1,1,normal,
False,False,1809,29540.88,1,1,5,normal,
False,False,1329,30169.88,2,1,5,normal,
False,False,935,22879.56,1,1,2,normal,
False,False,893,32806.9,3,0,5,normal,
False,True,379,36321.94,3,1,3,anomaly,impossible_location_change
False,True,454,23343.29,0,1,3,normal,
False,False,1922,36234.2,2,1,5,normal,
False,False,1589,31890.97,0,1,2,normal,
False,False,1253,35198.14,0,0,4,normal,
False,False,624,28551.21,4,1,1,normal,
False,False,1758,26956.48,3,1,5,normal,
False,False,1865,28603.05,1,0,1,normal,
False,False,501,22625.73,3,1,4,normal,
False,False,357,11846.13,0,0,2,normal,
False,False,1073,35111.24,4,0,2,normal,
False,False,711,21653.29,2,1,1,normal,
False,False,1865,36731.34,0,1,3,normal,
False,False,321,31710.85,3,1,3,normal,
False,False,1178,18634.95,1,0,1,normal,
False,False,503,25114.1,3,0,2,normal,
False,False,1214,25474.1,4,1,1,normal,
False,False,788,760.58,1,0,3,normal,
False,True,1406,15759.17,1,0,5,normal,
False,False,1251,2706.99,0,1,2,normal,
False,False,505,13283.91,0,0,1,normal,
False,False,348,23030.05,0,0,5,normal,
False,False,1308,22834.59,2,0,5,normal,
False,False,1634,28652.63,1,0,2,normal,
False,False,165,18726.34,0,1,2,normal,
False,False,685,31601.27,2,1,5,normal,
False,False,1163,31589.02,0,0,4,normal,
False,False,285,25391.89,0,0,4,normal,
False,False,1964,16576.77,2,0,4,normal,
False,False,1499,22655.4,3,1,1,normal,
False,False,1288,39241.09,1,1,2,normal,
False,False,1160,1229.81,3,1,3,normal,
False,False,1430,33369.57,2,0,3,normal,
False,False,1246,793.48,3,0,5,normal,
False,False,829,4794.17,4,0,4,normal,
False,False,19,22586.75,2,1,3,normal,
False,False,1867,22768.36,1,1,5,normal,
False,False,1414,33687.8,3,1,1,normal,
False,False,1332,12316.61,3,1,2,normal,
False,False,122,10560.24,1,1,5,normal,
False,False,1508,38961.84,2,0,3,normal,
True,False,748,25715.78,1,1,2,normal,
False,False,1627,15352.35,0,1,3,normal,
False,False,663,30232.91,1,0,2,normal,
False,False,536,5615.98,4,1,4,normal,
True,False,1871,12350.48,0,0,3,normal,
False,False,1923,2395.77,4,0,4,normal,
False,False,952,28097.73,0,0,2,normal,
False,False,1686,33488.27,3,0,2,normal,
False,False,911,2993.57,4,0,3,normal,
False,False,1859,13065.94,1,1,2,normal,
False,False,134,24526.06,2,1,5,normal,
False,False,847,18301.95,0,0,1,normal,
False,False,1959,1730.05,4,1,1,normal,
False,False,27,9094.63,2,0,5,normal,
False,False,36,15446.86,3,0,2,normal,
False,False,95,16517.56,1,1,5,normal,
False,True,1216,20292.86,0,1,4,normal,
False,False,66,672.72,4,1,1,normal,
False,False,1615,13287.21,4,0,3,normal,
False,False,285,12323.81,3,0,4,normal,
False,False,1752,25650.92,2,1,5,normal,
False,False,591,22165.71,2,1,4,normal,
False,False,1311,10958.89,1,1,3,normal,
False,False,1246,39425.42,2,1,1,normal,
False,False,269,33585.07,4,0,2,normal,
False,False,1778,33708.09,2,1,2,normal,
False,False,1133,25169.9,2,0,1,normal,
False,False,1878,38844.21,2,1,2,normal,
False,False,873,27469.26,0,0,5,normal,
False,False,20,32325.57,0,0,2,normal,
False,False,1247,29433.82,1,1,1,normal,
False,False,654,21313.48,4,0,4,normal,
False,False,1489,31016.13,2,1,2,normal,
False,False,1967,12960.2,1,0,1,normal,
True,False,1364,24308.65,0,1,2,normal,
False,False,1636,24049.34,3,0,3,normal,
False,False,585,7457.42,0,1,1,normal,
False,False,602,30130.15,4,1,4,normal,
False,False,812,9620.09,0,0,1,normal,
False,False,1388,1044.77,3,1,2,normal,
False,False,310,20122.73,1,1,3,normal,
False,False,1036,33922.46,3,1,2,normal,
False,False,132,7843.15,1,1,5,normal,
False,False,228,13596.36,2,0,2,normal,
False,False,399,38484.58,4,1,3,normal,
False,False,1662,33948.97,4,0,1,normal,
False,False,1174,23071.6,4,0,5,normal,
False,False,727,1676.67,3,1,1,normal,
False,False,1435,6365.85,1,0,2,normal,
False,False,959,25608.06,3,0,4,normal,
False,False,992,35147.31,3,1,5,normal,
True,False,321,1598.82,4,0,5,normal,
False,False,1134,3184.48,1,0,2,normal,
False,False,1773,19077.8,2,0,3,normal,
False,False,1962,7924.55,4,1,2,normal,
False,False,1731,10974.66,2,0,1,normal,
False,False,646,38771.5,4,0,4,normal,
False,False,199,29971.65,3,0,5,normal,
False,False,1627,37961.47,3,1,3,normal,
False,False,895,11326.65,2,0,3,normal,
False,False,1116,27864.77,2,1,2,normal,
True,False,3,63164.18,2,0,1,anomaly,new_account_large_order
False,False,899,22578.3,3,0,1,normal,
False,False,1571,25481.78,1,0,4,normal,
False,False,291,12773.1,3,0,4,normal,
True,True,204,69850.83,3,1,1,anomaly,account_takeover
False,False,1699,10758.22,4,1,4,normal,
False,False,1846,36706.22,0,1,1,normal,
False,False,456,18847.62,2,1,3,normal,
False,False,165,26491.85,0,1,3,normal,
False,False,1104,9125.77,2,0,2,normal,
False,False,1102,18877.18,3,0,1,normal,
True,True,775,67800.76,3,5,1,anomaly,failed_mpin_then_large_order
False,False,859,2959.5,3,1,5,normal,
True,False,1806,30389.07,4,0,2,normal,
False,False,203,22501.5,0,1,2,normal,
False,False,1244,2655.99,3,1,1,normal,
False,False,185,20027.9,1,0,2,normal,
True,False,919,31232.16,0,0,1,normal,
False,False,679,10771.16,3,1,2,normal,
False,False,1707,38420.32,0,1,5,normal,
False,False,39,38352.77,4,0,2,normal,
False,False,864,38060.63,4,0,3,normal,
False,False,1841,28011.35,3,1,5,normal,
False,False,1779,38915.23,4,1,4,normal,
False,False,689,15168.31,0,1,2,normal,
False,False,175,16637.12,3,1,2,normal,
False,False,389,6909.64,0,1,5,normal,
False,False,72,6832.34,1,1,3,normal,
False,False,709,1631.62,2,0,1,normal,
False,False,363,32761.71,3,0,4,normal,
False,False,1047,30374.95,3,1,4,normal,
False,False,1632,26773.11,2,1,3,normal,
False,False,1779,16838.23,3,1,5,normal,
False,False,897,14527.7,2,1,2,normal,
False,False,1614,8671.26,3,1,4,normal,
False,False,1212,22379.9,4,0,1,normal,
False,False,274,36004.34,1,1,1,normal,
False,False,1019,33646.75,2,0,5,normal,
True,False,812,36456.31,1,1,1,normal,
False,False,1046,12284.84,1,0,1,normal,
False,False,1157,18937.92,4,1,5,normal,
True,False,3,82894.3,2,0,2,anomaly,new_account_large_order
True,False,137,10396.37,23,0,3,anomaly,unusual_trading_velocity
True,True,1519,14511.48,3,0,4,anomaly,impossible_location_change
False,False,704,4906.31,3,0,4,normal,
False,False,1184,646.3,3,1,4,normal,
False,False,1957,145158.51,2,6,2,anomaly,failed_mpin_then_large_order
False,False,1701,9012.46,4,0,4,normal,
False,False,1766,5244.87,4,1,1,normal,
False,False,680,31087.56,4,0,3,normal,
False,False,1755,35630.23,1,0,4,normal,
False,False,1191,5362.0,3,1,1,normal,
False,False,723,10223.46,4,1,2,normal,
False,False,363,2286.28,2,0,5,normal,
False,False,437,36474.81,2,0,2,normal,
True,False,4,143097.06,0,1,3,anomaly,new_account_large_order
False,False,582,34069.41,1,0,1,normal,
False,False,1191,3051.18,4,1,5,normal,
False,False,338,2816.85,4,0,5,normal,
False,False,833,29724.23,2,1,1,normal,
False,False,1012,2168.2,2,1,4,normal,
False,False,1027,20514.24,2,1,3,normal,
False,False,624,12547.35,2,1,5,normal,
False,False,1638,877.33,0,1,1,normal,
False,False,285,30750.19,3,1,4,normal,
False,False,54,24024.33,2,1,2,normal,
False,False,1907,17790.69,1,1,2,normal,
False,True,1263,7141.67,3,0,3,anomaly,impossible_location_change
False,False,762,24790.44,3,0,1,normal,
False,False,901,566.81,4,0,3,normal,
False,False,1918,7389.3,2,0,2,normal,
True,False,1588,11642.89,4,0,1,normal,
False,False,537,28071.53,0,1,3,normal,
False,False,137,33143.47,2,0,4,normal,
False,False,1303,4654.86,0,1,5,normal,
False,False,1733,18735.48,4,1,3,normal,
False,False,1954,19413.22,18,1,1,anomaly,unusual_trading_velocity
False,False,153,30540.23,0,1,5,normal,
False,False,1730,8582.06,0,0,4,normal,
True,False,1278,67505.69,3,0,1,anomaly,account_takeover
False,False,1479,5251.37,1,1,4,normal,
False,False,1544,29177.99,1,1,3,normal,
False,False,1744,26756.86,0,1,2,normal,
False,False,78,944.19,1,1,2,normal,
False,False,475,5634.51,2,0,3,normal,
True,False,757,27906.55,0,0,4,normal,
False,False,818,3460.21,2,1,4,normal,
False,False,1876,35419.63,1,0,4,normal,
False,False,1967,33605.27,0,0,5,normal,
False,False,1724,21647.43,0,1,5,normal,
False,False,1510,34619.09,2,1,3,normal,
False,False,525,24721.29,3,1,4,normal,
False,False,864,36068.13,2,1,3,normal,
False,False,934,24410.91,0,0,3,normal,
False,False,1790,36344.31,0,1,2,normal,
False,False,567,9014.97,4,0,3,normal,
False,False,703,7122.55,3,1,3,normal,
False,False,1938,2757.81,2,1,5,normal,
False,False,848,29613.05,2,0,4,normal,
False,False,1014,27445.8,4,0,4,normal,
False,False,613,12606.59,4,1,2,normal,
False,False,427,15505.15,4,1,3,normal,
False,False,1650,4693.13,0,0,3,normal,
False,False,1292,1127.9,2,0,5,normal,
False,False,1315,37603.85,2,0,3,normal,
False,False,1237,15931.58,3,0,1,normal,
False,False,73,10915.77,2,1,5,normal,
False,False,1897,31068.86,1,0,5,normal,
False,True,1091,996.85,2,1,3,normal,
False,False,1624,20757.16,0,1,1,normal,
False,False,1798,35727.53,4,0,4,normal,
False,False,1364,6285.62,3,0,4,normal,
False,False,722,4287.58,0,0,1,normal,
False,False,356,15780.2,1,0,5,normal,
False,False,1201,22943.23,0,1,4,normal,
False,False,180,38690.1,4,0,1,normal,
False,False,938,32203.3,2,1,3,normal,
False,False,1497,31999.82,3,1,4,normal,
False,False,1466,36505.42,2,0,2,normal,
False,False,525,39953.25,1,1,4,normal,
False,False,452,39898.66,0,1,2,normal,
False,False,1363,16450.31,1,0,4,normal,
False,False,603,1962.18,3,1,5,normal,
False,False,560,3524.25,0,0,2,normal,
False,False,1616,23434.82,3,0,5,normal,
False,False,1978,11133.04,0,1,5,normal,
False,False,924,30485.65,0,1,5,normal,
False,False,1317,2301.77,4,1,2,normal,
False,False,891,9126.27,0,1,3,normal,
False,False,354,20626.04,0,1,1,normal,
False,False,1830,12191.49,2,1,1,normal,
False,False,1886,14455.88,4,0,5,normal,
False,False,1812,18728.61,4,1,2,normal,
False,False,840,14545.91,2,0,3,normal,
False,False,1149,32128.76,4,0,1,normal,
False,False,645,18159.42,3,0,4,normal,
False,False,294,9439.81,2,1,3,normal,
False,False,1942,1374.14,4,1,4,normal,
False,False,589,24498.81,1,1,4,normal,
False,False,1221,25364.09,3,1,3,normal,
False,False,856,16390.89,4,1,5,normal,
False,False,388,2679.21,2,1,3,normal,
False,False,218,12129.1,4,1,5,normal,
False,False,55,31665.27,0,1,2,normal,
False,False,672,671.69,2,1,4,normal,
False,False,160,13421.07,4,1,3,normal,
False,False,1544,14589.82,3,1,3,normal,
False,False,160,37770.41,1,0,2,normal,
False,False,1254,2439.51,2,1,3,normal,
False,False,55,14466.73,0,1,1,normal,
False,False,54,6158.62,2,0,4,normal,
False,False,1211,32194.05,1,1,4,normal,
False,False,245,3438.23,1,0,1,normal,
False,False,463,14105.41,3,0,1,normal,
False,False,1643,10510.07,13,0,1,anomaly,unusual_trading_velocity
False,False,1071,39224.89,1,0,2,normal,
False,False,1200,1457.6,0,0,1,normal,
False,False,533,35285.89,2,1,3,normal,
False,False,68,39484.49,3,0,4,normal,
False,False,116,18097.89,3,1,1,normal,
True,False,1087,27992.92,4,1,1,normal,
False,False,658,1683.59,4,0,3,normal,
False,False,1855,36964.8,2,1,3,normal,
False,False,773,21256.29,3,1,4,normal,
False,False,940,8884.53,2,1,5,normal,
False,False,1265,16843.75,4,0,2,normal,
False,False,1210,29921.81,1,1,5,normal,
False,False,139,5240.02,2,0,1,normal,
False,False,828,8740.72,4,1,1,normal,
False,False,1326,16804.67,2,1,4,normal,
False,False,125,14617.83,3,1,3,normal,
False,False,1915,27561.9,3,1,4,normal,
False,False,1824,12287.26,2,0,5,normal,
False,False,464,23596.52,0,0,3,normal,
False,False,442,21165.8,2,1,2,normal,
False,False,1250,3462.43,1,1,1,normal,
False,False,1006,31044.25,4,1,2,normal,
False,False,1606,14261.08,1,0,3,normal,
False,False,1034,36274.97,4,1,2,normal,
False,False,177,36360.98,2,0,1,normal,
False,False,1925,125093.85,1,6,1,anomaly,failed_mpin_then_large_order
False,False,1780,1652.86,0,1,5,normal,
False,False,386,29474.03,3,1,3,normal,
False,False,1660,2382.45,4,1,5,normal,
False,False,213,37524.97,2,1,1,normal,
False,False,750,29632.76,2,1,1,normal,
False,False,257,27366.85,3,1,3,normal,
False,False,1202,28468.72,4,0,3,normal,
False,False,458,5796.77,4,1,3,normal,
False,True,1333,24378.48,1,1,2,normal,
False,False,1985,986.81,3,0,5,normal,
False,False,46,10609.0,1,1,1,normal,
False,False,1723,37160.68,2,1,2,normal,
False,False,1543,21368.66,2,1,1,normal,
False,False,1538,14686.2,4,0,2,normal,
False,False,1360,21089.42,3,1,3,normal,
False,False,1763,36739.46,0,1,3,normal,
False,False,1224,27753.89,1,0,2,normal,
False,False,1540,17010.42,0,1,4,normal,
False,False,1162,931.94,3,1,1,normal,
False,False,1177,16086.75,4,1,3,normal,
False,False,682,9856.07,2,0,2,normal,
False,False,1339,28584.04,0,1,5,normal,
False,False,967,1727.74,4,0,4,normal,
False,False,548,18838.96,0,0,1,normal,
False,False,595,11066.86,4,0,4,normal,
False,False,1938,18398.67,4,0,1,normal,
False,False,1915,18791.92,1,1,1,normal,
False,False,1140,7301.94,1,0,2,normal,
False,False,1362,34379.16,2,0,2,normal,
False,False,1482,29350.24,1,0,3,normal,
False,False,533,17249.53,2,0,2,normal,
True,True,1944,23502.46,1,1,4,anomaly,impossible_location_change
False,False,1230,9151.3,2,0,4,normal,
False,False,1449,18144.58,4,0,4,normal,
False,False,1172,17124.11,4,0,4,normal,
False,False,241,7559.49,1,0,1,normal,
False,False,10,4605.69,4,0,2,normal,
False,False,705,11108.41,0,0,4,normal,
False,False,455,26165.09,0,0,1,normal,
True,False,558,35932.74,0,1,3,normal,
False,False,1152,27272.17,3,0,4,normal,
False,False,1218,34610.71,2,0,3,normal,
False,False,899,811.18,1,1,5,normal,
False,False,38,15007.73,4,0,4,normal,
False,False,406,38154.9,1,0,2,normal,
False,False,1233,17236.15,3,1,2,normal,
False,False,1888,38091.4,4,1,3,normal,
False,False,1717,37324.52,4,1,1,normal,
False,False,369,32526.52,2,0,3,normal,
False,False,827,23705.54,2,1,2,normal,
False,False,1360,25200.55,3,0,4,normal,
False,False,1201,4476.7,0,0,3,normal,
False,False,40,24590.41,3,1,3,normal,
False,False,1861,24119.07,2,0,1,normal,
False,False,700,4756.75,3,0,5,normal,
False,False,289,26512.67,0,0,3,normal,
False,False,939,36410.68,3,0,5,normal,
False,False,1017,36842.57,3,0,3,normal,
False,False,1610,38291.94,4,0,5,normal,
False,False,1797,24054.82,0,1,3,normal,
False,False,575,28298.29,0,0,5,normal,
False,False,1384,28279.81,0,0,1,normal,
False,False,168,37691.7,1,0,5,normal,
False,False,1151,19577.23,0,0,1,normal,
False,False,657,3377.89,3,0,5,normal,
False,False,1859,39422.99,2,1,4,normal,
False,False,929,25140.51,2,1,2,normal,
False,False,1037,28609.41,1,0,5,normal,
False,False,1698,910.64,0,1,4,normal,
False,False,1352,11914.46,0,0,4,normal,
False,False,348,8665.78,3,0,4,normal,
False,False,781,28598.01,2,0,1,normal,
False,False,958,11808.2,3,0,2,normal,
False,False,67,21022.17,1,1,5,normal,
False,False,1402,12099.11,3,0,3,normal,
False,False,901,26094.65,2,0,1,normal,
False,False,1119,8945.27,4,0,2,normal,
False,False,922,13322.99,0,0,3,normal,
False,False,324,29877.46,1,0,5,normal,
False,False,1624,35072.24,4,1,1,normal,
False,False,1163,14179.73,2,0,5,normal,
False,False,1953,11100.01,0,1,3,normal,
False,False,1131,10882.54,2,1,5,normal,
True,False,1952,115275.61,2,1,1,anomaly,account_takeover
False,False,1101,1565.17,3,0,1,normal,
False,False,1558,7869.37,0,1,1,normal,
False,False,1377,37904.46,2,0,3,normal,
False,False,1728,26970.05,2,1,5,normal,
False,False,98,17394.97,1,0,2,normal,
False,False,944,27655.57,1,1,2,normal,
False,False,560,31709.22,2,1,4,normal,
False,False,409,33204.23,0,0,5,normal,
False,False,1501,35425.72,4,1,3,normal,
False,False,791,2163.0,0,0,5,normal,
False,False,899,22032.19,1,1,2,normal,
False,False,823,25749.45,0,1,1,normal,
False,False,1164,6014.86,0,1,1,normal,
False,False,497,23086.01,1,1,1,normal,
False,False,1990,16177.64,4,0,2,normal,
False,False,612,15026.7,3,1,2,normal,
False,False,1235,22253.93,3,0,4,normal,
False,False,272,14578.5,0,0,5,normal,
False,False,1768,23524.26,2,1,3,normal,
False,False,1272,37962.97,2,1,5,normal,
True,False,1626,151871.52,2,1,1,anomaly,account_takeover
False,False,142,5040.29,21,0,1,anomaly,unusual_trading_velocity
False,False,166,26000.3,1,1,2,normal,
False,False,317,968.68,2,0,1,normal,
False,False,1180,38242.45,2,1,4,normal,
False,False,474,14149.74,0,1,4,normal,
False,False,623,6369.96,1,1,2,normal,
True,False,806,4400.4,1,1,3,normal,
False,False,864,16706.61,0,0,2,normal,
False,False,603,27031.57,2,0,2,normal,
True,True,1263,29194.21,0,1,4,anomaly,impossible_location_change
True,False,397,39333.36,3,0,4,normal,
False,False,1294,22668.37,0,0,4,normal,
False,False,1333,32053.24,1,1,5,normal,
False,False,1513,10123.79,1,1,4,normal,
False,False,1542,18173.66,4,1,1,normal,
False,False,495,37804.37,3,0,3,normal,
False,False,1286,25506.53,4,1,4,normal,
False,False,1209,28628.2,2,1,2,normal,
False,False,734,13922.98,3,1,4,normal,
False,False,1292,14916.97,3,0,5,normal,
False,False,710,24658.41,2,1,1,normal,
False,False,1248,1966.49,3,0,1,normal,
True,False,780,30471.13,1,1,3,normal,
False,False,930,36100.26,0,0,1,normal,
False,False,1125,9890.52,0,0,3,normal,
False,False,1535,35463.0,2,0,5,normal,
False,False,1553,6789.09,1,1,1,normal,
False,False,1905,17249.59,1,0,4,normal,
False,True,372,33831.7,0,0,3,normal,
False,False,933,11265.58,0,0,5,normal,
False,False,783,9886.66,0,1,1,normal,
False,True,1008,26366.72,4,0,2,normal,
False,False,1653,27256.3,0,1,3,normal,
False,False,497,26373.26,1,0,3,normal,
False,False,513,3991.97,0,0,3,normal,
False,False,1328,7866.24,3,0,3,normal,
False,False,1153,31073.92,1,0,2,normal,
False,False,649,4352.78,3,1,4,normal,
False,False,596,24827.31,4,0,4,normal,
False,False,1823,27792.65,3,1,2,normal,
False,False,815,34568.63,1,1,4,normal,
False,False,975,24939.84,4,1,5,normal,
False,False,753,6682.97,1,1,1,normal,
False,False,1737,5244.99,1,1,4,normal,
False,False,1370,7933.51,3,0,5,normal,
False,False,1617,5417.47,4,1,1,normal,
False,False,923,15115.34,1,0,3,normal,
False,False,496,13835.68,2,1,2,normal,
False,False,1589,39656.94,4,0,2,normal,
False,False,1236,17998.98,2,1,5,normal,
False,False,10,2351.71,4,0,2,normal,
False,False,241,1340.94,0,1,3,normal,
False,False,1079,18262.09,1,0,5,normal,
False,False,1062,14041.77,1,1,4,normal,
False,False,623,9559.67,0,1,4,normal,
False,False,1596,39780.08,0,1,4,normal,
False,True,1168,3961.45,2,0,4,normal,
False,False,761,14822.29,3,0,5,normal,
False,False,778,35044.5,2,0,4,normal,
False,False,406,17152.87,0,0,1,normal,
False,False,1048,30596.59,0,0,5,normal,
False,False,1712,35380.9,3,1,1,normal,
False,False,1124,15873.36,3,1,2,normal,
False,False,1232,10410.11,3,1,2,normal,
False,False,724,22554.2,3,0,4,normal,
False,False,183,26152.38,1,1,1,normal,
False,False,545,34305.73,3,0,5,normal,
False,False,1902,3345.32,1,1,1,normal,
False,False,1955,27521.77,4,0,3,normal,
False,False,693,14059.36,1,1,3,normal,
False,True,1108,34454.68,3,1,4,normal,
False,False,994,38711.67,2,1,1,normal,
False,False,1483,13137.44,0,1,1,normal,
False,False,369,16600.62,4,1,3,normal,
False,False,1737,18144.03,0,0,1,normal,
False,False,1060,14455.02,0,1,4,normal,
False,False,5,130840.96,1,1,1,anomaly,new_account_large_order
False,False,1631,6919.75,2,0,3,normal,
False,False,4,117392.18,1,1,1,anomaly,new_account_large_order
False,False,1811,22474.25,0,1,2,normal,
False,False,1976,17552.6,4,1,2,normal,
True,False,919,11416.23,4,0,2,normal,
False,False,834,12667.35,1,1,2,normal,
True,False,233,8035.98,3,1,4,normal,
False,False,1515,85049.7,3,3,3,anomaly,failed_mpin_then_large_order
False,False,656,18871.86,2,0,3,normal,
True,False,1840,5512.1,1,0,5,normal,
False,False,1973,29682.03,3,1,4,normal,
False,False,1179,13931.8,0,0,4,normal,
False,False,1424,3348.87,4,1,4,normal,
False,False,1216,22415.18,4,0,5,normal,
False,False,1785,33608.15,0,1,3,normal,
False,False,512,1552.23,0,1,2,normal,
False,False,625,11557.65,2,1,4,normal,
False,False,1726,18604.25,2,0,4,normal,
False,False,958,14226.1,4,1,1,normal,
False,False,689,14135.68,1,1,4,normal,
False,False,1533,32527.5,4,0,5,normal,
False,False,1529,37497.33,1,0,1,normal,
False,False,114,22602.63,2,0,4,normal,
False,False,1004,6632.59,4,0,1,normal,
False,False,1136,11340.82,2,0,5,normal,
False,False,1203,6690.53,1,0,5,normal,
False,False,379,20922.41,0,0,2,normal,
False,False,429,11289.13,3,1,3,normal,
False,False,1559,31950.04,1,1,4,normal,
False,False,1959,13269.66,3,1,2,normal,
False,False,782,29383.0,0,1,4,normal,
False,False,573,21417.73,3,1,1,normal,
False,False,1271,8565.04,1,0,5,normal,
False,False,1008,21970.65,3,1,5,normal,
False,False,1446,18088.0,3,1,1,normal,
True,False,453,10541.67,13,0,1,anomaly,unusual_trading_velocity
False,False,1697,1054.34,3,1,4,normal,
False,False,1484,20589.37,4,1,4,normal,
False,False,1569,17692.71,3,1,5,normal,
False,False,1646,9500.13,2,1,2,normal,
False,False,1639,12432.0,2,1,4,normal,
False,False,1851,2157.6,3,0,1,normal,
False,False,1580,22228.92,3,0,4,normal,
False,False,250,618.67,2,0,1,normal,
False,False,1220,17827.38,3,0,5,normal,
False,False,1464,18579.66,4,0,2,normal,
False,False,1565,13435.04,0,1,5,normal,
False,False,1743,28880.94,4,0,4,normal,
False,False,1914,15335.18,1,0,5,normal,
False,False,1228,38204.94,3,0,4,normal,
False,False,1481,5176.3,2,0,1,normal,
False,False,1141,2428.39,4,1,4,normal,
False,False,1394,14198.73,1,0,5,normal,
False,False,672,24765.16,1,0,2,normal,
False,False,200,12810.25,2,0,1,normal,
False,True,170,28309.4,2,1,3,normal,
False,False,359,12804.23,1,0,5,normal,
False,False,1718,10150.58,3,0,1,normal,
False,False,1675,29813.4,2,0,5,normal,
False,False,1084,34191.35,4,0,4,normal,
False,False,1487,16836.69,2,1,1,normal,
False,False,201,22529.13,0,1,2,normal,
False,False,802,29858.03,1,1,4,normal,
False,False,1681,17956.55,4,1,2,normal,
False,False,1278,38781.8,0,1,4,normal,
True,False,1797,20685.85,1,1,3,normal,
False,False,215,8412.04,1,1,3,normal,
False,False,358,24256.51,4,1,2,normal,
False,False,594,26519.5,4,0,5,normal,
False,False,1751,28069.55,4,1,2,normal,
False,False,13,33874.41,1,0,3,normal,
False,False,283,27775.81,4,1,3,normal,
False,False,1441,4032.56,3,0,2,normal,
False,False,1041,17356.26,4,1,2,normal,
False,False,1300,10230.39,3,1,2,normal,
False,False,230,17667.43,1,1,5,normal,
False,False,1668,21007.56,2,1,3,normal,
True,False,1187,158599.22,3,0,1,anomaly,account_takeover
False,False,1201,1612.28,2,0,5,normal,
False,False,1019,11735.96,4,0,4,normal,
False,False,1944,15673.92,4,1,2,normal,
False,False,3,115894.53,2,0,3,anomaly,new_account_large_order
False,False,422,688.27,1,0,2,normal,
False,False,967,17918.44,0,1,4,normal,
False,False,378,29999.39,1,0,2,normal,
False,False,579,2438.74,1,1,3,normal,
False,False,759,16531.58,2,1,4,normal,
False,False,23,3020.36,0,1,1,normal,
False,False,1051,35605.39,1,0,5,normal,
False,False,521,16589.62,0,1,5,normal,
False,False,33,16467.65,0,0,2,normal,
True,False,303,30214.05,3,0,3,normal,
False,False,1886,38496.37,2,1,1,normal,
False,False,1277,8111.88,4,0,5,normal,
True,False,1999,17194.94,3,1,5,normal,
False,False,528,13547.1,0,1,4,normal,
False,False,155,7744.85,3,0,3,normal,
False,False,1861,20252.15,1,1,4,normal,
True,False,1584,25690.16,2,1,5,normal,
False,False,1501,31728.14,0,0,2,normal,
False,True,1811,30740.99,3,1,1,normal,
False,True,92,70191.25,1,4,2,anomaly,failed_mpin_then_large_order
False,False,1399,32550.74,3,0,3,normal,
True,False,319,25519.48,0,1,1,normal,
False,False,1861,6553.7,0,1,4,normal,
False,False,139,39520.91,4,0,3,normal,
False,False,223,26871.18,4,0,2,normal,
False,False,227,6102.5,2,0,1,normal,
False,False,612,8396.1,3,0,1,normal,
False,False,705,31135.93,3,0,1,normal,
False,False,6,89633.44,2,0,1,anomaly,new_account_large_order
False,False,1817,17000.16,3,1,4,normal,
False,False,297,20677.58,3,0,5,normal,
False,False,432,39878.04,1,0,5,normal,
False,False,668,25542.94,2,1,4,normal,
False,False,202,1822.13,4,1,2,normal,
False,False,697,23259.92,1,1,4,normal,
False,False,1869,27626.07,1,0,1,normal,
False,False,1619,31018.02,1,0,2,normal,
False,False,881,25870.56,4,0,1,normal,
False,False,399,29998.03,1,0,5,normal,
False,False,1118,21674.2,3,1,3,normal,
False,False,534,36311.69,3,0,5,normal,
False,False,1566,36727.67,4,0,5,normal,
False,False,645,14696.0,4,1,2,normal,
False,False,1792,12629.87,2,1,3,normal,
False,False,1197,24397.96,2,1,4,normal,
False,False,713,38627.45,3,0,2,normal,
False,False,58,39325.16,0,0,4,normal,
False,False,477,4445.05,2,0,4,normal,
False,False,224,25972.06,3,1,3,normal,
False,False,755,6965.43,2,0,3,normal,
False,False,1899,29683.44,0,0,3,normal,
False,False,1185,28676.94,4,1,3,normal,
False,False,813,35602.62,3,0,1,normal,
False,False,1320,32366.04,0,1,3,normal,
False,False,308,26519.17,0,1,4,normal,
False,False,1705,16592.13,1,0,2,normal,
False,False,4,147267.5,1,1,1,anomaly,new_account_large_order
False,False,16,32684.1,1,0,2,normal,
False,False,846,35598.76,3,0,5,normal,
False,False,1733,2615.53,3,1,2,normal,
False,False,83,7928.91,2,0,2,normal,
False,False,127,14226.43,3,0,3,normal,
False,False,498,7420.83,1,1,2,normal,
False,False,1672,1905.94,3,0,5,normal,
False,False,750,37272.22,4,0,4,normal,
False,False,409,2629.72,3,0,3,normal,
False,False,1478,37921.23,3,1,4,normal,
False,False,1797,39074.6,3,0,3,normal,
False,False,1319,7997.5,0,0,3,normal,
False,False,1649,17081.13,0,1,4,normal,
False,False,1888,8369.05,1,1,5,normal,
False,False,692,10475.52,1,1,3,normal,
False,False,532,35433.28,1,1,4,normal,
False,False,1770,39823.32,3,0,1,normal,
False,False,48,15862.88,3,1,1,normal,
False,False,1332,36273.4,1,0,3,normal,
False,False,1821,31608.12,0,0,1,normal,
False,False,577,13306.1,0,1,4,normal,
False,False,1213,12997.49,0,0,1,normal,
False,False,1709,29707.94,1,0,3,normal,
False,False,4,72166.19,1,0,2,anomaly,new_account_large_order
False,False,484,24265.68,0,1,1,normal,
False,False,443,30321.87,1,1,1,normal,
False,False,1234,5885.07,1,1,1,normal,
False,False,689,13694.93,0,1,2,normal,
False,False,585,10301.47,2,0,4,normal,
False,False,868,30062.47,3,1,4,normal,
False,False,231,25891.33,2,0,1,normal,
False,False,1891,12381.67,4,1,4,normal,
True,False,1696,38786.33,1,0,2,normal,
False,False,901,29479.53,1,1,4,normal,
False,False,1465,17013.93,2,0,2,normal,
False,False,1579,27581.92,3,0,4,normal,
True,False,282,11178.76,2,1,5,normal,
False,False,959,18524.07,2,1,5,normal,
False,False,1860,7540.75,2,1,2,normal,
False,False,1657,38957.25,2,1,1,normal,
False,False,1385,34826.45,4,1,3,normal,
False,False,279,34075.26,2,0,2,normal,
False,False,1542,22546.59,0,1,4,normal,
False,False,1939,12676.56,2,1,1,normal,
False,False,566,26942.96,1,0,4,normal,
False,True,648,117975.71,0,7,3,anomaly,failed_mpin_then_large_order
False,False,1488,35833.12,2,1,4,normal,
False,False,803,10175.28,0,0,5,normal,
False,False,469,31646.17,3,0,5,normal,
False,False,1510,7746.31,4,0,2,normal,
False,False,92,4345.89,4,1,4,normal,
False,False,1454,7454.52,1,1,1,normal,
False,False,795,34206.75,0,0,4,normal,
False,False,414,14296.41,3,1,4,normal,
False,False,101,35926.65,3,0,4,normal,
False,False,751,890.74,2,0,5,normal,
False,False,738,21056.08,2,0,5,normal,
False,False,360,1179.08,3,1,3,normal,
False,False,841,28156.22,1,1,5,normal,
False,False,691,14396.29,4,0,3,normal,
False,False,546,26302.66,0,1,4,normal,
False,False,1275,26082.71,0,1,5,normal,
False,False,1281,2538.9,1,1,4,normal,
False,False,1493,32429.58,1,1,1,normal,
False,False,883,33915.86,3,0,3,normal,
False,False,1602,19006.47,1,0,4,normal,
False,False,1408,5571.17,0,1,1,normal,
False,False,593,9407.11,1,1,5,normal,
False,False,1814,22641.9,3,0,2,normal,
False,False,584,10985.45,3,0,4,normal,
True,False,4,64897.16,1,0,1,anomaly,new_account_large_order
False,False,1413,20974.08,1,0,5,normal,
False,False,455,2905.38,1,1,2,normal,
False,False,1871,18020.71,0,1,5,normal,
False,False,474,4373.53,3,0,4,normal,
False,False,848,26696.33,3,0,2,normal,
False,False,250,5225.18,4,1,4,normal,
True,False,187,39237.08,4,1,4,normal,
False,False,365,12530.98,3,0,2,normal,
False,False,1727,11118.68,1,0,1,normal,
False,False,608,24078.42,1,0,3,normal,
False,False,872,24058.16,3,1,5,normal,
False,False,924,34136.59,0,0,5,normal,
False,False,1702,24251.78,3,0,1,normal,
False,False,1667,34672.84,1,0,1,normal,
False,False,130,741.71,4,0,1,normal,
False,False,1412,32842.31,2,1,4,normal,
False,False,1565,2721.4,1,1,1,normal,
False,False,57,39068.62,3,0,4,normal,
False,False,128,23713.48,0,0,1,normal,
False,False,56,26368.41,4,1,4,normal,
False,False,1742,37841.84,0,1,1,normal,
False,False,257,2386.1,3,1,1,normal,
False,False,1937,20898.35,4,1,1,normal,
False,False,1931,17284.47,0,1,4,normal,
False,False,841,28419.58,0,0,4,normal,
False,False,1572,8648.06,2,0,4,normal,
False,False,1378,4193.37,3,1,5,normal,
False,False,1209,14523.91,0,1,2,normal,
False,False,420,4055.54,4,0,3,normal,
False,False,791,23650.15,3,0,1,normal,
False,False,1931,1337.49,1,0,1,normal,
True,False,1613,12824.2,0,0,3,normal,
False,False,1968,27935.02,1,0,5,normal,
False,False,1122,4445.18,2,1,3,normal,
False,False,133,30987.56,1,1,2,normal,
True,False,1658,22335.43,4,0,1,normal,
False,False,1185,28320.54,1,1,5,normal,
True,False,1574,25725.66,3,1,1,normal,
False,False,1972,4864.14,3,0,5,normal,
False,False,527,10821.46,4,1,5,normal,
False,False,601,2295.09,4,0,2,normal,
False,False,1542,9613.49,4,0,5,normal,
False,False,102,4433.2,3,0,1,normal,
False,False,955,9179.25,0,1,2,normal,
False,False,374,8190.67,1,0,2,normal,
False,False,623,20339.61,4,0,2,normal,
False,False,1420,15860.7,0,1,4,normal,
False,False,21,12363.19,1,0,3,normal,
False,False,1423,31306.23,0,1,3,normal,
False,False,489,8837.7,1,0,1,normal,
False,False,784,5323.51,4,1,2,normal,
False,False,953,17524.73,1,0,4,normal,
False,False,863,27819.33,2,0,2,normal,
False,False,787,38116.22,0,0,5,normal,
False,False,907,18122.82,0,1,2,normal,
False,False,323,32478.71,2,1,1,normal,
False,False,798,12040.8,1,1,4,normal,
False,False,953,1397.04,2,1,4,normal,
False,False,1015,19509.17,4,0,3,normal,
False,False,1576,6225.55,3,1,1,normal,
False,True,1645,27462.65,2,0,2,normal,
False,False,1823,21835.63,0,1,1,normal,
False,False,677,23696.66,0,1,1,normal,
False,False,749,22732.91,4,1,3,normal,
False,False,949,20947.45,0,0,5,normal,
False,True,1249,22031.39,4,0,4,normal,
False,True,1043,18512.38,0,1,4,normal,
False,False,275,2325.7,4,0,5,normal,
False,False,193,25182.9,2,1,1,normal,
False,False,1985,28019.26,2,1,1,normal,
False,False,1755,37515.56,1,0,3,normal,
False,False,579,129720.06,0,6,1,anomaly,failed_mpin_then_large_order
False,False,1036,961.08,1,1,2,normal,
False,False,1326,3587.28,2,0,1,normal,
True,False,534,29002.96,0,1,1,normal,
False,False,218,14470.31,4,1,5,normal,
False,False,1467,19918.98,4,1,5,normal,
False,False,909,5779.7,2,0,5,normal,
False,False,475,1216.11,0,1,2,normal,
False,False,980,18255.53,2,0,2,normal,
False,False,908,5394.69,4,1,4,normal,
False,False,143,8385.34,18,1,2,anomaly,unusual_trading_velocity
False,False,449,6271.69,0,0,1,normal,
False,False,1185,17076.22,0,1,4,normal,
False,False,235,19137.71,0,1,4,normal,
False,False,1023,38168.48,4,0,4,normal,
False,False,1723,24672.33,3,1,4,normal,
False,False,1463,22631.3,2,0,1,normal,
False,False,1709,14859.46,3,0,1,normal,
False,False,123,9113.7,2,1,2,normal,
False,False,1908,31456.28,3,0,5,normal,
False,False,1355,11534.73,1,1,5,normal,
False,False,944,35533.15,2,0,4,normal,
False,False,722,30966.34,3,0,4,normal,
True,True,395,186186.92,0,1,1,anomaly,account_takeover
False,False,66,7505.33,3,0,2,normal,
False,False,58,18810.31,4,0,2,normal,
False,False,86,2196.06,14,0,2,anomaly,unusual_trading_velocity
False,False,1680,3935.83,0,0,2,normal,
False,False,1100,31715.77,0,1,3,normal,
False,False,728,36065.03,4,0,3,normal,
False,False,1197,6590.67,4,1,5,normal,
False,True,1378,12952.58,4,1,1,normal,
False,False,1850,5278.17,1,0,5,normal,
False,False,1869,19005.09,4,1,4,normal,
False,False,1677,26540.39,1,0,5,normal,
False,False,700,6416.75,3,0,1,normal,
False,False,1941,6014.87,1,0,5,normal,
False,False,1807,36377.89,4,1,2,normal,
False,False,1394,12851.93,0,0,1,normal,
True,False,870,35277.43,2,1,4,normal,
False,False,744,38281.85,4,0,5,normal,
False,False,1693,4581.53,2,0,3,normal,
False,True,778,20760.4,3,0,2,anomaly,impossible_location_change
False,False,656,35960.59,1,1,5,normal,
False,False,1040,32619.8,4,1,2,normal,
False,False,881,32767.81,0,0,4,normal,
False,False,446,19867.94,2,0,5,normal,
False,False,1437,31601.91,2,1,2,normal,
True,False,1760,17469.07,1,0,5,normal,
False,False,370,34584.49,4,0,5,normal,
False,False,376,12874.16,0,0,1,normal,
False,False,1541,7551.56,4,1,2,normal,
False,False,1576,13847.86,1,0,4,normal,
True,False,913,12212.02,0,1,5,normal,
False,False,1694,14791.65,2,1,4,normal,
False,False,1690,39908.5,2,1,3,normal,
False,False,0,50906.12,3,0,2,anomaly,new_account_large_order
False,False,39,30945.28,3,1,1,normal,
False,True,85,28275.25,0,1,3,normal,
False,False,685,32284.58,0,1,2,normal,
False,False,226,30254.62,4,0,1,normal,
False,False,281,1177.26,1,1,4,normal,
False,False,1137,4129.75,0,1,5,normal,
False,False,510,8754.94,1,0,1,normal,
True,False,1409,9729.65,3,0,5,normal,
False,False,560,9450.0,3,0,4,normal,
False,False,1399,12385.43,3,1,1,normal,
False,False,1313,37470.79,4,1,2,normal,
False,False,1214,30184.79,1,1,5,normal,
False,False,1801,3981.61,1,1,1,normal,
False,True,1146,17300.56,4,1,5,normal,
False,False,872,10392.37,1,0,1,normal,
True,True,591,97959.0,2,1,1,anomaly,account_takeover
False,False,59,34917.82,0,0,5,normal,
False,False,24,17655.98,2,1,4,normal,
False,False,1533,18022.2,1,0,2,normal,
False,False,1449,33708.58,1,1,1,normal,
False,False,643,33365.93,2,1,3,normal,
False,False,899,9528.89,0,1,2,normal,
False,False,289,20571.69,1,0,4,normal,
False,False,1727,28462.86,1,1,3,normal,
False,False,193,1129.24,2,0,4,normal,
False,False,1611,22555.29,1,0,2,normal,
False,False,1572,17696.52,2,0,1,normal,
False,False,1927,39597.91,0,0,4,normal,
False,False,323,5757.92,4,0,3,normal,
False,False,966,15905.86,3,0,2,normal,
True,False,748,22002.81,1,1,4,normal,
False,False,684,15021.91,4,1,5,normal,
False,False,1552,1725.68,1,0,1,normal,
False,False,32,11203.0,0,0,1,normal,
False,False,522,39331.92,0,0,1,normal,
False,False,906,4424.78,2,0,4,normal,
False,False,1262,23556.39,4,1,2,normal,
False,False,1305,36185.09,4,1,5,normal,
False,False,1015,15114.06,0,0,4,normal,
False,False,585,1913.35,4,1,4,normal,
False,False,605,12016.9,1,0,5,normal,
False,False,1842,8807.22,4,0,1,normal,
False,False,1810,2222.97,2,0,4,normal,
False,False,1008,8828.79,4,1,4,normal,
False,False,1752,33379.79,2,1,5,normal,
False,False,318,6947.56,0,0,3,normal,
True,False,1895,3893.99,1,0,3,normal,
False,False,388,7215.47,1,1,5,normal,
False,False,1800,11218.22,2,0,4,normal,
False,False,1561,16535.35,2,0,1,normal,
False,False,1843,35246.56,3,0,5,normal,
False,False,1370,5862.38,4,1,1,normal,
False,False,822,39633.64,1,1,5,normal,
False,False,1526,31480.0,2,0,4,normal,
False,False,206,3534.67,0,1,3,normal,
False,False,339,5843.2,3,1,5,normal,
False,False,1850,30821.13,4,1,4,normal,
False,False,735,16226.89,2,0,2,normal,
False,False,572,18091.54,2,1,5,normal,
False,False,1857,14072.31,2,0,3,normal,
True,False,1730,19880.33,0,0,1,normal,
False,False,491,24279.93,3,1,1,normal,
False,False,615,12630.38,4,0,2,normal,
False,False,1302,15608.24,2,0,3,normal,
False,False,345,2352.15,4,1,5,normal,
False,False,839,19581.3,4,0,5,normal,
False,False,1200,2444.86,2,1,3,normal,
False,False,1962,26414.18,4,1,2,normal,
False,False,1731,6873.98,0,0,2,normal,
False,False,471,39577.77,2,1,1,normal,
False,False,1625,26422.38,4,1,1,normal,
False,False,1599,6249.77,0,1,3,normal,
False,False,554,19258.15,4,1,5,normal,
False,False,1766,34327.73,3,0,4,normal,
False,False,1151,9752.06,3,0,2,normal,
False,False,1645,9305.0,4,1,1,normal,
False,False,625,24459.35,2,1,4,normal,
False,True,575,1355.73,4,1,4,normal,
False,False,371,14540.04,2,1,5,normal,
False,False,736,15605.37,2,0,5,normal,
False,False,1090,23311.42,2,1,1,normal,
False,False,204,33815.12,1,0,2,normal,
False,False,124,14974.3,4,1,1,normal,
False,False,1094,26449.17,1,1,2,normal,
False,False,1962,24264.78,2,0,5,normal,
False,False,934,13096.92,2,0,1,normal,
False,False,301,22111.37,2,0,1,normal,
False,False,1744,29314.49,0,1,4,normal,
True,False,662,603.84,2,1,2,normal,
False,False,1712,12766.31,3,1,3,normal,
False,False,286,18968.98,2,0,4,normal,
False,False,1898,4465.71,0,1,5,normal,
False,False,390,14948.82,1,1,1,normal,
False,True,670,23946.54,0,0,4,anomaly,impossible_location_change
True,False,1510,1757.73,2,1,2,normal,
False,False,1426,26576.59,3,0,4,normal,
False,False,1581,15598.34,1,0,3,normal,
False,False,20,715.05,3,1,5,normal,
False,False,1477,39860.01,2,0,5,normal,
False,False,1417,16360.8,1,1,3,normal,
False,False,1926,25737.87,4,0,3,normal,
False,False,913,16175.99,2,1,2,normal,
False,False,1311,18706.98,3,1,2,normal,
False,False,1158,13521.02,0,1,3,normal,
False,False,1371,13382.75,0,1,2,normal,
False,False,1351,23482.45,0,1,4,normal,
False,False,131,32270.27,3,0,2,normal,
False,False,1910,5383.09,3,0,2,normal,
False,False,340,29379.21,2,0,1,normal,
False,False,659,4337.33,1,0,3,normal,
False,False,145,9043.12,0,1,4,normal,
False,False,1436,37791.54,3,0,1,normal,
False,False,99,5016.35,2,0,4,normal,
False,False,841,33673.47,4,0,5,normal,
False,False,902,35981.97,4,1,4,normal,
False,False,124,9620.87,4,0,1,normal,
True,True,707,177164.39,1,0,1,anomaly,account_takeover
False,False,1474,19296.77,1,1,2,normal,
False,False,1168,36430.84,1,1,2,normal,
False,False,326,22355.27,4,0,3,normal,
False,False,1307,12708.12,1,0,2,normal,
False,False,115,16959.27,1,0,5,normal,
False,False,1134,13339.47,4,0,5,normal,
False,False,91,14940.06,1,0,5,normal,
False,False,1388,5142.95,3,0,5,normal,
False,False,1703,33646.17,4,1,4,normal,
False,False,485,12651.21,1,0,5,normal,
False,False,446,4412.36,3,0,2,normal,
False,False,736,25979.45,0,1,4,normal,
False,False,772,27053.93,2,0,4,normal,
False,False,8,39181.74,3,1,1,normal,
False,False,617,14979.67,2,0,4,normal,
False,False,655,17218.25,2,1,5,normal,
False,False,1414,30929.22,2,1,3,normal,
False,False,1847,13542.49,2,0,4,normal,
False,False,859,15395.91,3,0,5,normal,
False,False,586,16172.78,2,1,2,normal,
True,False,1931,12358.1,1,1,4,normal,
False,False,25,31785.77,2,1,1,normal,
False,False,1366,19493.81,1,1,3,normal,
False,False,1396,11853.03,4,1,4,normal,
False,False,814,14801.01,0,1,5,normal,
False,False,230,4045.95,4,1,2,normal,
False,False,154,27227.98,1,0,5,normal,
False,False,1829,15500.45,1,1,1,normal,
False,False,1583,36061.15,1,0,5,normal,
False,False,104,9890.72,0,1,1,normal,
False,False,110,9280.71,3,0,5,normal,
True,False,1586,19472.84,1,0,4,normal,
False,False,34,36246.99,3,1,3,normal,
False,False,1029,2226.64,0,0,1,normal,
False,False,1075,12324.08,2,0,2,normal,
False,False,1335,11530.26,2,0,3,normal,
False,False,106,12502.62,2,1,5,normal,
False,False,691,9442.01,0,1,3,normal,
True,True,648,61421.56,0,1,1,anomaly,account_takeover
False,False,1783,26407.9,1,0,2,normal,
False,False,955,19008.27,0,1,1,normal,
False,False,898,18958.85,0,0,1,normal,
False,False,975,37752.12,1,1,4,normal,
False,False,1498,20454.74,0,0,4,normal,
False,False,208,39869.68,2,0,2,normal,
False,False,1632,29010.16,1,1,4,normal,
False,False,491,28473.74,2,1,5,normal,
False,False,754,8233.97,3,1,5,normal,
False,False,1931,29664.97,4,0,2,normal,
False,False,1665,14764.56,4,0,3,normal,
False,False,1294,26736.54,1,0,3,normal,
False,False,464,26360.7,0,0,3,normal,
True,False,1359,27612.74,0,1,1,normal,
False,False,1951,16129.83,4,1,3,normal,
False,False,636,15775.06,0,0,4,normal,
False,False,1636,1015.98,2,1,2,normal,
False,False,576,16678.39,0,1,1,normal,
False,False,1848,36340.23,3,1,5,normal,
False,False,504,23422.74,2,0,5,normal,
False,False,1804,9886.99,2,1,5,normal,
False,False,794,3945.63,0,0,5,normal,
False,False,717,16943.82,2,0,3,normal,
True,False,1444,35872.31,4,0,1,normal,
False,False,1764,8900.82,4,0,4,normal,
False,False,645,5509.14,3,1,4,normal,
False,False,220,16914.98,4,0,3,normal,
False,False,1058,12385.88,0,1,4,normal,
False,False,1584,25013.45,0,1,4,normal,
False,False,600,1810.05,2,1,5,normal,
True,False,706,98811.87,3,5,3,anomaly,failed_mpin_then_large_order
False,False,1981,12368.15,0,1,1,normal,
True,False,713,26232.37,2,1,5,normal,
False,False,679,26433.68,4,0,2,normal,
False,False,1086,29268.93,2,1,1,normal,
False,False,21,20322.56,1,1,2,normal,
False,False,201,18669.53,0,1,4,normal,
False,False,551,26593.62,2,0,1,normal,
False,False,819,4882.39,2,1,2,normal,
False,False,1667,28899.14,1,1,3,normal,
False,False,1754,12009.36,1,0,2,normal,
False,False,439,13662.84,1,0,4,normal,
False,False,1324,28689.94,2,1,3,normal,
False,False,332,17008.95,3,1,5,normal,
False,False,1658,1319.0,1,1,2,normal,
False,False,775,5988.53,1,1,1,normal,
True,False,1812,16860.3,17,0,1,anomaly,unusual_trading_velocity
False,False,1316,39793.79,3,0,2,normal,
False,False,390,20048.93,2,0,2,normal,
False,False,1953,10406.28,1,1,1,normal,
False,False,1012,18702.75,2,0,2,normal,
False,False,1667,31333.44,4,1,4,normal,
True,False,1218,19895.56,3,1,2,normal,
False,False,695,33379.95,3,1,3,normal,
False,False,142,19624.77,3,0,1,normal,
True,True,32,176409.54,0,1,1,anomaly,account_takeover
False,False,109,36997.94,3,1,5,normal,
False,False,437,27985.27,4,0,1,normal,
False,False,785,1879.84,4,0,4,normal,
False,False,217,7035.79,2,1,4,normal,
False,False,240,26722.83,1,1,1,normal,
False,False,282,14290.0,3,0,1,normal,
False,True,1659,20935.27,0,0,3,normal,
False,False,262,15700.63,4,0,2,normal,
False,False,1075,24343.43,1,1,4,normal,
False,False,1022,11821.66,2,1,2,normal,
False,False,1363,21838.21,2,0,3,normal,
False,False,170,39820.02,4,0,1,normal,
False,False,100,11090.11,1,1,1,normal,
False,False,1701,30182.33,4,1,1,normal,
False,False,1156,7136.68,2,0,3,normal,
False,True,190,36321.76,4,1,2,normal,
False,False,1504,18883.73,0,1,1,normal,
False,False,1384,7076.1,1,1,2,normal,
True,False,606,1791.46,1,1,2,normal,
False,False,1434,37865.98,3,0,4,normal,
False,False,220,24929.02,0,0,2,normal,
False,False,977,23308.98,2,0,1,normal,
True,False,1439,1913.92,2,0,1,normal,
False,False,1004,37329.76,1,1,1,normal,
False,False,1825,39339.68,1,0,1,normal,
False,False,945,25823.7,3,1,1,normal,
True,True,1451,9151.84,1,0,4,anomaly,impossible_location_change
False,False,190,3071.54,0,0,4,normal,
False,False,218,20700.95,4,1,4,normal,
False,False,1454,36807.75,0,1,4,normal,
False,False,32,11907.29,3,1,3,normal,
False,False,1069,18786.47,4,1,1,normal,
False,False,1611,12089.17,4,1,2,normal,
False,False,1674,16951.55,1,1,2,normal,
False,False,1018,21114.14,4,0,2,normal,
False,True,1423,3286.65,4,0,1,normal,
False,False,1181,2538.99,2,0,3,normal,
False,False,1761,36463.51,3,1,1,normal,
False,False,637,11135.18,1,1,2,normal,
False,False,1696,30789.5,0,0,5,normal,
False,False,171,19957.73,2,0,5,normal,
False,False,169,35465.55,0,0,2,normal,
False,False,1384,34066.02,0,0,4,normal,
False,False,598,29765.57,0,1,2,normal,
False,False,52,25524.87,4,1,2,normal,
False,False,812,21389.28,1,0,1,normal,
False,False,254,25848.45,3,1,3,normal,
False,False,695,14421.35,2,1,2,normal,
False,False,1258,18119.69,0,0,3,normal,
False,False,1380,39795.8,2,1,1,normal,
True,False,1850,2869.88,3,0,2,normal,
True,True,1395,36843.15,2,1,3,anomaly,impossible_location_change
False,True,1704,15902.93,0,0,3,normal,
False,False,919,11527.43,2,0,1,normal,
False,False,495,7016.74,4,1,5,normal,
True,False,1549,6710.46,2,1,2,normal,
False,False,879,18064.75,0,0,4,normal,
False,False,1069,15066.32,4,0,5,normal,
False,False,1410,16262.27,3,1,4,normal,
False,False,789,8996.93,3,0,2,normal,
False,False,984,29480.82,4,1,4,normal,
False,False,1006,538.66,2,1,5,normal,
False,False,73,16039.04,2,0,4,normal,
False,False,1142,13941.23,1,0,5,normal,
False,False,1003,25606.35,3,0,1,normal,
False,False,38,28280.46,1,1,2,normal,
False,False,444,30264.87,1,0,5,normal,
False,False,460,12362.72,0,0,1,normal,
False,False,1080,3000.83,1,1,5,normal,
False,False,1590,30753.82,4,0,5,normal,
False,False,52,17840.84,4,1,5,normal,
False,False,675,16446.16,0,0,4,normal,
False,False,1138,38796.95,2,1,1,normal,
False,False,1557,23794.19,4,0,4,normal,
False,False,381,19759.43,2,1,4,normal,
False,False,1351,4813.94,0,1,4,normal,
False,False,701,8410.41,3,0,2,normal,
False,False,1015,37149.5,3,0,4,normal,
False,False,1534,36047.97,3,0,2,normal,
False,False,395,2986.51,1,1,4,normal,
False,False,390,18108.12,2,1,4,normal,
True,False,1763,17163.53,2,0,3,normal,
False,False,1205,31386.67,2,1,4,normal,
False,False,1171,30332.13,1,0,2,normal,
False,False,311,17348.22,0,1,5,normal,
False,False,126,13801.09,4,1,3,normal,
False,True,564,15906.68,4,1,2,normal,
True,False,548,39625.98,4,1,3,normal,
True,False,1500,30083.02,4,0,2,normal,
False,False,116,22200.28,1,1,1,normal,
False,True,73,11319.31,3,0,3,normal,
False,False,1487,6194.14,1,0,4,normal,
False,False,220,34136.75,1,1,2,normal,
False,False,1520,28549.76,1,1,2,normal,
False,False,767,4325.82,2,0,5,normal,
False,False,685,39383.88,3,0,3,normal,
True,False,1181,22444.01,0,1,4,normal,
False,False,320,21579.46,1,0,1,normal,
False,False,1512,17329.31,14,1,1,anomaly,unusual_trading_velocity
False,False,212,3393.8,1,1,2,normal,
False,False,1953,12608.96,3,1,2,normal,
False,False,1785,16588.98,1,0,3,normal,
False,False,1509,2885.96,3,0,4,normal,
False,False,1706,14660.62,3,1,1,normal,
False,True,678,24425.45,2,0,1,normal,
False,False,1297,25281.45,1,0,2,normal,
False,False,921,25266.05,1,1,3,normal,
False,False,1363,25191.09,3,0,1,normal,
False,False,1950,21742.11,3,1,4,normal,
False,False,400,4053.68,4,1,2,normal,
False,False,842,14742.22,4,1,3,normal,
False,False,1575,38188.24,3,1,3,normal,
False,False,1833,17527.67,2,1,1,normal,
False,False,1765,27999.22,0,0,2,normal,
False,False,342,5984.83,3,0,1,normal,
False,True,866,24308.34,3,0,3,normal,
False,False,1877,20251.82,0,0,2,normal,
False,False,898,18032.2,4,0,5,normal,
False,False,404,2267.52,0,1,4,normal,
False,False,895,32377.07,1,1,2,normal,
False,False,1512,18612.21,0,0,4,normal,
False,False,176,14638.79,2,1,5,normal,
False,False,911,15251.97,3,1,5,normal,
True,False,871,33637.75,0,1,2,normal,
False,False,453,12370.5,0,0,5,normal,
False,False,1480,16265.51,0,0,5,normal,
False,False,1685,14487.13,0,0,1,normal,
False,False,534,5221.29,0,0,3,normal,
True,False,1758,11458.21,4,1,1,normal,
True,False,282,1490.47,16,0,3,anomaly,unusual_trading_velocity
True,False,1412,25239.23,1,0,5,normal,
False,False,1238,16172.89,4,1,2,normal,
False,False,1978,24215.96,1,0,2,normal,
False,False,1201,26420.51,1,1,5,normal,
False,False,1841,31867.23,0,1,2,normal,
False,False,1299,32785.31,1,0,3,normal,
False,False,173,4611.83,1,0,1,normal,
False,False,505,887.54,1,0,1,normal,
False,False,1383,7652.18,0,0,5,normal,
False,False,1592,30867.35,4,0,4,normal,
False,False,1459,23479.81,2,1,1,normal,
False,False,110,35935.67,0,1,4,normal,
False,False,342,30734.16,4,1,5,normal,
False,False,704,9346.43,4,1,4,normal,
False,False,1743,34648.41,1,0,5,normal,
False,False,143,31111.16,0,1,4,normal,
False,False,976,23192.95,2,0,2,normal,
False,False,815,5167.77,1,0,4,normal,
False,False,1374,34896.53,3,1,2,normal,
False,False,1452,20044.0,3,1,2,normal,
False,False,1079,18291.56,1,0,5,normal,
False,False,512,26835.46,4,1,5,normal,
False,False,1867,18398.58,4,0,1,normal,
False,False,590,12280.93,2,1,2,normal,
False,False,1484,24979.56,3,0,2,normal,
False,False,19,29108.56,4,1,2,normal,
False,False,1210,24999.15,2,1,1,normal,
True,True,645,24607.63,1,0,2,normal,
False,False,827,22592.65,1,0,4,normal,
False,False,1597,23349.74,1,0,5,normal,
False,False,1375,11951.23,3,0,2,normal,
False,False,992,3865.26,4,0,2,normal,
False,False,375,9315.81,4,0,4,normal,
False,False,1607,13742.02,1,1,5,normal,
False,False,1823,16983.79,0,0,3,normal,
False,False,206,11224.19,3,1,4,normal,
True,False,936,11685.43,2,0,3,normal,
False,False,1392,34755.52,3,0,4,normal,
False,False,774,38166.9,3,0,1,normal,
False,False,701,14448.5,4,1,2,normal,
False,False,659,30990.01,2,0,1,normal,
False,False,1956,26935.92,4,1,1,normal,
False,False,1751,20745.83,1,0,2,normal,
False,False,1216,1925.96,1,0,2,normal,
False,False,1952,37780.28,0,1,5,normal,
False,False,958,26306.39,1,1,4,normal,
False,True,1567,2897.56,2,1,2,normal,
False,False,237,38211.37,1,1,2,normal,
False,False,1695,26634.62,3,0,5,normal,
False,False,953,10515.37,4,1,1,normal,
False,False,1706,5347.02,4,1,4,normal,
True,False,252,13716.48,0,0,5,normal,
False,False,1516,21133.87,4,1,5,normal,
False,False,592,27259.25,4,1,3,normal,
False,False,1885,35629.9,0,0,1,normal,
False,False,1013,10676.29,1,1,2,normal,
False,False,1757,21053.49,0,0,5,normal,
False,False,1846,31854.23,1,1,4,normal,
False,False,716,14367.04,1,1,2,normal,
False,False,1791,31543.08,2,1,4,normal,
False,False,633,22960.86,0,0,2,normal,
False,False,1698,7616.63,3,0,5,normal,
False,False,1960,21279.35,4,0,4,normal,
False,False,1498,32738.8,2,1,1,normal,
True,False,1028,6045.3,21,0,2,anomaly,unusual_trading_velocity
False,False,784,2538.28,2,0,5,normal,
False,False,1165,8996.11,2,1,2,normal,
False,False,1434,14047.12,1,1,3,normal,
False,False,1845,25585.61,4,1,4,normal,
True,True,280,5721.52,3,0,4,anomaly,impossible_location_change
False,False,1115,4188.76,4,0,2,normal,
False,False,1403,14890.06,2,1,4,normal,
True,False,1,71929.69,1,0,3,anomaly,new_account_large_order
False,False,1241,23158.13,3,0,3,normal,
False,False,1102,25713.39,3,1,5,normal,
False,False,1000,31909.17,0,0,4,normal,
False,False,1010,36959.52,4,0,1,normal,
False,True,1175,39166.79,2,1,1,normal,
False,False,1419,18204.44,2,1,4,normal,
False,False,371,4392.57,0,1,2,normal,
True,False,1,80104.81,3,1,1,anomaly,new_account_large_order
False,False,233,10002.22,3,0,3,normal,
False,False,1014,27047.77,3,1,5,normal,
False,False,1191,6453.83,2,1,2,normal,
False,False,592,28594.8,4,0,4,normal,
False,False,972,9671.16,3,1,1,normal,
False,False,1211,771.76,3,1,5,normal,
False,False,1821,29873.62,2,1,5,normal,
False,False,213,24595.85,4,1,5,normal,
False,False,1680,9564.18,4,1,4,normal,
False,False,412,25371.75,2,1,5,normal,
False,False,1004,17018.07,3,1,4,normal,
True,False,282,35357.0,2,1,3,normal,
False,False,672,11996.72,3,0,4,normal,
False,False,975,36231.81,2,0,1,normal,
False,True,688,37049.07,4,1,5,normal,
False,False,535,32547.15,4,0,1,normal,
False,False,844,20689.31,0,1,4,normal,
False,False,69,2867.33,3,0,2,normal,
False,False,1336,4489.53,2,1,1,normal,
False,False,1496,14230.94,0,0,5,normal,
False,False,1244,34394.16,0,1,5,normal,
False,False,1477,38202.82,2,0,4,normal,
False,False,1152,15378.83,2,0,5,normal,
False,False,569,10326.24,2,0,4,normal,
False,False,730,12800.43,0,1,1,normal,
False,False,1456,16646.06,2,0,1,normal,
False,False,1489,10165.5,2,1,4,normal,
False,False,532,31992.16,1,0,2,normal,
False,False,636,31257.74,0,1,4,normal,
False,False,906,14136.8,2,1,5,normal,
False,False,1142,9784.53,2,1,3,normal,
False,False,990,3036.52,1,0,3,normal,
False,False,921,36568.82,4,0,2,normal,
False,False,769,1007.63,1,0,4,normal,
False,False,1020,33999.42,2,1,2,normal,
False,False,1974,34370.67,4,1,2,normal,
False,False,293,32188.65,2,0,3,normal,
False,False,1512,3484.33,0,0,5,normal,
False,False,788,19176.12,3,0,1,normal,
False,False,452,30298.24,0,0,5,normal,
True,False,912,30652.4,4,0,2,normal,
False,False,1604,6296.02,4,0,4,normal,
False,False,1424,39346.26,3,1,1,normal,
False,False,1100,8969.74,4,0,4,normal,
False,False,742,739.81,0,1,5,normal,
False,False,889,29518.88,4,0,1,normal,
False,False,370,27409.93,2,0,5,normal,
True,False,1457,3098.26,1,0,3,normal,
False,False,828,911.67,2,0,1,normal,
False,False,1427,16203.41,1,1,4,normal,
False,False,722,37418.87,3,0,1,normal,
False,False,1290,25530.42,0,1,4,normal,
False,False,1301,29696.1,4,0,5,normal,
False,False,509,23236.7,0,1,2,normal,
False,False,1509,31595.1,3,1,4,normal,
False,False,132,24743.31,4,0,3,normal,
True,False,198,24078.52,2,1,1,normal,
False,False,351,18828.59,3,1,4,normal,
True,False,60,99297.34,1,0,1,anomaly,account_takeover
False,False,480,13768.93,2,0,3,normal,
False,False,1820,30346.84,1,1,3,normal,
False,False,347,19206.28,0,1,4,normal,
False,False,617,20021.39,3,0,3,normal,
False,False,455,25411.64,2,0,4,normal,
False,False,642,10389.71,1,0,3,normal,
False,False,908,39510.19,4,1,1,normal,
False,False,934,16107.75,2,0,4,normal,
False,False,437,19240.31,4,1,4,normal,
False,False,1497,24295.42,1,0,3,normal,
False,False,1283,26833.38,2,1,2,normal,
False,False,1514,24243.31,3,1,2,normal,
False,False,1059,19878.71,0,0,2,normal,
False,False,1511,8228.89,2,0,2,normal,
False,False,1328,18789.58,3,0,2,normal,
False,False,1786,13941.29,0,1,5,normal,
False,False,844,5108.7,0,0,3,normal,
False,False,1593,22836.25,3,1,1,normal,
False,False,1633,3852.26,1,1,3,normal,
False,False,1765,16584.3,4,0,1,normal,
False,False,1206,3030.94,1,0,4,normal,
False,False,1465,35259.84,0,1,1,normal,
False,False,573,17133.54,3,0,3,normal,
False,False,1439,27489.5,1,1,2,normal,
True,False,781,38513.02,1,0,5,normal,
False,False,1615,1977.1,1,0,4,normal,
False,False,1114,8525.87,4,1,3,normal,
False,False,430,17305.44,1,1,5,normal,
False,False,1588,11338.49,0,0,5,normal,
False,False,1208,36710.22,0,0,4,normal,
False,False,443,4722.08,0,1,5,normal,
False,False,312,14680.98,3,0,5,normal,
False,False,1360,27380.29,0,0,5,normal,
False,False,1769,17181.4,1,1,1,normal,
False,False,174,6703.76,1,0,2,normal,
False,False,1921,21910.57,2,0,2,normal,
False,False,209,22115.86,0,1,3,normal,
False,False,1996,11115.75,4,1,1,normal,
True,False,1174,39832.85,4,1,3,normal,
False,False,1420,27565.28,2,0,2,normal,
False,False,1914,39385.7,4,1,5,normal,
False,False,1483,10059.44,3,0,2,normal,
False,False,1453,836.68,3,1,2,normal,
False,False,1630,9311.92,2,0,2,normal,
False,False,1842,11044.82,2,1,1,normal,
False,False,1973,26372.45,3,0,2,normal,
False,False,1577,19707.7,1,0,2,normal,
True,False,4,148145.36,3,0,1,anomaly,new_account_large_order
False,False,1972,25897.46,0,1,5,normal,
False,False,1178,32495.49,0,1,1,normal,
False,False,1105,24759.32,1,0,2,normal,
False,False,765,14472.06,1,0,3,normal,
False,False,669,8969.1,4,1,3,normal,
False,False,743,11457.13,4,1,1,normal,
False,False,1761,17377.28,2,0,1,normal,
False,False,598,23543.17,0,0,2,normal,
True,False,156,177469.78,3,4,2,anomaly,failed_mpin_then_large_order
False,False,1985,20875.51,2,0,3,normal,
False,False,1072,7780.3,3,1,2,normal,
False,False,1418,10740.39,3,0,1,normal,
False,False,576,37977.27,2,1,2,normal,
False,False,1399,23749.3,4,0,3,normal,
False,False,1676,10253.53,2,1,4,normal,
False,False,139,22732.32,2,0,1,normal,
False,False,421,11414.05,3,0,1,normal,
False,False,772,7487.36,4,0,5,normal,
False,False,525,17216.62,4,1,2,normal,
False,False,600,27423.8,2,1,2,normal,
False,False,921,20468.7,0,1,4,normal,
False,False,959,33290.23,3,1,5,normal,
False,False,379,4485.41,4,0,2,normal,
False,False,1875,14319.62,3,0,4,normal,
False,False,1422,39629.0,2,1,1,normal,
False,False,1458,7999.45,1,0,5,normal,
False,False,1703,32601.96,1,0,1,normal,
False,False,425,29033.81,2,1,2,normal,
False,False,1381,12475.5,1,1,2,normal,
False,False,363,37205.34,2,1,4,normal,
False,False,655,4391.79,4,0,2,normal,
False,False,1917,3079.52,2,0,2,normal,
False,False,192,24792.83,4,1,4,normal,
False,False,1350,630.21,3,1,1,normal,
False,True,1801,35428.96,0,0,3,normal,
False,False,1325,21519.56,4,0,4,normal,
False,False,1416,12117.32,4,0,4,normal,
False,False,818,23647.66,2,1,3,normal,
False,False,1773,6346.06,4,1,4,normal,
False,False,935,33903.7,3,0,3,normal,
False,False,1780,1152.38,2,0,4,normal,
False,False,1901,9651.15,2,0,1,normal,
False,False,114,16306.23,0,0,1,normal,
False,False,1299,26465.87,1,1,1,normal,
False,False,1881,17874.9,1,1,5,normal,
False,False,246,27671.37,4,0,5,normal,
False,False,1896,33742.95,1,1,5,normal,
False,False,295,9823.63,4,0,5,normal,
False,True,1830,12154.93,2,0,2,anomaly,impossible_location_change
False,False,1689,19485.76,2,1,2,normal,
False,False,947,23846.85,4,1,4,normal,
False,False,954,34247.06,3,0,5,normal,
False,False,1245,25321.97,1,0,2,normal,
False,False,828,31651.13,4,0,5,normal,
False,False,1640,10898.23,4,1,5,normal,
True,True,291,7115.34,0,1,3,anomaly,impossible_location_change
True,True,119,78011.11,3,0,1,anomaly,account_takeover
False,False,1939,39962.4,3,0,3,normal,
False,False,1649,31057.78,4,1,1,normal,
False,False,1733,18568.47,2,0,2,normal,
False,False,704,39877.39,0,1,4,normal,
False,False,1755,3773.7,0,0,1,normal,
False,False,1566,19454.17,0,0,5,normal,
False,False,781,35651.53,3,0,5,normal,
False,False,734,38530.46,3,1,3,normal,
False,False,1555,18953.06,1,1,5,normal,
False,False,1963,37193.01,3,0,1,normal,
False,False,1511,27695.69,1,0,1,normal,
False,False,1145,23480.88,0,1,5,normal,
False,False,1036,5975.34,2,1,5,normal,
True,True,675,107584.89,0,0,1,anomaly,account_takeover
False,False,575,27583.57,3,1,1,normal,
False,False,429,33075.08,3,0,4,normal,
False,False,1345,18230.92,4,0,1,normal,
True,True,1723,85834.08,0,1,1,anomaly,account_takeover
False,False,409,13261.51,2,0,1,normal,
False,True,32,25345.74,0,0,1,normal,
False,False,764,15449.92,3,1,3,normal,
False,False,1359,30220.16,4,1,4,normal,
False,False,1536,10075.72,0,0,5,normal,
False,False,17,38300.75,2,0,5,normal,
True,False,799,16988.03,3,1,2,normal,
False,False,1338,27401.7,0,1,4,normal,
False,False,143,11066.69,3,0,3,normal,
False,False,1650,13073.01,2,1,4,normal,
False,False,720,27256.8,4,1,3,normal,
False,False,1209,33478.76,1,1,1,normal,
False,False,1359,17244.74,2,1,5,normal,
True,False,1645,8151.19,0,1,2,normal,
False,False,19,38363.67,4,0,5,normal,
False,False,213,3964.86,1,0,1,normal,
False,False,1884,35577.16,2,0,2,normal,
False,False,1649,25923.94,2,0,1,normal,
False,False,1738,38577.99,0,1,1,normal,
False,False,1932,21860.33,4,1,4,normal,
False,False,1408,27053.31,1,0,1,normal,
False,False,1953,33239.01,0,1,3,normal,
True,False,997,18229.01,1,1,4,normal,
False,False,1654,37953.97,3,0,3,normal,
False,False,972,16109.11,2,0,5,normal,
False,False,741,24879.28,0,0,4,normal,
False,False,1706,10155.43,4,0,5,normal,
False,False,1552,38676.76,3,1,1,normal,
False,False,1739,13350.94,0,0,3,normal,
False,False,1429,13717.05,2,0,3,normal,
False,False,1765,36175.73,1,0,1,normal,
True,False,219,28297.58,4,1,3,normal,
False,True,631,8777.5,1,1,2,anomaly,impossible_location_change
False,False,1728,16404.24,2,0,1,normal,
True,False,161,56320.65,2,0,1,anomaly,account_takeover
False,False,1804,36005.03,4,0,1,normal,
False,False,227,23187.89,2,1,4,normal,
False,False,1207,6592.52,3,0,5,normal,
False,False,1505,36828.7,2,1,5,normal,
False,False,1920,6318.28,0,0,4,normal,
False,False,1516,23528.42,1,1,2,normal,
False,False,822,19723.95,3,0,2,normal,
False,False,118,28205.37,4,0,4,normal,
False,False,1540,15606.59,3,0,1,normal,
True,False,380,14282.88,4,1,4,normal,
True,False,225,15816.08,3,1,4,normal,
True,False,1098,4273.23,0,0,4,normal,
False,False,946,26819.03,2,1,4,normal,
False,False,1609,27878.17,4,0,1,normal,
False,False,1026,15010.2,4,1,1,normal,
False,False,755,22508.77,3,0,3,normal,
True,False,605,39093.78,3,0,3,normal,
False,False,1816,16572.4,1,0,4,normal,
False,False,6,58299.6,2,1,2,anomaly,new_account_large_order
False,False,557,3370.06,1,0,5,normal,
False,False,1039,1762.82,0,1,4,normal,
False,False,894,39709.91,1,1,4,normal,
False,False,615,37089.76,3,1,5,normal,
False,False,1126,9979.9,0,0,4,normal,
False,False,1795,18288.2,3,0,2,normal,
False,False,257,6933.88,1,0,4,normal,
False,False,235,13866.14,1,1,4,normal,
False,False,305,34516.83,0,1,5,normal,
False,False,1492,15247.51,1,1,5,normal,
False,False,499,18326.03,2,1,4,normal,
False,True,1298,17066.55,3,0,2,anomaly,impossible_location_change
False,False,1997,14951.37,4,1,2,normal,
False,False,403,18060.82,1,0,3,normal,
False,False,318,26100.61,2,1,1,normal,
True,False,731,156169.42,0,5,3,anomaly,failed_mpin_then_large_order
False,False,1070,35453.8,3,1,5,normal,
False,False,235,26195.16,2,0,1,normal,
False,False,242,36872.49,0,0,5,normal,
False,False,556,7806.97,3,1,3,normal,
False,False,1383,34779.51,3,1,1,normal,
False,False,842,10362.31,3,0,5,normal,
False,False,311,7648.76,4,0,3,normal,
False,False,764,27234.49,3,1,3,normal,
False,False,1618,17585.86,4,0,3,normal,
False,False,635,24384.04,1,0,5,normal,
False,False,517,6470.5,2,0,5,normal,
False,True,196,11797.33,4,0,3,normal,
False,False,1160,34631.35,1,0,3,normal,
False,False,825,24936.47,4,0,5,normal,
False,False,1436,3542.88,1,1,5,normal,
False,False,1011,28815.48,1,1,4,normal,
False,False,1430,32315.35,1,0,3,normal,
False,False,396,39993.07,1,0,1,normal,
False,False,1825,22887.97,2,0,1,normal,
False,False,1256,7191.02,2,1,1,normal,
False,False,1411,7959.72,1,0,2,normal,
False,False,1271,5366.26,1,0,2,normal,
False,False,1502,3913.5,2,0,2,normal,
False,False,1706,22290.38,2,1,3,normal,
False,False,874,34789.64,0,1,5,normal,
False,False,524,9989.13,0,1,2,normal,
False,False,1181,38189.04,0,0,4,normal,
False,False,1913,27406.79,3,1,1,normal,
False,False,715,39512.24,2,1,3,normal,
False,False,1501,6021.7,2,1,1,normal,
False,False,1312,9502.76,1,1,2,normal,
False,False,1495,33275.71,4,1,3,normal,
False,False,968,11904.35,4,1,4,normal,
True,False,1190,15732.53,4,1,4,normal,
False,False,920,32443.34,3,0,5,normal,
False,False,1949,34323.71,4,1,3,normal,
False,False,621,20944.62,1,0,1,normal,
False,False,1107,12291.27,1,0,4,normal,
False,False,547,21755.7,1,0,5,normal,
False,False,456,25777.38,3,0,4,normal,
False,False,1842,38583.95,3,0,3,normal,
False,False,822,2616.0,1,0,5,normal,
False,False,1962,28124.71,1,0,3,normal,
False,False,1773,20520.22,0,1,1,normal,
False,False,75,21972.03,0,0,4,normal,
False,False,1362,22318.19,0,0,4,normal,
False,False,908,10949.53,3,1,5,normal,
False,False,1773,38552.33,4,1,3,normal,
False,False,1210,26906.4,2,1,4,normal,
False,False,323,24715.05,2,1,3,normal,
False,True,1430,23344.74,0,1,2,normal,
False,False,52,9506.2,3,1,2,normal,
False,False,1385,27962.15,3,1,3,normal,
False,False,341,4545.51,1,0,2,normal,
False,False,1519,31805.17,4,1,3,normal,
False,False,904,39065.9,4,1,2,normal,
False,False,1460,21106.67,3,0,1,normal,
False,False,1805,19458.18,3,1,3,normal,
False,False,1640,16059.2,3,1,1,normal,
False,False,1378,19572.68,2,1,4,normal,
False,False,466,7759.48,2,0,5,normal,
False,False,333,31039.01,3,0,3,normal,
False,False,988,20969.58,1,0,3,normal,
True,False,85,3957.08,0,0,3,normal,
False,False,1901,14731.37,3,0,3,normal,
False,False,424,2915.27,4,1,1,normal,
False,False,246,30376.06,1,1,1,normal,
False,False,1387,537.92,3,0,5,normal,
False,True,379,24182.59,1,1,4,anomaly,impossible_location_change
False,False,267,29161.26,0,0,5,normal,
False,False,623,30795.61,2,1,4,normal,
False,False,246,27765.98,3,0,4,normal,
False,False,165,2036.39,1,0,2,normal,
False,False,1981,16104.07,16,0,2,anomaly,unusual_trading_velocity
False,False,874,3175.32,2,1,2,normal,
False,False,36,34051.94,2,1,1,normal,
False,False,1245,10743.05,0,1,5,normal,
False,True,573,33449.33,1,1,3,normal,
False,False,1387,13124.62,2,0,4,normal,
False,False,1603,7141.24,4,0,5,normal,
True,False,985,6881.71,11,1,2,anomaly,unusual_trading_velocity
False,False,1520,22444.14,3,1,2,normal,
False,False,1055,39526.09,1,0,1,normal,
False,False,1542,3904.58,3,0,2,normal,
False,False,648,23363.02,4,0,1,normal,
False,False,997,34865.07,3,0,2,normal,
False,False,616,19708.48,2,0,2,normal,
False,False,1904,17154.48,2,1,4,normal,
False,False,1220,18515.71,2,0,5,normal,
False,False,1929,35763.85,0,1,3,normal,
False,False,1995,35960.08,3,0,5,normal,
False,False,717,9760.25,3,0,4,normal,
False,False,1401,39151.91,4,1,2,normal,
False,False,513,37720.73,3,0,3,normal,
False,False,621,5920.07,1,0,4,normal,
False,False,958,9736.05,1,1,2,normal,
False,False,525,27540.56,1,1,3,normal,
False,False,658,6052.16,0,1,2,normal,
False,False,1882,37538.86,4,0,3,normal,
False,False,1458,16357.22,2,1,1,normal,
False,False,1053,23904.18,2,1,4,normal,
False,False,205,20288.98,4,1,2,normal,
False,False,1667,7410.88,1,1,1,normal,
False,False,1803,38428.36,4,1,5,normal,
False,False,683,24133.25,2,0,1,normal,
False,False,1137,20901.49,1,1,4,normal,
True,False,349,107099.85,2,0,1,anomaly,account_takeover
False,False,1238,24200.31,4,1,1,normal,
False,False,1477,9874.81,1,1,1,normal,
False,True,1726,25339.2,4,0,3,normal,
False,False,1943,11179.73,4,0,1,normal,
False,False,1624,15259.92,2,0,4,normal,
False,False,1261,8268.11,0,1,5,normal,
False,False,1748,28662.66,2,1,5,normal,
False,False,230,27577.59,4,1,3,normal,
False,False,1853,10300.25,3,1,4,normal,
False,False,1115,19829.42,0,0,5,normal,
False,False,1273,26411.14,1,0,1,normal,
False,False,1464,25115.58,3,0,2,normal,
False,False,1673,15536.65,0,1,1,normal,
True,False,291,35389.59,1,0,1,normal,
True,False,1953,6528.91,1,1,3,normal,
False,False,422,23937.26,0,0,4,normal,
False,False,1782,20720.66,2,0,2,normal,
False,False,1833,28524.09,2,1,4,normal,
False,False,1290,4404.18,2,0,3,normal,
False,False,698,13177.59,0,0,5,normal,
True,False,1174,143568.8,1,0,1,anomaly,account_takeover
False,False,275,39344.86,2,0,2,normal,
False,False,1087,31144.9,2,0,1,normal,
False,False,1015,3426.25,0,0,2,normal,
False,False,206,39693.18,4,1,5,normal,
False,False,601,30274.82,2,0,3,normal,
False,False,1930,30830.3,3,1,3,normal,
False,False,1952,23706.18,3,0,4,normal,
True,True,34,27948.6,3,0,2,anomaly,impossible_location_change
False,False,669,31251.86,4,1,1,normal,
False,False,1036,11243.79,4,0,1,normal,
False,True,399,33853.17,1,0,2,normal,
False,False,1669,33517.89,3,1,1,normal,
False,False,69,34722.36,1,0,4,normal,
True,False,1198,15325.44,1,0,2,normal,
False,False,238,21220.24,2,0,3,normal,
False,False,1029,12216.28,1,1,2,normal,
True,False,1575,10644.09,2,0,3,normal,
True,False,37,30518.69,4,0,2,normal,
False,False,1929,13924.56,1,1,1,normal,
False,False,1283,36569.2,2,0,5,normal,
False,False,1896,10240.81,4,0,4,normal,
False,False,1066,13907.05,0,1,1,normal,
False,False,728,15649.3,2,0,5,normal,
True,False,87,39829.91,4,0,1,normal,
True,False,213,10125.53,2,1,1,normal,
False,False,1618,684.04,3,0,5,normal,
False,False,1587,23445.66,2,0,1,normal,
False,False,1489,9688.52,1,0,3,normal,
False,False,49,35232.4,0,0,3,normal,
False,False,1102,15764.14,3,0,3,normal,
False,False,1883,36326.84,1,0,4,normal,
False,False,712,34517.99,4,1,2,normal,
False,False,1022,39751.83,3,0,2,normal,
False,False,1950,36797.86,3,1,1,normal,
False,False,723,9237.32,1,1,3,normal,
False,False,1342,33037.69,4,1,4,normal,
False,False,590,26437.29,2,0,5,normal,
True,False,1807,11688.99,4,0,1,normal,
False,False,515,28451.06,3,0,3,normal,
False,False,531,4103.91,4,0,4,normal,
False,False,451,1089.86,3,1,1,normal,
False,False,1709,25633.36,2,1,1,normal,
False,False,1816,20712.48,1,1,1,normal,
False,False,1137,37905.67,4,0,2,normal,
False,False,1824,13072.12,1,1,3,normal,
False,False,582,22858.55,2,0,4,normal,
False,False,696,10882.01,2,0,5,normal,
False,False,456,2687.57,3,1,1,normal,
False,False,390,15515.55,2,0,5,normal,
False,False,1673,34868.4,2,1,2,normal,
False,False,1396,22628.72,1,0,4,normal,
False,False,1741,39601.24,0,0,5,normal,
False,False,526,32658.88,2,0,3,normal,
False,False,103,5898.1,1,0,5,normal,
False,False,509,9351.63,2,1,3,normal,
False,False,972,11540.07,0,1,1,normal,
False,False,488,35546.74,1,1,4,normal,
True,False,1855,11828.66,0,0,4,normal,
False,False,35,26583.32,3,1,5,normal,
False,False,370,25739.96,2,1,3,normal,
False,False,281,5825.76,4,0,3,normal,
False,False,1565,3833.89,1,0,3,normal,
False,False,807,24167.38,4,0,3,normal,
False,False,459,8844.12,3,1,2,normal,
False,False,279,22036.4,4,1,2,normal,
False,False,872,8255.2,1,0,5,normal,
False,False,1387,88012.79,2,6,3,anomaly,failed_mpin_then_large_order
False,False,374,18420.39,1,1,1,normal,
False,False,1822,15559.9,3,1,2,normal,
False,False,95,27080.37,0,1,1,normal,
False,False,813,21449.59,4,1,3,normal,
False,True,3,136777.64,0,0,3,anomaly,new_account_large_order
False,False,758,5839.54,0,0,1,normal,
False,False,134,28393.21,2,0,4,normal,
False,False,1787,31346.53,3,0,3,normal,
False,False,1050,28363.76,3,1,4,normal,
False,False,1126,17176.31,4,0,5,normal,
False,False,819,10320.76,0,0,2,normal,
False,False,142,13864.59,2,0,2,normal,
False,False,1845,13298.89,3,0,5,normal,
False,False,1867,36672.49,0,0,3,normal,
False,False,1472,32846.27,4,0,2,normal,
True,False,1128,36357.11,1,0,3,normal,
False,False,1144,16675.8,2,1,2,normal,
False,False,1725,24445.01,0,0,1,normal,
False,False,1303,28042.8,0,0,1,normal,
False,False,430,25826.34,2,1,4,normal,
False,False,1886,6465.67,2,0,2,normal,
False,False,1780,27479.81,3,0,4,normal,
False,False,1815,34045.95,0,1,2,normal,
False,False,1917,34115.02,0,0,2,normal,
False,False,460,9148.2,4,0,3,normal,
True,False,1734,35769.57,0,0,2,normal,
False,False,1437,27395.82,0,0,4,normal,
False,False,66,11962.62,2,0,5,normal,
False,False,848,22008.16,1,0,1,normal,
False,False,1680,18319.56,2,0,4,normal,
False,False,1764,27098.8,2,1,4,normal,
True,False,1034,15902.27,4,0,1,normal,
False,False,322,8868.62,2,0,5,normal,
False,False,1357,12823.61,2,0,4,normal,
False,False,1942,11020.48,3,1,3,normal,
False,False,1032,22569.58,2,0,4,normal,
False,False,566,4018.38,3,0,5,normal,
False,False,833,23470.45,1,1,2,normal,
False,False,472,17572.42,1,1,4,normal,
False,False,1370,16255.88,4,0,2,normal,
False,False,1158,10148.14,4,0,4,normal,
True,False,1389,21574.67,0,0,2,normal,
False,False,1967,19048.77,0,1,3,normal,
False,False,1218,17530.37,3,1,5,normal,
False,False,1185,35296.24,3,1,1,normal,
False,False,728,34772.4,3,0,1,normal,
False,False,210,15833.79,0,1,4,normal,
False,False,848,13083.16,3,0,2,normal,
False,False,1926,6636.96,4,1,1,normal,
False,False,1206,19634.1,3,0,2,normal,
False,False,1470,12075.46,1,1,4,normal,
False,False,307,34636.11,3,0,3,normal,
False,False,409,17962.18,4,0,1,normal,
False,False,1778,16341.09,0,0,4,normal,
False,False,735,23500.54,3,1,4,normal,
False,False,140,31289.54,4,0,3,normal,
False,True,354,25493.89,0,0,2,anomaly,impossible_location_change
False,False,107,31010.18,1,0,3,normal,
False,False,410,10353.61,2,1,3,normal,
False,False,631,14495.78,0,1,5,normal,
False,False,613,19075.16,4,1,3,normal,
True,False,879,6830.43,1,0,2,normal,
False,False,347,33275.11,2,1,5,normal,
True,False,814,29065.47,3,0,3,normal,
False,False,489,5552.25,2,0,2,normal,
False,False,1491,15236.55,3,1,4,normal,
False,False,1810,7239.86,1,1,2,normal,
False,False,820,14457.98,1,1,4,normal,
False,False,1473,31344.51,4,1,2,normal,
False,False,846,20774.61,0,1,2,normal,
False,False,1551,10874.9,1,0,2,normal,
False,False,96,20486.48,4,1,1,normal,
False,False,750,35336.21,4,1,2,normal,
False,False,1834,19186.24,0,0,4,normal,
False,False,1263,13112.27,1,1,5,normal,
False,False,822,38173.7,4,0,3,normal,
False,False,154,6141.97,3,1,4,normal,
False,False,1482,24994.17,0,0,4,normal,
False,False,808,22815.98,3,1,3,normal,
False,False,489,17552.76,4,1,3,normal,
False,False,632,10732.26,2,0,4,normal,
False,False,1447,4650.68,2,0,5,normal,
False,False,1730,20495.22,4,1,5,normal,
False,False,421,26727.83,1,1,1,normal,
False,False,1199,16832.09,2,0,1,normal,
False,False,1143,13538.7,0,0,4,normal,
False,False,783,16429.44,1,0,4,normal,
False,False,1028,24642.91,0,0,4,normal,
False,False,709,24080.27,2,1,2,normal,
False,False,807,91164.34,2,3,3,anomaly,failed_mpin_then_large_order
False,False,1637,38925.68,0,0,1,normal,
False,False,1531,23175.98,1,0,4,normal,
False,False,1854,24782.55,0,0,1,normal,
False,True,120,32651.25,1,1,4,normal,
False,False,758,31876.33,3,0,5,normal,
False,False,1907,6100.04,3,1,5,normal,
False,False,339,9946.5,4,1,3,normal,
False,False,722,31613.03,0,1,2,normal,
False,False,1265,24199.72,0,0,5,normal,
False,False,842,4957.4,2,0,4,normal,
False,False,1416,20473.05,3,1,1,normal,
False,False,1834,9341.94,3,1,5,normal,
False,False,909,18687.73,1,1,2,normal,
False,False,1811,8189.57,2,1,2,normal,
False,False,1994,14184.23,3,1,4,normal,
False,False,310,30873.99,3,0,1,normal,
False,False,1236,24771.13,3,1,4,normal,
True,False,933,5818.29,1,1,1,normal,
False,False,971,27285.76,3,1,3,normal,
False,False,591,5275.87,1,1,3,normal,
False,False,507,26618.32,0,1,1,normal,
False,False,850,14284.47,4,0,3,normal,
False,False,1026,18907.16,3,1,2,normal,
False,False,30,4910.23,4,0,4,normal,
False,False,1933,27933.36,4,0,1,normal,
False,False,1877,22590.19,0,0,4,normal,
True,False,1422,22140.31,4,0,5,normal,
False,False,86,27584.2,1,1,4,normal,
False,False,1122,32195.68,0,0,2,normal,
True,False,1015,3858.61,14,0,2,anomaly,unusual_trading_velocity
False,False,1882,36660.3,0,0,3,normal,
False,False,1047,10372.16,3,0,1,normal,
False,False,715,11941.14,1,0,3,normal,
True,False,611,10845.44,2,0,3,normal,
False,False,1480,11303.61,4,0,4,normal,
False,False,1938,38953.3,4,0,2,normal,
False,False,1888,29072.54,0,1,2,normal,
False,False,298,38115.22,4,0,1,normal,
False,False,771,23528.78,2,1,5,normal,
False,False,1652,16363.73,3,0,5,normal,
True,False,1453,37362.95,3,0,4,normal,
False,False,1148,10036.68,2,0,3,normal,
False,False,1517,9024.6,1,1,1,normal,
True,False,2,124582.35,3,1,3,anomaly,new_account_large_order
False,False,110,8284.86,4,0,1,normal,
True,True,1115,88984.72,3,1,1,anomaly,account_takeover
False,False,1805,18830.57,0,1,1,normal,
False,False,1752,25257.16,2,1,4,normal,
False,False,1070,36558.03,4,0,4,normal,
False,False,1621,22905.16,3,0,4,normal,
False,False,667,29724.77,4,1,4,normal,
True,False,1033,34305.66,4,0,3,normal,
False,False,1763,8248.34,2,1,4,normal,
False,False,1805,25330.41,2,0,2,normal,
False,False,238,28593.54,4,0,4,normal,
False,False,1536,24552.69,0,0,2,normal,
False,False,911,3671.01,0,1,5,normal,
False,False,1261,8034.86,1,0,3,normal,
False,False,1097,25553.55,4,1,4,normal,
False,False,1397,36250.39,3,0,1,normal,
False,False,1534,12842.99,4,1,2,normal,
False,False,1660,982.87,2,0,5,normal,
False,False,1005,16344.01,2,1,4,normal,
False,False,1329,21344.31,0,0,4,normal,
False,False,1830,14612.51,0,0,5,normal,
False,True,1141,39107.14,0,0,3,anomaly,impossible_location_change
False,False,1095,38023.69,4,1,4,normal,
False,False,600,7064.95,4,1,1,normal,
False,True,856,26459.91,2,1,4,normal,
False,False,1658,18789.49,0,1,4,normal,
False,False,1942,38834.55,2,0,3,normal,
False,False,1689,11445.12,4,1,2,normal,
False,False,1781,11767.72,3,0,3,normal,
False,False,635,11019.22,17,1,3,anomaly,unusual_trading_velocity
False,False,1828,1118.01,1,0,1,normal,
False,False,1254,38712.88,1,1,1,normal,
False,False,89,24097.89,3,0,2,normal,
False,False,1104,31449.47,4,1,5,normal,
False,False,621,23025.92,2,1,3,normal,
False,False,308,18812.17,0,1,2,normal,
False,False,989,12446.63,1,0,2,normal,
False,False,1864,1088.06,1,1,1,normal,
False,False,435,21206.62,2,1,5,normal,
False,False,527,20098.88,1,0,5,normal,
False,False,35,8789.34,3,0,2,normal,
False,False,231,10321.93,1,1,2,normal,
False,False,1727,8953.27,2,0,1,normal,
False,False,609,12686.07,0,0,3,normal,
False,False,1805,13010.85,1,1,5,normal,
False,False,607,34824.35,1,1,3,normal,
False,False,1672,6116.61,1,0,3,normal,
False,False,1153,35392.06,2,0,2,normal,
False,False,1836,19990.39,4,0,3,normal,
False,False,602,33170.13,4,0,4,normal,
False,False,1673,33982.41,1,1,2,normal,
False,False,1604,34024.05,2,1,4,normal,
False,False,1292,6174.1,2,0,3,normal,
False,False,222,27626.53,3,0,1,normal,
False,False,1603,11007.56,0,1,2,normal,
False,False,1922,24915.88,0,0,4,normal,
False,False,247,15476.04,2,0,5,normal,
False,False,935,15293.04,0,1,5,normal,
False,False,1695,37026.76,2,1,1,normal,
False,False,632,32546.39,4,1,3,normal,
False,False,919,8596.42,3,1,2,normal,
True,True,119,15535.35,1,1,2,anomaly,impossible_location_change
False,False,978,15702.17,2,0,5,normal,
False,False,301,7010.33,0,1,1,normal,
False,False,1790,17091.14,0,0,2,normal,
False,False,1233,19221.32,4,1,1,normal,
False,False,805,7636.56,4,1,4,normal,
False,False,168,7122.25,0,0,2,normal,
False,False,943,10859.89,3,1,5,normal,
False,False,1055,21836.86,1,1,1,normal,
False,False,1747,31023.36,3,0,3,normal,
False,False,1243,13651.09,1,1,5,normal,
False,False,495,14199.0,2,0,1,normal,
False,False,431,2345.0,0,0,5,normal,
False,False,118,35524.35,2,0,2,normal,
False,False,1138,8248.98,0,0,3,normal,
True,False,664,86675.3,1,1,1,anomaly,account_takeover
False,False,794,24554.87,4,0,3,normal,
True,False,1764,11506.99,1,1,3,normal,
False,False,291,11035.29,2,0,4,normal,
False,False,202,3784.96,3,1,5,normal,
False,False,425,37599.72,3,0,4,normal,
True,False,709,108701.96,2,5,2,anomaly,failed_mpin_then_large_order
False,False,1569,25398.75,0,1,5,normal,
False,False,1592,35345.77,3,1,2,normal,
False,False,520,11693.65,2,1,4,normal,
False,False,1228,9593.3,3,1,4,normal,
False,False,884,24977.1,4,1,5,normal,
False,False,1688,9786.33,3,0,4,normal,
False,False,1798,37342.66,2,0,3,normal,
False,False,437,14774.36,0,1,2,normal,
False,False,978,8517.16,3,0,3,normal,
False,False,1508,12535.02,3,1,4,normal,
False,False,919,22104.34,4,0,5,normal,
True,False,1763,15065.01,13,0,1,anomaly,unusual_trading_velocity
False,False,714,27831.41,0,1,2,normal,
False,False,1705,18822.75,2,0,5,normal,
False,False,1067,1001.31,2,0,3,normal,
False,False,565,20773.21,0,0,4,normal,
False,False,1602,23625.18,4,0,4,normal,
False,False,1589,22181.58,0,1,5,normal,
False,False,314,23687.25,0,1,5,normal,
False,False,538,30195.18,2,1,2,normal,
False,False,664,33031.33,2,0,5,normal,
False,False,1892,13827.17,3,1,4,normal,
False,False,1997,7757.89,2,0,5,normal,
False,False,1475,5175.84,2,1,4,normal,
False,False,1906,20048.98,3,1,5,normal,
False,False,1997,24967.34,2,1,2,normal,
False,False,1268,12917.51,2,1,2,normal,
False,False,344,17645.86,3,0,2,normal,
False,False,1400,13432.99,4,0,3,normal,
False,False,138,10886.51,4,0,4,normal,
False,False,632,4547.76,2,0,5,normal,
False,False,517,6026.14,2,1,1,normal,
False,False,1358,27697.75,3,1,5,normal,
True,False,202,165517.12,0,0,1,anomaly,account_takeover
False,False,676,24475.19,2,1,4,normal,
False,False,904,2225.85,2,0,4,normal,
False,False,790,34161.03,0,1,1,normal,
False,False,1698,27524.53,3,0,5,normal,
False,False,1402,23586.93,0,1,3,normal,
True,True,1879,51666.55,1,1,1,anomaly,account_takeover
False,False,981,37900.52,1,1,5,normal,
False,False,92,20622.89,4,1,4,normal,
False,False,1939,23367.89,3,1,2,normal,
False,False,542,8840.13,4,0,3,normal,
False,False,121,19510.62,2,1,5,normal,
False,False,426,32022.21,4,0,1,normal,
False,False,121,38663.95,0,1,2,normal,
False,False,1468,28594.02,1,0,4,normal,
False,False,761,16377.54,4,0,5,normal,
False,False,1753,10903.12,2,1,4,normal,
False,False,905,14297.86,1,1,5,normal,
False,False,1030,34639.9,0,1,3,normal,
False,False,147,6076.02,4,0,3,normal,
False,False,5,104326.84,3,1,2,anomaly,new_account_large_order
False,False,480,23038.12,1,0,2,normal,
False,False,388,5238.04,2,1,3,normal,
False,False,1997,2395.34,0,0,1,normal,
False,False,1684,5683.67,0,1,3,normal,
False,False,1606,23042.91,1,1,2,normal,
False,False,1059,13998.92,3,0,2,normal,
False,False,11,20702.28,4,1,1,normal,
False,False,1055,9499.87,2,1,1,normal,
False,False,201,38542.78,0,1,5,normal,
False,False,31,31628.41,4,1,4,normal,
False,False,1373,16843.66,3,1,4,normal,
False,False,103,39280.31,1,0,5,normal,
True,False,1320,644.78,4,0,2,normal,
False,False,1674,8674.24,0,1,5,normal,
False,False,1388,33085.17,0,0,3,normal,
False,False,593,19394.13,0,0,3,normal,
False,False,1,97483.4,0,1,3,anomaly,new_account_large_order
False,True,1956,27359.08,0,1,4,normal,
False,False,299,13477.09,2,1,4,normal,
False,False,1434,21668.59,1,0,3,normal,
False,False,1027,17968.64,4,1,2,normal,
False,False,764,10253.09,1,0,5,normal,
False,False,990,27832.35,0,1,3,normal,
False,False,853,25326.1,4,0,5,normal,
False,False,1672,36737.55,3,0,4,normal,
False,False,1423,19939.65,4,0,5,normal,
False,False,1403,39838.65,3,0,3,normal,
False,False,1193,23983.51,4,0,4,normal,
False,False,16,35606.08,3,0,3,normal,
False,False,1057,29914.85,2,1,2,normal,
False,False,1680,34043.26,0,0,5,normal,
True,False,334,10812.3,0,0,3,normal,
False,False,1428,20448.46,0,1,5,normal,
False,False,611,1115.9,0,0,3,normal,
False,False,1303,7502.22,2,1,3,normal,
False,False,1102,1189.74,1,1,3,normal,
True,True,1061,190300.35,0,1,1,anomaly,account_takeover
True,True,878,136663.22,1,1,1,anomaly,account_takeover
False,False,1644,39094.7,4,0,3,normal,
False,False,1288,21408.67,3,0,4,normal,
False,False,281,10796.86,4,1,3,normal,
False,False,1937,33356.22,3,1,4,normal,
False,False,1823,11846.04,3,0,2,normal,
False,False,856,15319.31,0,0,4,normal,
False,False,182,39759.77,0,1,5,normal,
False,False,872,22565.73,3,1,2,normal,
False,False,445,28495.45,0,0,2,normal,
False,False,455,31474.24,4,1,1,normal,
False,False,1542,13028.36,4,1,2,normal,
False,True,1093,13149.11,3,0,4,normal,
False,False,428,921.59,4,0,1,normal,
True,False,416,27571.69,1,0,1,normal,
False,False,771,10760.38,4,1,1,normal,
False,False,523,32156.83,2,1,4,normal,
False,False,645,14528.7,3,1,4,normal,
False,False,946,28114.62,2,0,2,normal,
False,False,633,38663.04,3,0,1,normal,
False,False,1200,16331.8,4,1,5,normal,
False,False,88,5588.23,1,0,1,normal,
False,False,905,35016.88,2,0,4,normal,
False,False,1022,26676.56,1,0,3,normal,
False,False,1187,3748.17,1,0,5,normal,
False,False,1844,4146.44,1,0,1,normal,
False,False,928,38679.68,0,0,3,normal,
False,False,702,32241.26,1,1,1,normal,
False,False,1441,598.27,3,0,5,normal,
False,False,1665,24386.83,0,1,2,normal,
False,False,1432,3499.45,0,0,5,normal,
False,False,1066,16458.48,4,1,3,normal,
False,False,654,22353.6,2,1,4,normal,
False,False,1993,33021.33,0,0,1,normal,
False,False,859,25778.24,4,1,2,normal,
False,False,991,31454.74,3,1,2,normal,
False,False,179,17645.61,3,1,3,normal,
False,False,1251,21476.78,0,0,5,normal,
False,False,1015,2455.69,0,0,1,normal,
True,False,1827,3266.53,3,1,5,normal,
True,False,1126,18155.14,3,1,2,normal,
False,False,670,23571.38,4,1,5,normal,
False,False,56,7919.26,2,1,1,normal,
False,False,1017,25735.82,0,0,4,normal,
False,False,1289,24574.82,0,1,4,normal,
False,False,433,30046.43,4,1,3,normal,
False,False,587,22740.09,3,1,4,normal,
False,False,1874,35823.16,3,0,2,normal,
False,False,972,22218.25,3,0,4,normal,
True,False,292,39675.9,3,0,4,normal,
False,False,591,166723.07,1,5,1,anomaly,failed_mpin_then_large_order
False,False,1790,39398.85,0,0,5,normal,
False,False,1307,6374.68,0,0,4,normal,
False,False,1549,18329.2,2,1,3,normal,
True,True,63,31124.52,0,0,1,normal,
False,False,1318,36948.5,2,1,1,normal,
False,False,1395,27675.7,2,0,3,normal,
False,False,644,17744.05,2,0,2,normal,
False,False,1076,21228.18,0,0,4,normal,
False,False,143,14433.32,0,1,4,normal,
False,False,1416,30186.84,0,0,4,normal,
False,False,504,19310.75,1,1,3,normal,
False,False,204,18718.42,2,0,5,normal,
True,False,782,4147.86,0,0,4,normal,
False,False,1308,14147.41,2,1,5,normal,
False,False,1062,37064.97,3,0,3,normal,
False,False,1070,10773.98,3,1,2,normal,
False,False,730,13782.38,4,1,1,normal,
False,False,514,7451.54,4,0,3,normal,
False,False,1165,30991.89,3,1,2,normal,
False,False,1166,27050.93,4,0,1,normal,
False,False,1572,6893.01,2,0,2,normal,
False,False,1156,16569.92,2,0,4,normal,
False,False,1859,21851.74,1,0,1,normal,
False,False,241,20137.17,4,0,1,normal,
False,False,1396,27378.05,2,0,1,normal,
False,False,125,3464.13,3,1,5,normal,
False,False,1675,27505.28,3,0,5,normal,
False,False,1045,22224.75,0,0,3,normal,
False,False,1436,5849.58,0,1,5,normal,
False,False,19,23818.57,2,1,4,normal,
False,False,832,1961.82,4,0,3,normal,
True,False,1968,27262.77,1,1,1,normal,
False,False,1717,34052.98,4,1,4,normal,
False,False,982,33781.49,2,1,2,normal,
False,False,1930,25281.68,0,0,1,normal,
False,False,1567,11000.51,3,1,3,normal,
True,False,754,190722.37,3,1,1,anomaly,account_takeover
False,False,662,35940.51,2,0,2,normal,
False,False,91,29320.43,2,1,2,normal,
False,False,1216,39544.28,2,0,4,normal,
False,False,1916,27180.52,0,1,3,normal,
False,False,1184,5532.06,0,1,1,normal,
False,False,1547,16079.88,4,1,2,normal,
False,False,1659,5654.34,1,1,1,normal,
False,False,207,25028.91,3,0,2,normal,
False,False,1618,6913.76,3,0,3,normal,
False,False,518,12151.92,4,0,4,normal,
False,False,175,23335.83,4,1,5,normal,
False,False,1465,23333.93,1,0,2,normal,
False,False,1875,21329.83,4,1,5,normal,
False,False,580,5935.89,1,0,1,normal,
False,False,544,32687.32,1,1,4,normal,
False,False,1735,21796.67,1,1,5,normal,
False,False,315,16504.74,4,0,2,normal,
False,False,1984,3837.49,2,1,4,normal,
False,False,1438,6217.43,1,1,4,normal,
False,False,336,14908.33,4,1,2,normal,
False,False,1146,28047.54,4,0,3,normal,
True,False,1410,30232.89,4,0,4,normal,
False,False,399,1331.76,3,1,5,normal,
True,True,1695,166520.79,0,0,1,anomaly,account_takeover
False,False,714,18686.87,0,1,1,normal,
False,False,545,1925.62,4,0,2,normal,
False,False,563,19819.61,0,0,4,normal,
False,False,794,34348.95,2,0,4,normal,
False,False,1167,32226.4,1,0,2,normal,
False,False,349,23286.15,0,0,5,normal,
True,False,1905,31470.79,3,1,4,normal,
False,False,1850,3482.88,2,1,2,normal,
True,False,1347,27057.71,1,0,3,normal,
True,True,1129,124315.28,2,0,1,anomaly,account_takeover
False,False,760,18522.17,3,0,3,normal,
False,False,1848,18074.97,1,0,5,normal,
False,False,719,33946.32,0,0,2,normal,
False,False,1406,22287.85,3,1,5,normal,
True,False,1333,7235.23,2,1,5,normal,
False,False,1854,27724.43,4,1,2,normal,
False,False,1677,10841.89,0,0,1,normal,
False,False,1797,3374.98,4,0,4,normal,
False,False,1125,17699.16,3,1,2,normal,
False,False,1303,15796.08,1,1,1,normal,
False,False,328,11641.74,1,0,5,normal,
False,False,1138,30633.47,3,1,3,normal,
False,False,716,26716.57,3,0,5,normal,
False,False,35,16199.48,1,1,3,normal,
False,False,1504,12646.12,2,0,1,normal,
False,False,498,103992.61,0,4,3,anomaly,failed_mpin_then_large_order
False,False,1398,25639.02,4,1,2,normal,
False,False,684,34777.37,3,1,4,normal,
False,False,980,4702.92,0,1,3,normal,
False,False,283,958.31,0,0,4,normal,
False,False,935,39481.19,4,1,4,normal,
False,False,1159,31285.2,3,1,2,normal,
False,False,1092,13174.16,4,1,4,normal,
False,False,1998,32376.04,1,1,2,normal,
False,False,668,29329.18,4,0,5,normal,
False,False,1901,1688.08,4,0,5,normal,
False,False,629,19247.22,4,1,1,normal,
False,False,564,18079.05,2,0,2,normal,
False,False,1775,33463.81,3,0,3,normal,
False,False,1629,2980.54,3,1,5,normal,
False,False,1185,16541.12,2,1,1,normal,
False,False,1862,31182.68,3,1,5,normal,
False,False,188,34335.27,3,1,1,normal,
False,False,1086,2217.54,1,0,3,normal,
False,False,926,26696.07,3,1,5,normal,
False,False,383,10972.36,1,0,1,normal,
False,False,614,38353.41,3,1,1,normal,
False,False,530,36357.51,3,0,1,normal,
False,False,826,31043.79,2,1,5,normal,
False,False,630,26828.32,3,0,3,normal,
False,False,1285,22797.35,0,0,3,normal,
False,False,426,12534.86,1,1,4,normal,
False,False,1487,1989.79,0,0,1,normal,
False,False,979,39948.58,2,0,1,normal,
False,False,934,6531.05,3,1,1,normal,
False,False,278,4803.02,3,1,2,normal,
False,False,1917,11658.8,1,1,2,normal,
False,False,585,31377.58,4,0,5,normal,
False,False,161,10427.51,4,1,2,normal,
False,False,745,16678.79,3,0,2,normal,
False,False,118,14192.1,3,1,3,normal,
False,False,1920,27522.53,4,1,3,normal,
False,False,1810,33622.19,1,1,4,normal,
False,False,390,36226.65,0,1,3,normal,
False,False,1363,18253.95,4,0,1,normal,
False,False,1393,34538.05,4,0,5,normal,
False,False,1064,13898.65,4,0,1,normal,
False,False,924,5074.04,0,1,5,normal,
False,False,639,35566.67,0,0,2,normal,
True,True,1706,7646.31,2,0,4,normal,
False,False,1031,16234.86,1,0,5,normal,
False,False,838,4495.75,1,0,5,normal,
False,False,391,1537.96,1,1,4,normal,
False,False,627,2546.46,4,1,4,normal,
False,False,644,38715.74,1,0,2,normal,
False,False,965,15449.24,3,0,1,normal,
False,False,1230,20366.09,3,0,3,normal,
False,False,1833,17907.55,1,0,4,normal,
False,False,957,18931.54,0,0,1,normal,
False,False,208,8447.77,0,1,2,normal,
False,False,212,25209.36,4,0,1,normal,
False,False,1193,7429.25,1,1,5,normal,
False,False,1135,3721.34,4,1,5,normal,
False,False,1663,36732.1,1,0,2,normal,
False,False,1563,2008.54,1,0,3,normal,
True,False,1601,15117.2,3,1,1,normal,
False,False,1569,14769.39,2,0,1,normal,
False,False,847,18311.97,2,0,5,normal,
False,False,1511,11942.84,2,1,2,normal,
False,False,1539,17973.42,1,1,3,normal,
False,False,1338,39228.75,0,1,4,normal,
False,True,315,8984.46,2,0,1,normal,
False,False,363,8395.47,3,0,4,normal,
False,False,917,2198.52,1,1,1,normal,
False,False,526,9808.04,4,0,4,normal,
False,False,112,25600.37,2,0,1,normal,
False,False,1523,5378.17,4,0,4,normal,
False,False,1607,14569.14,1,0,1,normal,
False,False,121,33339.94,4,0,3,normal,
False,False,1126,1498.29,0,1,4,normal,
False,False,728,14069.05,3,1,1,normal,
False,False,1446,960.72,4,1,1,normal,
False,False,951,35110.68,0,1,5,normal,
True,True,662,149437.16,0,0,1,anomaly,account_takeover
False,False,37,21950.1,2,1,2,normal,
False,False,1553,14654.81,0,0,5,normal,
False,False,1796,32966.61,2,0,3,normal,
False,False,444,588.26,4,1,2,normal,
False,False,1545,18168.75,3,1,2,normal,
False,False,751,1953.44,3,0,1,normal,
False,False,1397,29146.53,4,0,5,normal,
True,False,1198,3381.45,18,0,1,anomaly,unusual_trading_velocity
False,False,1397,15769.29,2,0,3,normal,
False,False,1723,35944.56,1,1,1,normal,
False,False,856,20007.91,0,1,4,normal,
False,False,1600,39651.18,1,1,1,normal,
False,False,627,39112.19,2,0,5,normal,
False,False,629,34131.02,4,0,4,normal,
False,False,103,32524.33,3,0,5,normal,
False,False,1516,8504.58,2,1,5,normal,
True,True,415,74537.68,1,0,1,anomaly,account_takeover
False,False,27,9072.56,2,1,5,normal,
False,False,910,13957.88,0,1,4,normal,
False,False,686,7528.47,1,0,2,normal,
False,False,181,39806.16,0,1,2,normal,
False,False,1886,3014.92,1,1,1,normal,
False,False,451,14368.33,3,0,2,normal,
False,True,473,36194.72,2,1,4,normal,
False,False,185,5907.69,2,0,5,normal,
True,False,680,80424.71,2,5,1,anomaly,failed_mpin_then_large_order
True,False,1112,32668.17,3,1,5,normal,
False,False,691,32088.71,0,0,2,normal,
False,False,1114,29543.07,2,1,4,normal,
False,False,690,31634.2,1,0,1,normal,
False,False,23,38705.55,0,1,1,normal,
False,False,755,4998.57,4,0,5,normal,
True,False,576,31511.33,3,1,1,normal,
False,False,4,126156.48,2,0,2,anomaly,new_account_large_order
False,False,463,8984.39,3,1,3,normal,
False,False,369,4732.62,4,0,5,normal,
False,False,1877,24370.46,3,1,2,normal,
False,False,1106,32861.54,1,0,2,normal,
False,False,37,15727.53,2,0,3,normal,
False,False,235,39303.02,4,0,3,normal,
False,True,1773,34843.82,2,0,3,normal,
False,False,699,21439.31,0,0,4,normal,
False,False,1436,21427.75,1,1,4,normal,
True,False,1667,26646.0,1,1,2,normal,
False,False,772,28193.4,0,0,2,normal,
False,False,108,21168.66,2,0,1,normal,
False,False,1519,14322.5,1,1,4,normal,
False,False,1842,807.25,3,0,4,normal,
False,False,712,25932.14,4,1,5,normal,
False,False,1121,4699.96,3,0,3,normal,
False,False,1543,18657.98,2,0,2,normal,
False,False,1553,26267.38,4,0,4,normal,
False,False,1830,30457.12,0,0,1,normal,
False,False,1768,33971.69,1,0,4,normal,
True,False,607,39132.26,1,0,4,normal,
False,False,9,4965.15,1,1,4,normal,
False,False,287,9964.09,4,0,3,normal,
False,False,1225,34939.07,2,1,1,normal,
False,False,1202,4579.34,0,0,3,normal,
False,False,283,14808.24,12,1,2,anomaly,unusual_trading_velocity
False,True,1831,11012.57,3,1,4,normal,
False,False,806,3418.08,2,1,5,normal,
False,False,1606,37995.0,2,0,4,normal,
True,False,320,39332.01,2,0,3,normal,
False,False,574,21524.89,3,0,3,normal,
False,False,1962,29436.45,0,1,3,normal,
False,False,1313,32888.53,0,0,4,normal,
True,False,1856,26016.48,1,0,3,normal,
False,False,1875,23362.64,0,1,5,normal,
False,False,1932,20598.98,3,1,1,normal,
False,False,915,29798.08,2,0,1,normal,
False,False,327,21461.31,3,1,4,normal,
False,False,1961,7605.47,3,1,1,normal,
False,False,192,30381.38,2,0,4,normal,
False,False,186,18488.43,2,0,4,normal,
False,False,1272,24203.72,3,0,1,normal,
False,False,541,1510.3,3,1,2,normal,
False,False,853,14071.14,0,1,4,normal,
False,False,1050,23667.14,2,0,1,normal,
False,False,613,2367.28,1,1,4,normal,
False,False,1279,37799.98,3,1,3,normal,
False,False,1249,37603.22,4,0,1,normal,
False,False,1177,15081.35,0,1,5,normal,
False,False,1439,36879.57,2,0,2,normal,
False,False,1743,7847.32,3,0,4,normal,
False,False,1591,15947.67,4,0,1,normal,
False,False,277,7757.89,4,0,2,normal,
False,False,1125,14009.89,3,0,4,normal,
False,False,1884,29394.94,2,1,2,normal,
True,False,613,7979.36,3,0,3,normal,
False,False,128,36360.26,4,1,3,normal,
False,False,234,2235.88,3,0,5,normal,
False,False,781,24869.12,2,1,3,normal,
False,False,663,164925.39,0,3,2,anomaly,failed_mpin_then_large_order
False,False,600,27322.24,3,1,1,normal,
False,False,244,5169.54,1,1,1,normal,
False,False,1257,11541.98,1,1,4,normal,
False,False,977,26943.62,4,0,4,normal,
False,False,44,32277.92,2,0,1,normal,
False,False,1621,26459.48,2,0,5,normal,
True,False,1295,28179.87,2,1,4,normal,
True,False,656,16135.22,0,1,3,normal,
False,False,1238,20994.19,0,1,4,normal,
False,False,950,24942.83,3,1,1,normal,
False,False,1977,36409.96,1,0,1,normal,
True,True,739,128306.94,2,0,1,anomaly,account_takeover
False,False,42,21402.65,0,1,2,normal,
False,False,914,10073.8,1,0,5,normal,
False,False,1498,1271.38,4,1,3,normal,
False,False,796,28252.99,4,0,5,normal,
False,False,1456,34857.89,4,1,1,normal,
False,False,504,28378.72,1,0,3,normal,
False,False,499,21950.04,3,1,4,normal,
False,False,1682,20381.48,4,0,1,normal,
False,False,1181,5476.27,4,1,3,normal,
False,False,507,2618.69,4,0,5,normal,
False,False,3,66807.2,2,0,3,anomaly,new_account_large_order
False,False,474,31140.39,1,1,3,normal,
True,False,1536,10171.23,2,0,5,normal,
False,False,984,19593.22,1,1,2,normal,
True,False,163,32194.45,2,1,1,normal,
False,False,1559,15303.0,3,1,3,normal,
False,False,296,34632.85,2,0,1,normal,
True,False,972,20158.62,4,0,4,normal,
False,False,751,3869.61,3,0,4,normal,
False,False,1251,5274.19,3,1,3,normal,
False,False,547,2266.14,2,0,1,normal,
False,False,1082,837.76,1,1,1,normal,
False,False,1625,23120.74,2,0,3,normal,
False,False,1822,5890.34,4,0,3,normal,
False,True,159,33565.35,2,0,4,anomaly,impossible_location_change
False,False,5,92199.03,1,1,2,anomaly,new_account_large_order
False,False,1486,20539.41,0,1,4,normal,
False,False,1565,16264.49,1,1,3,normal,
False,False,500,36366.05,4,0,2,normal,
False,False,96,35651.75,3,1,3,normal,
False,False,398,13361.46,1,0,5,normal,
False,False,1829,1250.75,1,1,1,normal,
False,False,605,24978.59,4,0,1,normal,
False,False,298,31602.2,1,0,3,normal,
False,False,1020,17241.37,3,1,2,normal,
True,False,772,38027.71,2,0,1,normal,
False,False,1381,21897.24,4,1,2,normal,
False,False,1200,20893.72,3,0,3,normal,
True,False,280,15069.97,2,1,1,normal,
True,False,1375,7143.79,2,0,3,normal,
True,False,448,4760.5,4,0,5,normal,
False,False,825,20810.7,4,1,1,normal,
False,False,1216,20980.31,0,1,2,normal,
False,False,1984,17565.89,1,1,5,normal,
False,False,600,1233.14,3,1,4,normal,
False,False,1515,37143.0,0,1,5,normal,
False,False,1217,6869.23,3,0,2,normal,
False,False,1025,18865.34,1,0,5,normal,
False,False,832,8888.22,1,1,5,normal,
False,False,669,27885.72,4,1,2,normal,
False,False,1007,13513.28,3,1,2,normal,
False,False,237,956.52,0,1,2,normal,
False,False,1042,8082.8,4,0,1,normal,
False,False,1398,24731.05,1,0,4,normal,
False,False,649,27758.41,2,0,3,normal,
False,False,1944,20973.35,0,0,2,normal,
False,False,1241,6538.36,0,0,4,normal,
True,False,1739,12374.21,24,1,1,anomaly,unusual_trading_velocity
False,False,282,9364.25,3,0,3,normal,
False,False,33,14731.62,4,1,4,normal,
False,False,1394,30436.77,2,0,4,normal,
False,False,1412,36624.34,0,1,2,normal,
False,False,1510,3670.53,3,1,4,normal,
False,False,199,12057.9,4,0,2,normal,
False,False,1610,35017.22,4,0,1,normal,
False,False,534,1061.02,0,0,5,normal,
False,False,264,5178.47,0,1,2,normal,
False,False,1798,13820.04,2,1,3,normal,
False,False,231,31420.14,1,0,5,normal,
False,False,1111,39968.97,3,0,1,normal,
True,False,1687,29823.17,1,0,3,normal,
False,False,98,5066.44,2,0,4,normal,
False,True,1555,18307.57,3,1,3,anomaly,impossible_location_change
False,False,1327,28338.17,0,0,3,normal,
False,False,399,30753.2,2,0,3,normal,
False,False,1595,37296.45,2,1,1,normal,
False,False,1102,12616.52,1,0,2,normal,
False,True,1106,36742.32,0,0,4,anomaly,impossible_location_change
False,False,416,8660.68,2,0,1,normal,
False,False,826,8313.88,2,1,4,normal,
False,False,1154,34285.67,4,0,1,normal,
False,False,490,9340.03,4,1,1,normal,
False,False,649,1289.14,24,1,3,anomaly,unusual_trading_velocity
False,False,1960,17032.73,1,0,5,normal,
False,False,1083,21733.88,2,1,3,normal,
False,False,226,29841.13,1,0,5,normal,
True,False,152,38835.07,3,1,3,normal,
False,False,522,4609.1,2,0,5,normal,
False,False,439,19150.98,1,0,4,normal,
False,False,1580,9595.4,3,1,5,normal,
False,False,608,19433.11,3,0,2,normal,
True,False,1420,32982.33,4,0,1,normal,
False,False,1934,19090.17,2,1,3,normal,
False,False,254,28226.1,3,1,3,normal,
False,False,1521,35887.13,3,0,3,normal,
False,False,474,36483.97,3,1,4,normal,
False,False,1168,2865.26,0,1,5,normal,
False,False,1535,39565.5,4,0,3,normal,
False,False,301,22869.68,3,0,2,normal,
True,True,1378,36506.0,1,0,3,anomaly,impossible_location_change
False,False,525,19238.66,1,0,1,normal,
False,False,285,27254.5,1,0,3,normal,
False,False,145,3074.43,2,1,4,normal,
False,False,748,4315.8,3,1,1,normal,
False,False,164,6447.8,2,0,3,normal,
False,False,1228,31411.59,2,0,5,normal,
False,False,1057,35730.34,1,0,5,normal,
False,False,1364,160802.82,3,3,2,anomaly,failed_mpin_then_large_order
False,False,234,5961.82,0,1,2,normal,
False,False,1867,30580.8,4,0,4,normal,
False,False,763,6099.24,3,0,4,normal,
True,False,881,17410.23,0,1,5,normal,
False,False,1759,7641.6,4,0,3,normal,
False,False,1208,13937.69,2,0,5,normal,
False,False,1222,24570.79,1,1,5,normal,
False,False,1409,11105.48,1,1,1,normal,
False,False,622,11271.43,1,1,5,normal,
False,False,289,10524.83,1,0,1,normal,
False,False,1111,34481.98,1,0,4,normal,
False,False,1720,11840.3,2,0,4,normal,
False,False,1642,28017.81,0,1,4,normal,
True,False,4,136429.88,1,0,2,anomaly,new_account_large_order
False,False,825,21587.73,1,1,5,normal,
True,False,457,35637.61,4,0,1,normal,
False,False,1055,35515.05,3,0,1,normal,
True,False,1940,21930.13,4,1,3,normal,
False,False,1841,1483.06,1,0,4,normal,
False,False,1546,29788.58,2,0,5,normal,
False,False,839,23825.23,2,0,4,normal,
False,False,1631,19693.74,3,1,2,normal,
False,False,842,11306.94,0,1,2,normal,
False,False,981,4959.04,3,1,2,normal,
False,False,1215,7293.39,3,1,3,normal,
False,False,1554,29449.08,2,0,5,normal,
False,False,178,24182.55,2,1,4,normal,
False,False,429,27512.84,0,1,3,normal,
True,False,753,32963.46,3,0,2,normal,
False,False,1373,8935.11,0,1,2,normal,
False,False,1884,39945.84,1,0,2,normal,
False,False,1540,18620.53,2,0,4,normal,
False,False,816,26783.45,3,0,5,normal,
False,False,1596,32354.99,4,1,3,normal,
False,False,1495,29779.16,2,0,5,normal,
False,False,929,21029.46,3,1,4,normal,
True,False,1057,31512.15,2,1,3,normal,
False,False,1418,12747.38,2,0,5,normal,
False,False,1296,28012.52,2,1,3,normal,
False,False,440,8230.5,0,1,1,normal,
False,False,1162,31227.47,2,1,5,normal,
False,False,74,20774.07,4,1,5,normal,
False,False,807,37718.21,3,0,2,normal,
False,False,1253,3316.05,3,0,5,normal,
True,True,1620,13041.42,1,0,2,anomaly,impossible_location_change
False,False,295,33911.31,2,1,3,normal,
False,False,963,7799.81,4,0,1,normal,
False,False,1662,25663.05,0,0,2,normal,
False,False,417,24459.88,0,1,5,normal,
False,False,266,29822.58,0,1,5,normal,
False,False,1065,38533.42,3,1,5,normal,
False,True,1537,11259.49,1,0,4,anomaly,impossible_location_change
True,False,957,24370.6,4,1,3,normal,
False,False,937,15454.35,3,1,1,normal,
False,False,677,13245.84,1,0,5,normal,
False,False,1681,29141.78,3,1,4,normal,
False,False,1081,35933.62,1,0,3,normal,
False,False,420,3588.6,4,0,1,normal,
False,False,972,8686.77,2,0,1,normal,
False,False,1549,13209.29,3,0,5,normal,
False,False,1658,17197.3,2,1,4,normal,
False,False,1917,2665.06,2,0,1,normal,
False,False,165,34132.09,2,1,2,normal,
True,False,1299,13726.82,0,1,4,normal,
False,False,1597,2582.49,1,0,4,normal,
False,False,1993,13021.89,3,0,5,normal,
False,False,1100,789.56,0,0,2,normal,
True,False,1667,19737.06,4,1,5,normal,
False,False,1942,39995.99,3,1,3,normal,
False,False,503,15301.75,4,1,4,normal,
False,False,247,16385.08,1,1,5,normal,
True,False,1749,110872.21,1,1,1,anomaly,account_takeover
False,False,621,13380.14,0,0,2,normal,
False,False,653,15109.79,3,0,1,normal,
True,False,529,19939.97,0,0,4,normal,
False,False,1580,13203.65,2,1,2,normal,
False,False,1748,24858.1,3,1,2,normal,
True,False,1741,50989.15,1,0,1,anomaly,account_takeover
False,False,506,13034.85,3,0,1,normal,
False,False,1179,15714.89,2,1,4,normal,
False,False,1688,31851.04,3,0,5,normal,
False,False,476,3162.31,0,1,1,normal,
False,False,1336,15609.64,3,0,3,normal,
False,False,436,10843.73,3,1,1,normal,
False,False,932,13832.43,4,1,5,normal,
False,False,634,17371.95,0,0,4,normal,
False,False,570,14414.95,4,0,5,normal,
False,False,524,620.77,3,0,1,normal,
False,False,1326,31440.57,4,0,4,normal,
False,False,1517,25891.59,4,1,5,normal,
False,False,1160,35529.33,1,0,3,normal,
False,False,825,19106.32,2,0,4,normal,
False,False,1954,24392.55,3,0,1,normal,
False,False,470,2048.84,3,0,1,normal,
True,False,1728,19892.46,0,1,1,normal,
False,False,1949,22772.32,4,0,3,normal,
False,False,677,12448.23,4,0,1,normal,
False,False,1798,1810.41,3,1,4,normal,
False,False,1079,18640.88,0,1,4,normal,
False,False,1958,8050.78,4,0,3,normal,
False,False,1823,11071.46,4,0,5,normal,
False,False,1721,21280.46,4,1,2,normal,
False,False,103,2846.89,3,1,1,normal,
False,False,251,23526.57,0,1,4,normal,
False,False,896,34696.82,0,0,5,normal,
False,False,976,4906.89,0,0,1,normal,
False,False,245,7459.68,2,0,3,normal,
False,False,901,34953.59,1,1,4,normal,
False,False,571,25477.17,3,1,1,normal,
False,True,1480,12026.7,3,0,4,anomaly,impossible_location_change
False,False,1238,37861.83,4,0,3,normal,
False,False,1546,19239.12,0,0,4,normal,
False,False,1605,19541.62,4,1,3,normal,
False,False,1300,4603.45,0,1,5,normal,
False,False,1115,2309.88,3,1,1,normal,
False,False,817,2151.07,3,0,2,normal,
False,False,658,16743.55,3,1,4,normal,
False,False,151,31659.16,2,0,4,normal,
False,False,1437,13848.87,3,1,4,normal,
False,False,1421,30525.82,0,0,4,normal,
False,False,791,32467.62,3,1,5,normal,
False,False,1941,1189.36,3,0,3,normal,
False,False,1677,32819.14,4,1,1,normal,
True,False,1771,116862.66,2,0,1,anomaly,account_takeover
False,False,117,779.98,0,0,1,normal,
False,False,536,34712.87,1,1,2,normal,
False,True,1795,7044.82,2,1,5,normal,
False,True,622,25629.04,4,1,1,normal,
False,False,1797,31274.6,3,1,1,normal,
False,False,466,11358.59,4,1,3,normal,
False,False,1182,16380.08,1,0,5,normal,
False,False,1091,19432.19,1,1,5,normal,
False,False,1356,17046.87,3,0,1,normal,
False,False,500,7245.63,4,0,4,normal,
False,False,796,31056.15,2,1,1,normal,
False,False,320,34680.54,0,0,2,normal,
False,False,850,29605.77,4,0,2,normal,
False,False,1094,16035.58,2,0,3,normal,
False,False,437,15571.37,0,0,5,normal,
False,False,1101,5418.22,1,1,2,normal,
False,False,1129,641.62,1,1,5,normal,
False,False,941,18519.42,2,1,3,normal,
False,False,1387,2138.95,2,0,4,normal,
False,False,1145,37090.37,1,0,4,normal,
False,False,186,2749.15,4,1,2,normal,
False,False,571,14769.22,4,1,3,normal,
True,False,1416,32269.34,3,1,1,normal,
False,False,369,29940.22,4,1,5,normal,
False,False,1215,27962.36,4,0,4,normal,
True,False,855,20697.88,4,1,5,normal,
False,False,1614,34636.96,3,1,2,normal,
False,False,973,9444.19,1,0,1,normal,
False,False,1382,37133.57,2,1,4,normal,
False,False,338,29435.98,1,0,2,normal,
False,False,1023,7959.79,1,0,4,normal,
False,False,865,17908.17,0,0,2,normal,
False,False,1563,21887.28,1,1,5,normal,
False,False,1721,11029.62,4,0,5,normal,
False,False,1660,26760.04,3,1,5,normal,
False,False,680,7915.09,0,0,3,normal,
False,False,48,2685.43,0,1,5,normal,
False,False,553,18152.49,1,1,1,normal,
False,False,521,21464.78,0,0,3,normal,
False,False,1878,7637.93,0,0,4,normal,
False,False,1363,31984.21,2,0,3,normal,
False,False,1885,24060.74,0,0,5,normal,
False,False,224,30446.7,2,1,5,normal,
False,False,1322,5573.06,4,1,4,normal,
False,False,1065,33439.27,0,1,4,normal,
False,False,113,24961.55,4,1,3,normal,
False,False,1165,28121.57,4,0,3,normal,
False,False,1044,21630.44,1,0,3,normal,
False,False,1637,38916.92,2,1,5,normal,
False,False,647,28430.8,0,1,1,normal,
False,False,1581,17627.61,4,1,1,normal,
False,False,1724,118671.89,2,4,3,anomaly,failed_mpin_then_large_order
False,False,671,32545.5,2,1,1,normal,
False,False,1292,6606.07,1,0,4,normal,
False,False,780,26138.81,0,0,4,normal,
False,False,160,10831.17,4,0,1,normal,
False,False,319,39962.98,1,0,4,normal,
False,False,1438,6352.52,0,1,2,normal,
False,False,1675,6913.72,4,0,4,normal,
False,False,855,17702.54,0,0,2,normal,
False,False,1719,15735.76,3,1,2,normal,
False,False,822,5851.99,1,1,1,normal,
False,False,68,17886.59,4,0,3,normal,
False,False,1113,20347.05,3,1,2,normal,
False,False,1380,38242.7,2,1,4,normal,
False,False,201,5966.98,0,0,5,normal,
False,False,1520,28295.53,2,1,2,normal,
False,False,1993,37346.53,0,1,2,normal,
False,False,1622,15137.04,0,0,1,normal,
False,False,1633,34368.43,3,0,3,normal,
False,False,1022,23441.96,1,0,4,normal,
False,False,589,38768.96,3,1,1,normal,
False,False,1624,17714.26,1,0,3,normal,
False,False,894,31767.91,1,0,1,normal,
False,False,1919,14545.07,1,1,3,normal,
False,False,1588,18699.28,3,1,4,normal,
False,False,1726,20346.2,2,0,5,normal,
True,True,3,63952.11,2,1,1,anomaly,new_account_large_order
False,False,1774,25292.41,1,1,4,normal,
False,False,1853,8400.96,2,0,1,normal,
False,True,675,1976.42,3,1,3,normal,
False,True,439,15487.41,0,1,3,normal,
False,False,1783,6783.13,3,0,1,normal,
False,False,1414,24513.03,3,0,4,normal,
True,False,1547,13745.71,1,0,3,normal,
False,False,695,18094.65,4,0,2,normal,
False,False,1405,9437.29,4,1,4,normal,
False,True,1354,39161.11,4,0,4,normal,
False,False,527,20232.16,0,0,4,normal,
True,False,139,33071.01,4,0,5,normal,
False,False,1178,1343.78,2,0,2,normal,
False,False,486,15697.49,2,1,3,normal,
False,False,1057,8394.91,3,1,4,normal,
False,False,276,39181.26,1,0,3,normal,
True,False,1014,16454.5,0,1,1,normal,
False,False,1909,27671.44,3,0,3,normal,
False,False,221,10277.7,1,1,3,normal,
False,False,410,27938.21,0,0,2,normal,
False,False,597,38741.71,0,0,3,normal,
False,False,1874,18188.25,2,0,3,normal,
False,False,618,7422.71,1,0,5,normal,
False,False,1519,29224.99,0,0,5,normal,
False,False,1948,24915.95,2,0,4,normal,
False,False,284,12739.33,0,1,2,normal,
False,False,74,12215.3,2,0,1,normal,
False,False,390,37908.39,2,0,1,normal,
False,False,1067,17759.75,0,1,5,normal,
True,True,253,31576.22,2,0,2,anomaly,impossible_location_change
False,False,595,25665.18,1,1,3,normal,
False,False,151,763.99,1,1,2,normal,
False,False,1171,23381.55,4,0,5,normal,
False,False,674,29052.54,4,1,1,normal,
False,False,1998,2619.88,2,0,1,normal,
False,False,39,6190.79,1,0,5,normal,
False,False,809,28951.56,0,1,3,normal,
False,False,351,8779.52,1,0,2,normal,
False,False,604,17274.37,0,1,1,normal,
False,False,141,16202.79,3,0,1,normal,
True,False,257,23239.09,4,0,1,normal,
False,False,1547,10287.32,21,1,3,anomaly,unusual_trading_velocity
False,False,785,33046.76,0,1,2,normal,
False,False,523,28756.58,3,1,2,normal,
False,False,1757,25524.57,3,1,3,normal,
False,False,805,39737.79,1,1,3,normal,
False,False,1297,14945.34,3,1,4,normal,
False,False,861,36802.43,3,0,2,normal,
False,False,1890,6497.98,4,1,2,normal,
False,False,645,6984.27,1,0,4,normal,
False,False,1446,14234.94,0,1,2,normal,
False,False,1236,20105.21,4,1,5,normal,
False,False,629,24389.28,1,0,2,normal,
False,True,1106,5381.76,2,1,5,normal,
False,False,6,129751.08,1,1,3,anomaly,new_account_large_order
False,False,633,27761.99,0,1,2,normal,
False,True,857,4767.2,1,1,2,anomaly,impossible_location_change
False,False,456,35472.6,1,1,5,normal,
False,False,1115,22945.6,4,0,5,normal,
False,False,935,6386.66,1,1,3,normal,
False,False,642,13540.6,0,0,1,normal,
False,True,464,29276.66,2,1,1,normal,
False,False,1519,14373.54,3,0,1,normal,
True,False,1328,72184.81,1,1,1,anomaly,account_takeover
False,False,1816,39652.41,0,1,3,normal,
False,False,1597,29601.58,3,1,3,normal,
True,False,931,34770.79,1,0,3,normal,
False,False,134,17853.19,1,0,3,normal,
False,False,1184,13355.42,4,1,3,normal,
False,False,1094,14544.8,4,1,5,normal,
False,False,749,9620.18,2,0,2,normal,
False,False,84,15845.65,2,0,1,normal,
False,False,1883,6022.51,0,0,3,normal,
False,False,1360,28713.71,2,0,2,normal,
False,False,1302,32131.15,2,1,2,normal,
False,False,1515,34967.64,1,1,4,normal,
False,False,526,33269.37,0,1,2,normal,
False,False,302,18986.78,2,1,2,normal,
False,False,289,7836.68,0,0,4,normal,
False,False,1587,36566.9,2,1,3,normal,
False,False,1729,2585.06,1,1,4,normal,
False,False,1970,21976.2,0,0,3,normal,
False,False,740,26632.61,0,1,3,normal,
False,False,1859,31608.54,2,1,3,normal,
False,False,569,3587.87,1,0,3,normal,
False,False,568,39875.52,4,1,2,normal,
True,True,1128,36131.92,2,0,2,anomaly,impossible_location_change
False,False,51,25993.2,4,0,1,normal,
False,False,228,13407.33,2,0,1,normal,
False,False,1230,38626.81,4,0,5,normal,
False,False,1375,34775.57,4,1,2,normal,
False,False,1123,31366.69,2,1,4,normal,
False,False,1439,35179.72,1,1,2,normal,
False,False,214,31842.56,3,1,2,normal,
False,False,934,21250.9,0,1,2,normal,
False,False,1630,32326.0,4,0,1,normal,
False,False,1906,28316.53,1,1,4,normal,
False,False,1216,4110.42,0,1,2,normal,
False,False,1652,36265.28,3,1,4,normal,
False,False,1611,7559.86,0,1,5,normal,
False,False,455,32312.7,1,0,2,normal,
False,False,623,35513.15,2,1,4,normal,
False,False,1483,10320.42,0,0,4,normal,
False,False,189,14697.18,4,0,5,normal,
False,False,594,27493.92,1,0,3,normal,
True,False,1676,23928.99,3,1,4,normal,
False,False,1755,19245.87,1,1,1,normal,
False,False,1039,34456.35,1,1,4,normal,
False,False,1602,33421.62,2,1,3,normal,
False,False,667,8502.66,0,0,4,normal,
False,False,1398,31964.8,2,0,2,normal,
False,False,1955,14831.08,1,0,4,normal,
False,False,1171,4735.25,0,1,1,normal,
False,False,1022,35493.27,3,0,4,normal,
False,False,679,36652.61,1,0,4,normal,
False,False,1939,4269.04,4,1,4,normal,
False,False,91,9261.14,3,0,4,normal,
False,False,124,3526.16,1,1,2,normal,
False,False,1100,11596.77,3,0,2,normal,
False,False,1363,18384.09,0,1,2,normal,
False,False,452,25470.7,1,0,3,normal,
False,False,1112,36454.87,4,0,2,normal,
False,False,39,13659.32,3,1,3,normal,
False,False,691,16113.55,3,0,1,normal,
False,False,1949,25108.26,0,1,3,normal,
False,False,1587,8702.62,0,1,5,normal,
False,False,1747,27470.53,1,0,1,normal,
False,False,1579,27765.76,3,0,4,normal,
False,True,924,16365.22,2,1,2,anomaly,impossible_location_change
False,False,1394,14328.84,2,1,1,normal,
False,False,1451,8984.45,2,0,5,normal,
False,False,1954,38623.24,2,1,1,normal,
False,False,1787,31411.93,2,0,2,normal,
False,False,780,27969.9,3,1,5,normal,
False,False,679,39136.61,4,0,1,normal,
False,False,1658,13350.67,3,0,2,normal,
False,False,1352,110225.22,1,6,1,anomaly,failed_mpin_then_large_order
True,False,0,119548.11,0,0,3,anomaly,new_account_large_order
False,False,1378,22628.55,0,0,4,normal,
